Probentyp;Probenahmestelle;Geo Point;X-Koordinate;Y-Koordinate;Probenahmedatum;Entnahmezeit;Probenahmedauer;Reihenfolge;Gruppe;Parameter;Bestimmungsgrenze;Wert;Wert numerisch;Einheit;Auftragsnummer;Probennummer;Resultatnummer;Automatische Auswertung;CAS-Bezeichnung;BAFU-Bezeichnung;Allgemeine Parametergruppe;Probenahmedatum_date;Probenahmejahr
WASSER;GEW_WIESE_HOCHBERGER165_R_UFER;47.58222784022979, 7.589888642709256;2611380;1270181;14.07.2026;09:20;STICHPROBE;301900;PFAS;DONA_Perfluor-4,8-dioxa-3H-nonansäure;0.0002;<0.0002;;µg/L;12026010109;22026070322;4502657131;False;919005-14-4;DONA;;2026-07-14;2026
WASSER;GEW_WIESE_HOCHBERGER165_R_UFER;47.58222784022979, 7.589888642709256;2611380;1270181;14.07.2026;09:20;STICHPROBE;302400;PFAS;N-MeFOSA_N-Methylperfluoroctansulfonamid;0.0007;<0.0007;;µg/L;12026010109;22026070322;4502657125;False;31506-32-8;N-MeFOSA;SpurenstoffeOrganisch;2026-07-14;2026
WASSER;GEW_WIESE_HOCHBERGER165_R_UFER;47.58222784022979, 7.589888642709256;2611380;1270181;14.07.2026;09:20;STICHPROBE;303100;PFAS;PFDoDA_Perfluordodekansäure;0.0006;<0.0006;;µg/L;12026010109;22026070322;4502657120;False;307-55-1;PFDoDA;SpurenstoffeOrganisch;2026-07-14;2026
WASSER;GEW_WIESE_HOCHBERGER165_R_UFER;47.58222784022979, 7.589888642709256;2611380;1270181;14.07.2026;09:20;STICHPROBE;303300;PFAS;PFDS_Perfluordekansulfonsäure;0.0005;<0.0005;;µg/L;12026010109;22026070322;4502657118;False;335-77-3;PFDS;SpurenstoffeOrganisch;2026-07-14;2026
WASSER;GEW_WIESE_HOCHBERGER165_R_UFER;47.58222784022979, 7.589888642709256;2611380;1270181;14.07.2026;09:20;STICHPROBE;303700;PFAS;PFHxA_Perfluorhexansäure;0.0005;0.0020;0.002;µg/L;12026010109;22026070322;4502657139;False;307-24-4;PFHxA;SpurenstoffeOrganisch;2026-07-14;2026
WASSER;GEW_WIESE_HOCHBERGER165_R_UFER;47.58222784022979, 7.589888642709256;2611380;1270181;14.07.2026;09:20;STICHPROBE;303900;PFAS;PFHxS_Perfluorhexansulfonsäure;0.0002;0.0008;0.0008;µg/L;12026010109;22026070322;4502657110;False;355-46-4;PFHxS;SpurenstoffeOrganisch;2026-07-14;2026
WASSER;GEW_WIESE_HOCHBERGER165_R_UFER;47.58222784022979, 7.589888642709256;2611380;1270181;14.07.2026;09:20;STICHPROBE;304100;PFAS;PFNA_Perfluornonansäure;0.0005;<0.0005;;µg/L;12026010109;22026070322;4502657115;False;375-95-1;PFNA;SpurenstoffeOrganisch;2026-07-14;2026
WASSER;GEW_WIESE_HOCHBERGER165_R_UFER;47.58222784022979, 7.589888642709256;2611380;1270181;14.07.2026;09:20;STICHPROBE;304500;PFAS;PFOS_Perfluoroctansulfonsäure;0.0003;0.0034;0.0034;µg/L;12026010109;22026070322;4502657114;False;1763-23-1;PFOS;SpurenstoffeOrganisch;2026-07-14;2026
WASSER;GEW_WIESE_HOCHBERGER165_R_UFER;47.58222784022979, 7.589888642709256;2611380;1270181;14.07.2026;09:20;STICHPROBE;304600;PFAS;PFOSA_Perfluoroctansulfonamid;0.0003;<0.0003;;µg/L;12026010109;22026070322;4502657129;False;754-91-6;PFOSA;;2026-07-14;2026
WASSER;GEW_WIESE_HOCHBERGER165_R_UFER;47.58222784022979, 7.589888642709256;2611380;1270181;14.07.2026;09:20;STICHPROBE;304700;PFAS;PFPeA_Perfluorpentansäure;0.0005;0.0019;0.0019;µg/L;12026010109;22026070322;4502657137;False;2706-90-3;PFPeA;SpurenstoffeOrganisch;2026-07-14;2026
WASSER;GEW_WIESE_HOCHBERGER165_R_UFER;47.58222784022979, 7.589888642709256;2611380;1270181;14.07.2026;09:20;STICHPROBE;305700;PFAS;TFA_Trifluoressigsäure;0.1;0.69;0.69;µg/L;12026010109;22026070322;4502657108;False;76-05-1;TFA;;2026-07-14;2026
WASSER;GEW_WIESE_HOCHBERGER165_R_UFER;47.58222784022979, 7.589888642709256;2611380;1270181;14.07.2026;09:20;STICHPROBE;300600;PFAS;6:2-FTAB_CapstoneB;0.015;<0.015;;µg/L;12026010109;22026070322;4502657134;False;34455-29-3;6_2-FTAB;;2026-07-14;2026
WASSER;GEW_WIESE_HOCHBERGER165_R_UFER;47.58222784022979, 7.589888642709256;2611380;1270181;14.07.2026;09:20;STICHPROBE;300800;PFAS;6:2-FTNO_CapstoneA;0.01;<0.010;;µg/L;12026010109;22026070322;4502657133;False;80475-32-7;6_2-FTNO;;2026-07-14;2026
WASSER;GEW_WIESE_HOCHBERGER165_R_UFER;47.58222784022979, 7.589888642709256;2611380;1270181;14.07.2026;09:20;STICHPROBE;301000;PFAS;6:2-FTS_1H,1H,2H,2H-Perfluoroctansulfonsäure;0.002;<0.0020;;µg/L;12026010109;22026070322;4502657123;False;27619-97-2;6_2-FTS;SpurenstoffeOrganisch;2026-07-14;2026
WASSER;GEW_WIESE_HOCHBERGER165_R_UFER;47.58222784022979, 7.589888642709256;2611380;1270181;14.07.2026;09:20;STICHPROBE;302000;PFAS;FOSAA_Perfluoroctansulfonamidoessigsäure;0.0005;<0.0005;;µg/L;12026010109;22026070322;4502657127;False;2806-24-8;FOSAA;SpurenstoffeOrganisch;2026-07-14;2026
WASSER;GEW_WIESE_HOCHBERGER165_R_UFER;47.58222784022979, 7.589888642709256;2611380;1270181;14.07.2026;09:20;STICHPROBE;302200;PFAS;N-EtFOSAA_N-Ethylperfluoroctansulfonamidoessigsäure;0.0007;<0.0007;;µg/L;12026010109;22026070322;4502657124;False;2991-50-6;N-EtFOSAA;SpurenstoffeOrganisch;2026-07-14;2026
WASSER;GEW_WIESE_HOCHBERGER165_R_UFER;47.58222784022979, 7.589888642709256;2611380;1270181;14.07.2026;09:20;STICHPROBE;302500;PFAS;N-MeFOSAA_N-Methylperfluoroctansulfonamidoessigsäure;0.0005;<0.0005;;µg/L;12026010109;22026070322;4502657126;False;2355-31-9;N-MeFOSAA;SpurenstoffeOrganisch;2026-07-14;2026
WASSER;GEW_WIESE_HOCHBERGER165_R_UFER;47.58222784022979, 7.589888642709256;2611380;1270181;14.07.2026;09:20;STICHPROBE;302700;PFAS;PFBA_Perfluorbutansäure;0.0015;0.0016;0.0016;µg/L;12026010109;22026070322;4502657135;False;375-22-4;PFBA;SpurenstoffeOrganisch;2026-07-14;2026
WASSER;GEW_WIESE_HOCHBERGER165_R_UFER;47.58222784022979, 7.589888642709256;2611380;1270181;14.07.2026;09:20;STICHPROBE;302900;PFAS;PFDA_Perfluordekansäure;0.0005;<0.0005;;µg/L;12026010109;22026070322;4502657117;False;335-76-2;PFDA;SpurenstoffeOrganisch;2026-07-14;2026
WASSER;GEW_WIESE_HOCHBERGER165_R_UFER;47.58222784022979, 7.589888642709256;2611380;1270181;14.07.2026;09:20;STICHPROBE;304200;PFAS;PFNS_Perfluornonansulfonsäure;0.0005;<0.0005;;µg/L;12026010109;22026070322;4502657116;False;68259-12-1;PFNS;SpurenstoffeOrganisch;2026-07-14;2026
WASSER;GEW_WIESE_HOCHBERGER165_R_UFER;47.58222784022979, 7.589888642709256;2611380;1270181;14.07.2026;09:20;STICHPROBE;304800;PFAS;PFPeS_Perfluorpentansulfonsäure;0.0005;<0.0005;;µg/L;12026010109;22026070322;4502657138;False;2706-91-4;PFPeS;SpurenstoffeOrganisch;2026-07-14;2026
WASSER;GEW_WIESE_HOCHBERGER165_R_UFER;47.58222784022979, 7.589888642709256;2611380;1270181;14.07.2026;09:20;STICHPROBE;304900;PFAS;PFPrA_Pentafluorpropionsäure;0.01;0.035;0.035;µg/L;12026010109;22026070322;4502657109;False;422-64-0;PFPrA;;2026-07-14;2026
WASSER;GEW_WIESE_HOCHBERGER165_R_UFER;47.58222784022979, 7.589888642709256;2611380;1270181;14.07.2026;09:20;STICHPROBE;305000;PFAS;PFPrOPrA_Perfluor-2-propoxypropansäure;0.0002;<0.0002;;µg/L;12026010109;22026070322;4502657130;False;13252-13-6;PFPrOPrA;;2026-07-14;2026
WASSER;GEW_WIESE_HOCHBERGER165_R_UFER;47.58222784022979, 7.589888642709256;2611380;1270181;14.07.2026;09:20;STICHPROBE;305500;PFAS;PFUnDA_Perfluorundekansäure;0.0005;<0.0005;;µg/L;12026010109;22026070322;4502657119;False;2058-94-8;PFUnDA;SpurenstoffeOrganisch;2026-07-14;2026
WASSER;GEW_WIESE_HOCHBERGER165_R_UFER;47.58222784022979, 7.589888642709256;2611380;1270181;14.07.2026;09:20;STICHPROBE;300500;PFAS;6:2-Cl-PFESA_9-Chlorhexadecafluor-3-oxanonan-1-sulfonsäure;0.0003;<0.0003;;µg/L;12026010109;22026070322;4502657132;False;756426-58-1;6_2-Cl-PFESA;;2026-07-14;2026
WASSER;GEW_WIESE_HOCHBERGER165_R_UFER;47.58222784022979, 7.589888642709256;2611380;1270181;14.07.2026;09:20;STICHPROBE;301500;PFAS;8:2-FTS_1H,1H,2H,2H-Perfluordekansulfonsäure;0.0006;<0.0006;;µg/L;12026010109;22026070322;4502657122;False;39108-34-4;8_2-FTS;SpurenstoffeOrganisch;2026-07-14;2026
WASSER;GEW_WIESE_HOCHBERGER165_R_UFER;47.58222784022979, 7.589888642709256;2611380;1270181;14.07.2026;09:20;STICHPROBE;302100;PFAS;N-EtFOSA_N-Ethylperfluoroctansulfonamid;0.0003;<0.0003;;µg/L;12026010109;22026070322;4502657128;False;4151-50-2;N-EtFOSA;;2026-07-14;2026
WASSER;GEW_WIESE_HOCHBERGER165_R_UFER;47.58222784022979, 7.589888642709256;2611380;1270181;14.07.2026;09:20;STICHPROBE;302800;PFAS;PFBS_Perfluorbutansulfonsäure;0.0003;0.0022;0.0022;µg/L;12026010109;22026070322;4502657136;False;375-73-5;PFBS;SpurenstoffeOrganisch;2026-07-14;2026
WASSER;GEW_WIESE_HOCHBERGER165_R_UFER;47.58222784022979, 7.589888642709256;2611380;1270181;14.07.2026;09:20;STICHPROBE;303500;PFAS;PFHpA_Perfluorheptansäure;0.0003;0.0006;0.0006;µg/L;12026010109;22026070322;4502657111;False;375-85-9;PFHpA;SpurenstoffeOrganisch;2026-07-14;2026
WASSER;GEW_WIESE_HOCHBERGER165_R_UFER;47.58222784022979, 7.589888642709256;2611380;1270181;14.07.2026;09:20;STICHPROBE;303600;PFAS;PFHpS_Perfluorheptansulfonsäure;0.0003;<0.0003;;µg/L;12026010109;22026070322;4502657112;False;375-92-8;PFHpS;SpurenstoffeOrganisch;2026-07-14;2026
WASSER;GEW_WIESE_HOCHBERGER165_R_UFER;47.58222784022979, 7.589888642709256;2611380;1270181;14.07.2026;09:20;STICHPROBE;304300;PFAS;PFOA_Perfluoroctansäure;0.0003;0.0021;0.0021;µg/L;12026010109;22026070322;4502657113;False;335-67-1;PFOA;SpurenstoffeOrganisch;2026-07-14;2026
WASSER;GEW_WIESE_HOCHBERGER165_R_UFER;47.58222784022979, 7.589888642709256;2611380;1270181;14.07.2026;09:20;STICHPROBE;305300;PFAS;PFTrDA_Perfluortridekansäure;0.001;<0.0010;;µg/L;12026010109;22026070322;4502657121;False;72629-94-8;PFTrDA;SpurenstoffeOrganisch;2026-07-14;2026
WASSER;GEW_BIRSIG_HEUW;47.55097972327865, 7.585987477644601;2611093;1266706;02.06.2026;11:15;STICHPROBE;300500;PFAS;6:2-Cl-PFESA_9-Chlorhexadecafluor-3-oxanonan-1-sulfonsäure;0.0003;<0.0003;;µg/L;12026010109;22026060380;4502616181;False;756426-58-1;6_2-Cl-PFESA;;2026-06-02;2026
WASSER;GEW_ST_ALBANTEICH_MUEHLEGRABEN;47.553653455429334, 7.604155814845382;2612460;1267006;02.06.2026;10:50;STICHPROBE;300500;PFAS;6:2-Cl-PFESA_9-Chlorhexadecafluor-3-oxanonan-1-sulfonsäure;0.0003;<0.0003;;µg/L;12026010109;22026060384;4502616143;False;756426-58-1;6_2-Cl-PFESA;;2026-06-02;2026
WASSER;GEW_BACHGRABEN_SCHWIMM;47.56165132367818, 7.557980791390445;2608983;1267889;02.06.2026;12:05;STICHPROBE;300600;PFAS;6:2-FTAB_CapstoneB;0.015;<0.015;;µg/L;12026010109;22026060378;4502616221;False;34455-29-3;6_2-FTAB;;2026-06-02;2026
WASSER;GEW_BIRS_BIRSK;47.55697000773648, 7.617757783797172;2613483;1267377;02.06.2026;10:30;STICHPROBE;301000;PFAS;6:2-FTS_1H,1H,2H,2H-Perfluoroctansulfonsäure;0.005;<0.005;;µg/L;12026010108;22026060198;4502616246;False;27619-97-2;6_2-FTS;SpurenstoffeOrganisch;2026-06-02;2026
WASSER;GEW_BACHGRABEN_SCHWIMM;47.56165132367818, 7.557980791390445;2608983;1267889;02.06.2026;12:05;STICHPROBE;301000;PFAS;6:2-FTS_1H,1H,2H,2H-Perfluoroctansulfonsäure;0.005;<0.005;;µg/L;12026010109;22026060378;4502616210;False;27619-97-2;6_2-FTS;SpurenstoffeOrganisch;2026-06-02;2026
WASSER;GEW_BACHGRABEN_SCHWIMM;47.56165132367818, 7.557980791390445;2608983;1267889;02.06.2026;12:05;STICHPROBE;301500;PFAS;8:2-FTS_1H,1H,2H,2H-Perfluordekansulfonsäure;0.0006;<0.0006;;µg/L;12026010109;22026060378;4502616209;False;39108-34-4;8_2-FTS;SpurenstoffeOrganisch;2026-06-02;2026
WASSER;GEW_ST_ALBANTEICH_MUEHLEGRABEN;47.553653455429334, 7.604155814845382;2612460;1267006;02.06.2026;10:50;STICHPROBE;301500;PFAS;8:2-FTS_1H,1H,2H,2H-Perfluordekansulfonsäure;0.0006;<0.0006;;µg/L;12026010109;22026060384;4502616133;False;39108-34-4;8_2-FTS;SpurenstoffeOrganisch;2026-06-02;2026
WASSER;GEW_WIESE_HOCHBERGER165_R_UFER;47.58222784022979, 7.589888642709256;2611380;1270181;02.06.2026;09:15;STICHPROBE;301500;PFAS;8:2-FTS_1H,1H,2H,2H-Perfluordekansulfonsäure;0.0006;<0.0006;;µg/L;12026010109;22026060386;4502616108;False;39108-34-4;8_2-FTS;SpurenstoffeOrganisch;2026-06-02;2026
WASSER;GEW_ST_ALBANTEICH_MUEHLEGRABEN;47.553653455429334, 7.604155814845382;2612460;1267006;02.06.2026;10:50;STICHPROBE;301900;PFAS;DONA_Perfluor-4,8-dioxa-3H-nonansäure;0.0002;<0.0002;;µg/L;12026010109;22026060384;4502616142;False;919005-14-4;DONA;;2026-06-02;2026
WASSER;GEW_WIESE_HOCHBERGER165_R_UFER;47.58222784022979, 7.589888642709256;2611380;1270181;02.06.2026;09:15;STICHPROBE;301900;PFAS;DONA_Perfluor-4,8-dioxa-3H-nonansäure;0.0002;<0.0002;;µg/L;12026010109;22026060386;4502616117;False;919005-14-4;DONA;;2026-06-02;2026
WASSER;GEW_BACHGRABEN_SCHWIMM;47.56165132367818, 7.557980791390445;2608983;1267889;02.06.2026;12:05;STICHPROBE;302000;PFAS;FOSAA_Perfluoroctansulfonamidoessigsäure;0.0005;<0.0005;;µg/L;12026010109;22026060378;4502616214;False;2806-24-8;FOSAA;SpurenstoffeOrganisch;2026-06-02;2026
WASSER;GEW_ST_ALBANTEICH_MUEHLEGRABEN;47.553653455429334, 7.604155814845382;2612460;1267006;02.06.2026;10:50;STICHPROBE;302000;PFAS;FOSAA_Perfluoroctansulfonamidoessigsäure;0.0005;<0.0005;;µg/L;12026010109;22026060384;4502616138;False;2806-24-8;FOSAA;SpurenstoffeOrganisch;2026-06-02;2026
WASSER;GEW_BIRSIG_HEUW;47.55097972327865, 7.585987477644601;2611093;1266706;02.06.2026;11:15;STICHPROBE;302100;PFAS;N-EtFOSA_N-Ethylperfluoroctansulfonamid;0.0003;<0.0003;;µg/L;12026010109;22026060380;4502616177;False;4151-50-2;N-EtFOSA;;2026-06-02;2026
WASSER;GEW_ST_ALBANTEICH_MUEHLEGRABEN;47.553653455429334, 7.604155814845382;2612460;1267006;02.06.2026;10:50;STICHPROBE;302100;PFAS;N-EtFOSA_N-Ethylperfluoroctansulfonamid;0.0003;<0.0003;;µg/L;12026010109;22026060384;4502616139;False;4151-50-2;N-EtFOSA;;2026-06-02;2026
WASSER;GEW_BIRS_BIRSK;47.55697000773648, 7.617757783797172;2613483;1267377;02.06.2026;10:30;STICHPROBE;302200;PFAS;N-EtFOSAA_N-Ethylperfluoroctansulfonamidoessigsäure;0.0007;<0.0007;;µg/L;12026010108;22026060198;4502616247;False;2991-50-6;N-EtFOSAA;SpurenstoffeOrganisch;2026-06-02;2026
WASSER;GEW_BIRSIG_HEUW;47.55097972327865, 7.585987477644601;2611093;1266706;02.06.2026;11:15;STICHPROBE;302400;PFAS;N-MeFOSA_N-Methylperfluoroctansulfonamid;0.0007;<0.0007;;µg/L;12026010109;22026060380;4502616174;False;31506-32-8;N-MeFOSA;SpurenstoffeOrganisch;2026-06-02;2026
WASSER;GEW_WIESE_HOCHBERGER165_R_UFER;47.58222784022979, 7.589888642709256;2611380;1270181;02.06.2026;09:15;STICHPROBE;302400;PFAS;N-MeFOSA_N-Methylperfluoroctansulfonamid;0.0007;<0.0007;;µg/L;12026010109;22026060386;4502616111;False;31506-32-8;N-MeFOSA;SpurenstoffeOrganisch;2026-06-02;2026
WASSER;GEW_BIRS_BIRSK;47.55697000773648, 7.617757783797172;2613483;1267377;02.06.2026;10:30;STICHPROBE;302500;PFAS;N-MeFOSAA_N-Methylperfluoroctansulfonamidoessigsäure;0.0005;<0.0005;;µg/L;12026010108;22026060198;4502616249;False;2355-31-9;N-MeFOSAA;SpurenstoffeOrganisch;2026-06-02;2026
WASSER;GEW_BACHGRABEN_SCHWIMM;47.56165132367818, 7.557980791390445;2608983;1267889;02.06.2026;12:05;STICHPROBE;302500;PFAS;N-MeFOSAA_N-Methylperfluoroctansulfonamidoessigsäure;0.0005;<0.0005;;µg/L;12026010109;22026060378;4502616213;False;2355-31-9;N-MeFOSAA;SpurenstoffeOrganisch;2026-06-02;2026
WASSER;GEW_BIRSIG_HEUW;47.55097972327865, 7.585987477644601;2611093;1266706;02.06.2026;11:15;STICHPROBE;302500;PFAS;N-MeFOSAA_N-Methylperfluoroctansulfonamidoessigsäure;0.0005;<0.0005;;µg/L;12026010109;22026060380;4502616175;False;2355-31-9;N-MeFOSAA;SpurenstoffeOrganisch;2026-06-02;2026
WASSER;GEW_WIESE_HOCHBERGER165_R_UFER;47.58222784022979, 7.589888642709256;2611380;1270181;02.06.2026;09:15;STICHPROBE;302500;PFAS;N-MeFOSAA_N-Methylperfluoroctansulfonamidoessigsäure;0.0005;<0.0005;;µg/L;12026010109;22026060386;4502616112;False;2355-31-9;N-MeFOSAA;SpurenstoffeOrganisch;2026-06-02;2026
WASSER;GEW_BIRS_BIRSK;47.55697000773648, 7.617757783797172;2613483;1267377;02.06.2026;10:30;STICHPROBE;302700;PFAS;PFBA_Perfluorbutansäure;0.0015;0.0020;0.002;µg/L;12026010108;22026060198;4502616258;False;375-22-4;PFBA;SpurenstoffeOrganisch;2026-06-02;2026
WASSER;GEW_BACHGRABEN_SCHWIMM;47.56165132367818, 7.557980791390445;2608983;1267889;02.06.2026;12:05;STICHPROBE;302700;PFAS;PFBA_Perfluorbutansäure;0.0015;0.0020;0.002;µg/L;12026010109;22026060378;4502616222;False;375-22-4;PFBA;SpurenstoffeOrganisch;2026-06-02;2026
WASSER;GEW_WIESE_HOCHBERGER165_R_UFER;47.58222784022979, 7.589888642709256;2611380;1270181;02.06.2026;09:15;STICHPROBE;302800;PFAS;PFBS_Perfluorbutansulfonsäure;0.0003;0.0013;0.0013;µg/L;12026010109;22026060386;4502616092;False;375-73-5;PFBS;SpurenstoffeOrganisch;2026-06-02;2026
WASSER;GEW_ST_ALBANTEICH_MUEHLEGRABEN;47.553653455429334, 7.604155814845382;2612460;1267006;02.06.2026;10:50;STICHPROBE;303300;PFAS;PFDS_Perfluordekansulfonsäure;0.0005;<0.0005;;µg/L;12026010109;22026060384;4502616129;False;335-77-3;PFDS;SpurenstoffeOrganisch;2026-06-02;2026
WASSER;GEW_WIESE_HOCHBERGER165_R_UFER;47.58222784022979, 7.589888642709256;2611380;1270181;02.06.2026;09:15;STICHPROBE;303300;PFAS;PFDS_Perfluordekansulfonsäure;0.0005;<0.0005;;µg/L;12026010109;22026060386;4502616104;False;335-77-3;PFDS;SpurenstoffeOrganisch;2026-06-02;2026
WASSER;GEW_BACHGRABEN_SCHWIMM;47.56165132367818, 7.557980791390445;2608983;1267889;02.06.2026;12:05;STICHPROBE;303500;PFAS;PFHpA_Perfluorheptansäure;0.0003;0.0023;0.0023;µg/L;12026010109;22026060378;4502616228;False;375-85-9;PFHpA;SpurenstoffeOrganisch;2026-06-02;2026
WASSER;GEW_WIESE_HOCHBERGER165_R_UFER;47.58222784022979, 7.589888642709256;2611380;1270181;02.06.2026;09:15;STICHPROBE;303500;PFAS;PFHpA_Perfluorheptansäure;0.0003;0.0005;0.0005;µg/L;12026010109;22026060386;4502616097;False;375-85-9;PFHpA;SpurenstoffeOrganisch;2026-06-02;2026
WASSER;GEW_BACHGRABEN_SCHWIMM;47.56165132367818, 7.557980791390445;2608983;1267889;02.06.2026;12:05;STICHPROBE;303600;PFAS;PFHpS_Perfluorheptansulfonsäure;0.0003;<0.0003;;µg/L;12026010109;22026060378;4502616229;False;375-92-8;PFHpS;SpurenstoffeOrganisch;2026-06-02;2026
WASSER;GEW_BACHGRABEN_SCHWIMM;47.56165132367818, 7.557980791390445;2608983;1267889;02.06.2026;12:05;STICHPROBE;303700;PFAS;PFHxA_Perfluorhexansäure;0.0005;0.0067;0.0067;µg/L;12026010109;22026060378;4502616226;False;307-24-4;PFHxA;SpurenstoffeOrganisch;2026-06-02;2026
WASSER;GEW_WIESE_HOCHBERGER165_R_UFER;47.58222784022979, 7.589888642709256;2611380;1270181;02.06.2026;09:15;STICHPROBE;303700;PFAS;PFHxA_Perfluorhexansäure;0.0005;0.0012;0.0012;µg/L;12026010109;22026060386;4502616095;False;307-24-4;PFHxA;SpurenstoffeOrganisch;2026-06-02;2026
WASSER;GEW_BACHGRABEN_SCHWIMM;47.56165132367818, 7.557980791390445;2608983;1267889;02.06.2026;12:05;STICHPROBE;303900;PFAS;PFHxS_Perfluorhexansulfonsäure;0.0002;0.0047;0.0047;µg/L;12026010109;22026060378;4502616227;False;355-46-4;PFHxS;SpurenstoffeOrganisch;2026-06-02;2026
WASSER;GEW_BIRSIG_HEUW;47.55097972327865, 7.585987477644601;2611093;1266706;02.06.2026;11:15;STICHPROBE;303900;PFAS;PFHxS_Perfluorhexansulfonsäure;0.0002;0.0046;0.0046;µg/L;12026010109;22026060380;4502616189;False;355-46-4;PFHxS;SpurenstoffeOrganisch;2026-06-02;2026
WASSER;GEW_ST_ALBANTEICH_MUEHLEGRABEN;47.553653455429334, 7.604155814845382;2612460;1267006;02.06.2026;10:50;STICHPROBE;303900;PFAS;PFHxS_Perfluorhexansulfonsäure;0.0002;0.0016;0.0016;µg/L;12026010109;22026060384;4502616151;False;355-46-4;PFHxS;SpurenstoffeOrganisch;2026-06-02;2026
WASSER;GEW_BIRS_BIRSK;47.55697000773648, 7.617757783797172;2613483;1267377;02.06.2026;10:30;STICHPROBE;304100;PFAS;PFNA_Perfluornonansäure;0.0005;<0.0005;;µg/L;12026010108;22026060198;4502616268;False;375-95-1;PFNA;SpurenstoffeOrganisch;2026-06-02;2026
WASSER;GEW_BACHGRABEN_SCHWIMM;47.56165132367818, 7.557980791390445;2608983;1267889;02.06.2026;12:05;STICHPROBE;304200;PFAS;PFNS_Perfluornonansulfonsäure;0.0005;<0.0005;;µg/L;12026010109;22026060378;4502616233;False;68259-12-1;PFNS;SpurenstoffeOrganisch;2026-06-02;2026
WASSER;GEW_WIESE_HOCHBERGER165_R_UFER;47.58222784022979, 7.589888642709256;2611380;1270181;02.06.2026;09:15;STICHPROBE;304200;PFAS;PFNS_Perfluornonansulfonsäure;0.0005;<0.0005;;µg/L;12026010109;22026060386;4502616102;False;68259-12-1;PFNS;SpurenstoffeOrganisch;2026-06-02;2026
WASSER;GEW_ST_ALBANTEICH_MUEHLEGRABEN;47.553653455429334, 7.604155814845382;2612460;1267006;02.06.2026;10:50;STICHPROBE;304300;PFAS;PFOA_Perfluoroctansäure;0.0003;0.0015;0.0015;µg/L;12026010109;22026060384;4502616154;False;335-67-1;PFOA;SpurenstoffeOrganisch;2026-06-02;2026
WASSER;GEW_BACHGRABEN_SCHWIMM;47.56165132367818, 7.557980791390445;2608983;1267889;02.06.2026;12:05;STICHPROBE;304500;PFAS;PFOS_Perfluoroctansulfonsäure;0.0003;0.0031;0.0031;µg/L;12026010109;22026060378;4502616231;False;1763-23-1;PFOS;SpurenstoffeOrganisch;2026-06-02;2026
WASSER;GEW_ST_ALBANTEICH_MUEHLEGRABEN;47.553653455429334, 7.604155814845382;2612460;1267006;02.06.2026;10:50;STICHPROBE;304500;PFAS;PFOS_Perfluoroctansulfonsäure;0.0003;0.0039;0.0039;µg/L;12026010109;22026060384;4502616155;False;1763-23-1;PFOS;SpurenstoffeOrganisch;2026-06-02;2026
WASSER;GEW_ST_ALBANTEICH_MUEHLEGRABEN;47.553653455429334, 7.604155814845382;2612460;1267006;02.06.2026;10:50;STICHPROBE;304600;PFAS;PFOSA_Perfluoroctansulfonamid;0.0003;<0.0003;;µg/L;12026010109;22026060384;4502616140;False;754-91-6;PFOSA;;2026-06-02;2026
WASSER;GEW_BACHGRABEN_SCHWIMM;47.56165132367818, 7.557980791390445;2608983;1267889;02.06.2026;12:05;STICHPROBE;304900;PFAS;PFPrA_Pentafluorpropionsäure;0.01;<0.010;;µg/L;12026010109;22026060378;4502651699;False;422-64-0;PFPrA;;2026-06-02;2026
WASSER;GEW_BIRS_BIRSK;47.55697000773648, 7.617757783797172;2613483;1267377;02.06.2026;10:30;STICHPROBE;305000;PFAS;PFPrOPrA_Perfluor-2-propoxypropansäure;0.0002;<0.0002;;µg/L;12026010108;22026060198;4502616253;False;13252-13-6;PFPrOPrA;;2026-06-02;2026
WASSER;GEW_BACHGRABEN_SCHWIMM;47.56165132367818, 7.557980791390445;2608983;1267889;02.06.2026;12:05;STICHPROBE;305000;PFAS;PFPrOPrA_Perfluor-2-propoxypropansäure;0.0002;<0.0002;;µg/L;12026010109;22026060378;4502616217;False;13252-13-6;PFPrOPrA;;2026-06-02;2026
WASSER;GEW_WIESE_HOCHBERGER165_R_UFER;47.58222784022979, 7.589888642709256;2611380;1270181;02.06.2026;09:15;STICHPROBE;305000;PFAS;PFPrOPrA_Perfluor-2-propoxypropansäure;0.0002;<0.0002;;µg/L;12026010109;22026060386;4502616116;False;13252-13-6;PFPrOPrA;;2026-06-02;2026
WASSER;GEW_BACHGRABEN_SCHWIMM;47.56165132367818, 7.557980791390445;2608983;1267889;02.06.2026;12:05;STICHPROBE;305500;PFAS;PFUnDA_Perfluorundekansäure;0.0005;<0.0005;;µg/L;12026010109;22026060378;4502616206;False;2058-94-8;PFUnDA;SpurenstoffeOrganisch;2026-06-02;2026
WASSER;GEW_BIRSIG_HEUW;47.55097972327865, 7.585987477644601;2611093;1266706;02.06.2026;11:15;STICHPROBE;305500;PFAS;PFUnDA_Perfluorundekansäure;0.0005;<0.0005;;µg/L;12026010109;22026060380;4502616168;False;2058-94-8;PFUnDA;SpurenstoffeOrganisch;2026-06-02;2026
WASSER;GEW_BIRS_BIRSK;47.55697000773648, 7.617757783797172;2613483;1267377;02.06.2026;10:30;STICHPROBE;305700;PFAS;TFA_Trifluoressigsäure;0.1;1.1;1.1;µg/L;12026010108;22026060198;4502651718;False;76-05-1;TFA;;2026-06-02;2026
WASSER;GEW_BACHGRABEN_SCHWIMM;47.56165132367818, 7.557980791390445;2608983;1267889;02.06.2026;12:05;STICHPROBE;305700;PFAS;TFA_Trifluoressigsäure;0.1;1.3;1.3;µg/L;12026010109;22026060378;4502651698;False;76-05-1;TFA;;2026-06-02;2026
WASSER;GEW_BIRSIG_HEUW;47.55097972327865, 7.585987477644601;2611093;1266706;02.06.2026;11:15;STICHPROBE;305700;PFAS;TFA_Trifluoressigsäure;0.1;1.9;1.9;µg/L;12026010109;22026060380;4502651703;False;76-05-1;TFA;;2026-06-02;2026
WASSER;GEW_ST_ALBANTEICH_MUEHLEGRABEN;47.553653455429334, 7.604155814845382;2612460;1267006;02.06.2026;10:50;STICHPROBE;305700;PFAS;TFA_Trifluoressigsäure;0.1;1.0;1.0;µg/L;12026010109;22026060384;4502651708;False;76-05-1;TFA;;2026-06-02;2026
WASSER;GEW_ST_ALBANTEICH_MUEHLEGRABEN;47.553653455429334, 7.604155814845382;2612460;1267006;02.06.2026;10:50;STICHPROBE;300600;PFAS;6:2-FTAB_CapstoneB;0.015;<0.015;;µg/L;12026010109;22026060384;4502616145;False;34455-29-3;6_2-FTAB;;2026-06-02;2026
WASSER;GEW_BACHGRABEN_SCHWIMM;47.56165132367818, 7.557980791390445;2608983;1267889;02.06.2026;12:05;STICHPROBE;300800;PFAS;6:2-FTNO_CapstoneA;0.01;<0.010;;µg/L;12026010109;22026060378;4502616220;False;80475-32-7;6_2-FTNO;;2026-06-02;2026
WASSER;GEW_BIRSIG_HEUW;47.55097972327865, 7.585987477644601;2611093;1266706;02.06.2026;11:15;STICHPROBE;300800;PFAS;6:2-FTNO_CapstoneA;0.01;<0.010;;µg/L;12026010109;22026060380;4502616182;False;80475-32-7;6_2-FTNO;;2026-06-02;2026
WASSER;GEW_BIRSIG_HEUW;47.55097972327865, 7.585987477644601;2611093;1266706;02.06.2026;11:15;STICHPROBE;301000;PFAS;6:2-FTS_1H,1H,2H,2H-Perfluoroctansulfonsäure;0.005;<0.005;;µg/L;12026010109;22026060380;4502616172;False;27619-97-2;6_2-FTS;SpurenstoffeOrganisch;2026-06-02;2026
WASSER;GEW_ST_ALBANTEICH_MUEHLEGRABEN;47.553653455429334, 7.604155814845382;2612460;1267006;02.06.2026;10:50;STICHPROBE;301000;PFAS;6:2-FTS_1H,1H,2H,2H-Perfluoroctansulfonsäure;0.005;<0.005;;µg/L;12026010109;22026060384;4502616134;False;27619-97-2;6_2-FTS;SpurenstoffeOrganisch;2026-06-02;2026
WASSER;GEW_BIRS_BIRSK;47.55697000773648, 7.617757783797172;2613483;1267377;02.06.2026;10:30;STICHPROBE;301500;PFAS;8:2-FTS_1H,1H,2H,2H-Perfluordekansulfonsäure;0.0006;<0.0006;;µg/L;12026010108;22026060198;4502616245;False;39108-34-4;8_2-FTS;SpurenstoffeOrganisch;2026-06-02;2026
WASSER;GEW_BIRSIG_HEUW;47.55097972327865, 7.585987477644601;2611093;1266706;02.06.2026;11:15;STICHPROBE;301900;PFAS;DONA_Perfluor-4,8-dioxa-3H-nonansäure;0.0002;<0.0002;;µg/L;12026010109;22026060380;4502616180;False;919005-14-4;DONA;;2026-06-02;2026
WASSER;GEW_BIRS_BIRSK;47.55697000773648, 7.617757783797172;2613483;1267377;02.06.2026;10:30;STICHPROBE;302000;PFAS;FOSAA_Perfluoroctansulfonamidoessigsäure;0.0005;<0.0005;;µg/L;12026010108;22026060198;4502616250;False;2806-24-8;FOSAA;SpurenstoffeOrganisch;2026-06-02;2026
WASSER;GEW_WIESE_HOCHBERGER165_R_UFER;47.58222784022979, 7.589888642709256;2611380;1270181;02.06.2026;09:15;STICHPROBE;302000;PFAS;FOSAA_Perfluoroctansulfonamidoessigsäure;0.0005;<0.0005;;µg/L;12026010109;22026060386;4502616113;False;2806-24-8;FOSAA;SpurenstoffeOrganisch;2026-06-02;2026
WASSER;GEW_BIRS_BIRSK;47.55697000773648, 7.617757783797172;2613483;1267377;02.06.2026;10:30;STICHPROBE;302100;PFAS;N-EtFOSA_N-Ethylperfluoroctansulfonamid;0.0003;<0.0003;;µg/L;12026010108;22026060198;4502616251;False;4151-50-2;N-EtFOSA;;2026-06-02;2026
WASSER;GEW_BACHGRABEN_SCHWIMM;47.56165132367818, 7.557980791390445;2608983;1267889;02.06.2026;12:05;STICHPROBE;302100;PFAS;N-EtFOSA_N-Ethylperfluoroctansulfonamid;0.0003;<0.0003;;µg/L;12026010109;22026060378;4502616215;False;4151-50-2;N-EtFOSA;;2026-06-02;2026
WASSER;GEW_WIESE_HOCHBERGER165_R_UFER;47.58222784022979, 7.589888642709256;2611380;1270181;02.06.2026;09:15;STICHPROBE;302100;PFAS;N-EtFOSA_N-Ethylperfluoroctansulfonamid;0.0003;<0.0003;;µg/L;12026010109;22026060386;4502616114;False;4151-50-2;N-EtFOSA;;2026-06-02;2026
WASSER;GEW_BACHGRABEN_SCHWIMM;47.56165132367818, 7.557980791390445;2608983;1267889;02.06.2026;12:05;STICHPROBE;302200;PFAS;N-EtFOSAA_N-Ethylperfluoroctansulfonamidoessigsäure;0.0007;<0.0007;;µg/L;12026010109;22026060378;4502616211;False;2991-50-6;N-EtFOSAA;SpurenstoffeOrganisch;2026-06-02;2026
WASSER;GEW_BIRSIG_HEUW;47.55097972327865, 7.585987477644601;2611093;1266706;02.06.2026;11:15;STICHPROBE;302200;PFAS;N-EtFOSAA_N-Ethylperfluoroctansulfonamidoessigsäure;0.0007;<0.0007;;µg/L;12026010109;22026060380;4502616173;False;2991-50-6;N-EtFOSAA;SpurenstoffeOrganisch;2026-06-02;2026
WASSER;GEW_BIRS_BIRSK;47.55697000773648, 7.617757783797172;2613483;1267377;02.06.2026;10:30;STICHPROBE;302400;PFAS;N-MeFOSA_N-Methylperfluoroctansulfonamid;0.0007;<0.0007;;µg/L;12026010108;22026060198;4502616248;False;31506-32-8;N-MeFOSA;SpurenstoffeOrganisch;2026-06-02;2026
WASSER;GEW_BIRSIG_HEUW;47.55097972327865, 7.585987477644601;2611093;1266706;02.06.2026;11:15;STICHPROBE;302700;PFAS;PFBA_Perfluorbutansäure;0.0015;0.0038;0.0038;µg/L;12026010109;22026060380;4502616184;False;375-22-4;PFBA;SpurenstoffeOrganisch;2026-06-02;2026
WASSER;GEW_ST_ALBANTEICH_MUEHLEGRABEN;47.553653455429334, 7.604155814845382;2612460;1267006;02.06.2026;10:50;STICHPROBE;302700;PFAS;PFBA_Perfluorbutansäure;0.0015;0.0018;0.0018;µg/L;12026010109;22026060384;4502616146;False;375-22-4;PFBA;SpurenstoffeOrganisch;2026-06-02;2026
WASSER;GEW_WIESE_HOCHBERGER165_R_UFER;47.58222784022979, 7.589888642709256;2611380;1270181;02.06.2026;09:15;STICHPROBE;302700;PFAS;PFBA_Perfluorbutansäure;0.0015;<0.0015;;µg/L;12026010109;22026060386;4502616091;False;375-22-4;PFBA;SpurenstoffeOrganisch;2026-06-02;2026
WASSER;GEW_BIRSIG_HEUW;47.55097972327865, 7.585987477644601;2611093;1266706;02.06.2026;11:15;STICHPROBE;302800;PFAS;PFBS_Perfluorbutansulfonsäure;0.0003;0.0030;0.003;µg/L;12026010109;22026060380;4502616185;False;375-73-5;PFBS;SpurenstoffeOrganisch;2026-06-02;2026
WASSER;GEW_BIRS_BIRSK;47.55697000773648, 7.617757783797172;2613483;1267377;02.06.2026;10:30;STICHPROBE;302900;PFAS;PFDA_Perfluordekansäure;0.0005;<0.0005;;µg/L;12026010108;22026060198;4502616270;False;335-76-2;PFDA;SpurenstoffeOrganisch;2026-06-02;2026
WASSER;GEW_BACHGRABEN_SCHWIMM;47.56165132367818, 7.557980791390445;2608983;1267889;02.06.2026;12:05;STICHPROBE;302900;PFAS;PFDA_Perfluordekansäure;0.0005;<0.0005;;µg/L;12026010109;22026060378;4502616234;False;335-76-2;PFDA;SpurenstoffeOrganisch;2026-06-02;2026
WASSER;GEW_BIRSIG_HEUW;47.55097972327865, 7.585987477644601;2611093;1266706;02.06.2026;11:15;STICHPROBE;302900;PFAS;PFDA_Perfluordekansäure;0.0005;<0.0005;;µg/L;12026010109;22026060380;4502616196;False;335-76-2;PFDA;SpurenstoffeOrganisch;2026-06-02;2026
WASSER;GEW_ST_ALBANTEICH_MUEHLEGRABEN;47.553653455429334, 7.604155814845382;2612460;1267006;02.06.2026;10:50;STICHPROBE;303100;PFAS;PFDoDA_Perfluordodekansäure;0.0006;<0.0006;;µg/L;12026010109;22026060384;4502616131;False;307-55-1;PFDoDA;SpurenstoffeOrganisch;2026-06-02;2026
WASSER;GEW_BACHGRABEN_SCHWIMM;47.56165132367818, 7.557980791390445;2608983;1267889;02.06.2026;12:05;STICHPROBE;303300;PFAS;PFDS_Perfluordekansulfonsäure;0.0005;<0.0005;;µg/L;12026010109;22026060378;4502616205;False;335-77-3;PFDS;SpurenstoffeOrganisch;2026-06-02;2026
WASSER;GEW_ST_ALBANTEICH_MUEHLEGRABEN;47.553653455429334, 7.604155814845382;2612460;1267006;02.06.2026;10:50;STICHPROBE;303500;PFAS;PFHpA_Perfluorheptansäure;0.0003;0.0011;0.0011;µg/L;12026010109;22026060384;4502616152;False;375-85-9;PFHpA;SpurenstoffeOrganisch;2026-06-02;2026
WASSER;GEW_BIRS_BIRSK;47.55697000773648, 7.617757783797172;2613483;1267377;02.06.2026;10:30;STICHPROBE;303600;PFAS;PFHpS_Perfluorheptansulfonsäure;0.0003;<0.0003;;µg/L;12026010108;22026060198;4502616265;False;375-92-8;PFHpS;SpurenstoffeOrganisch;2026-06-02;2026
WASSER;GEW_BIRSIG_HEUW;47.55097972327865, 7.585987477644601;2611093;1266706;02.06.2026;11:15;STICHPROBE;303600;PFAS;PFHpS_Perfluorheptansulfonsäure;0.0003;<0.0003;;µg/L;12026010109;22026060380;4502616191;False;375-92-8;PFHpS;SpurenstoffeOrganisch;2026-06-02;2026
WASSER;GEW_BIRSIG_HEUW;47.55097972327865, 7.585987477644601;2611093;1266706;02.06.2026;11:15;STICHPROBE;303700;PFAS;PFHxA_Perfluorhexansäure;0.0005;0.013;0.013;µg/L;12026010109;22026060380;4502616188;False;307-24-4;PFHxA;SpurenstoffeOrganisch;2026-06-02;2026
WASSER;GEW_ST_ALBANTEICH_MUEHLEGRABEN;47.553653455429334, 7.604155814845382;2612460;1267006;02.06.2026;10:50;STICHPROBE;303700;PFAS;PFHxA_Perfluorhexansäure;0.0005;0.0027;0.0027;µg/L;12026010109;22026060384;4502616150;False;307-24-4;PFHxA;SpurenstoffeOrganisch;2026-06-02;2026
WASSER;GEW_BIRS_BIRSK;47.55697000773648, 7.617757783797172;2613483;1267377;02.06.2026;10:30;STICHPROBE;303900;PFAS;PFHxS_Perfluorhexansulfonsäure;0.0002;0.0023;0.0023;µg/L;12026010108;22026060198;4502616263;False;355-46-4;PFHxS;SpurenstoffeOrganisch;2026-06-02;2026
WASSER;GEW_WIESE_HOCHBERGER165_R_UFER;47.58222784022979, 7.589888642709256;2611380;1270181;02.06.2026;09:15;STICHPROBE;303900;PFAS;PFHxS_Perfluorhexansulfonsäure;0.0002;0.0004;0.0004;µg/L;12026010109;22026060386;4502616096;False;355-46-4;PFHxS;SpurenstoffeOrganisch;2026-06-02;2026
WASSER;GEW_BIRSIG_HEUW;47.55097972327865, 7.585987477644601;2611093;1266706;02.06.2026;11:15;STICHPROBE;304100;PFAS;PFNA_Perfluornonansäure;0.0005;0.0008;0.0008;µg/L;12026010109;22026060380;4502616194;False;375-95-1;PFNA;SpurenstoffeOrganisch;2026-06-02;2026
WASSER;GEW_BIRS_BIRSK;47.55697000773648, 7.617757783797172;2613483;1267377;02.06.2026;10:30;STICHPROBE;304200;PFAS;PFNS_Perfluornonansulfonsäure;0.0005;<0.0005;;µg/L;12026010108;22026060198;4502616269;False;68259-12-1;PFNS;SpurenstoffeOrganisch;2026-06-02;2026
WASSER;GEW_BIRS_BIRSK;47.55697000773648, 7.617757783797172;2613483;1267377;02.06.2026;10:30;STICHPROBE;304300;PFAS;PFOA_Perfluoroctansäure;0.0003;0.0025;0.0025;µg/L;12026010108;22026060198;4502616266;False;335-67-1;PFOA;SpurenstoffeOrganisch;2026-06-02;2026
WASSER;GEW_BIRSIG_HEUW;47.55097972327865, 7.585987477644601;2611093;1266706;02.06.2026;11:15;STICHPROBE;304300;PFAS;PFOA_Perfluoroctansäure;0.0003;0.0056;0.0056;µg/L;12026010109;22026060380;4502616192;False;335-67-1;PFOA;SpurenstoffeOrganisch;2026-06-02;2026
WASSER;GEW_WIESE_HOCHBERGER165_R_UFER;47.58222784022979, 7.589888642709256;2611380;1270181;02.06.2026;09:15;STICHPROBE;304300;PFAS;PFOA_Perfluoroctansäure;0.0003;0.0016;0.0016;µg/L;12026010109;22026060386;4502616099;False;335-67-1;PFOA;SpurenstoffeOrganisch;2026-06-02;2026
WASSER;GEW_BIRS_BIRSK;47.55697000773648, 7.617757783797172;2613483;1267377;02.06.2026;10:30;STICHPROBE;304500;PFAS;PFOS_Perfluoroctansulfonsäure;0.0003;0.0067;0.0067;µg/L;12026010108;22026060198;4502616267;False;1763-23-1;PFOS;SpurenstoffeOrganisch;2026-06-02;2026
WASSER;GEW_BIRSIG_HEUW;47.55097972327865, 7.585987477644601;2611093;1266706;02.06.2026;11:15;STICHPROBE;304500;PFAS;PFOS_Perfluoroctansulfonsäure;0.0003;0.010;0.01;µg/L;12026010109;22026060380;4502616193;False;1763-23-1;PFOS;SpurenstoffeOrganisch;2026-06-02;2026
WASSER;GEW_WIESE_HOCHBERGER165_R_UFER;47.58222784022979, 7.589888642709256;2611380;1270181;02.06.2026;09:15;STICHPROBE;304500;PFAS;PFOS_Perfluoroctansulfonsäure;0.0003;0.0031;0.0031;µg/L;12026010109;22026060386;4502616100;False;1763-23-1;PFOS;SpurenstoffeOrganisch;2026-06-02;2026
WASSER;GEW_BACHGRABEN_SCHWIMM;47.56165132367818, 7.557980791390445;2608983;1267889;02.06.2026;12:05;STICHPROBE;304600;PFAS;PFOSA_Perfluoroctansulfonamid;0.0003;<0.0003;;µg/L;12026010109;22026060378;4502616216;False;754-91-6;PFOSA;;2026-06-02;2026
WASSER;GEW_WIESE_HOCHBERGER165_R_UFER;47.58222784022979, 7.589888642709256;2611380;1270181;02.06.2026;09:15;STICHPROBE;304600;PFAS;PFOSA_Perfluoroctansulfonamid;0.0003;<0.0003;;µg/L;12026010109;22026060386;4502616115;False;754-91-6;PFOSA;;2026-06-02;2026
WASSER;GEW_BACHGRABEN_SCHWIMM;47.56165132367818, 7.557980791390445;2608983;1267889;02.06.2026;12:05;STICHPROBE;304700;PFAS;PFPeA_Perfluorpentansäure;0.0005;0.0042;0.0042;µg/L;12026010109;22026060378;4502616224;False;2706-90-3;PFPeA;SpurenstoffeOrganisch;2026-06-02;2026
WASSER;GEW_BIRSIG_HEUW;47.55097972327865, 7.585987477644601;2611093;1266706;02.06.2026;11:15;STICHPROBE;304700;PFAS;PFPeA_Perfluorpentansäure;0.0005;0.0073;0.0073;µg/L;12026010109;22026060380;4502616186;False;2706-90-3;PFPeA;SpurenstoffeOrganisch;2026-06-02;2026
WASSER;GEW_ST_ALBANTEICH_MUEHLEGRABEN;47.553653455429334, 7.604155814845382;2612460;1267006;02.06.2026;10:50;STICHPROBE;304700;PFAS;PFPeA_Perfluorpentansäure;0.0005;0.0027;0.0027;µg/L;12026010109;22026060384;4502616148;False;2706-90-3;PFPeA;SpurenstoffeOrganisch;2026-06-02;2026
WASSER;GEW_WIESE_HOCHBERGER165_R_UFER;47.58222784022979, 7.589888642709256;2611380;1270181;02.06.2026;09:15;STICHPROBE;304700;PFAS;PFPeA_Perfluorpentansäure;0.0005;0.0009;0.0009;µg/L;12026010109;22026060386;4502616093;False;2706-90-3;PFPeA;SpurenstoffeOrganisch;2026-06-02;2026
WASSER;GEW_BIRS_BIRSK;47.55697000773648, 7.617757783797172;2613483;1267377;02.06.2026;10:30;STICHPROBE;304800;PFAS;PFPeS_Perfluorpentansulfonsäure;0.0005;<0.0005;;µg/L;12026010108;22026060198;4502616261;False;2706-91-4;PFPeS;SpurenstoffeOrganisch;2026-06-02;2026
WASSER;GEW_BACHGRABEN_SCHWIMM;47.56165132367818, 7.557980791390445;2608983;1267889;02.06.2026;12:05;STICHPROBE;304800;PFAS;PFPeS_Perfluorpentansulfonsäure;0.0005;0.0011;0.0011;µg/L;12026010109;22026060378;4502616225;False;2706-91-4;PFPeS;SpurenstoffeOrganisch;2026-06-02;2026
WASSER;GEW_BIRSIG_HEUW;47.55097972327865, 7.585987477644601;2611093;1266706;02.06.2026;11:15;STICHPROBE;304800;PFAS;PFPeS_Perfluorpentansulfonsäure;0.0005;0.0007;0.0007;µg/L;12026010109;22026060380;4502616187;False;2706-91-4;PFPeS;SpurenstoffeOrganisch;2026-06-02;2026
WASSER;GEW_ST_ALBANTEICH_MUEHLEGRABEN;47.553653455429334, 7.604155814845382;2612460;1267006;02.06.2026;10:50;STICHPROBE;304800;PFAS;PFPeS_Perfluorpentansulfonsäure;0.0005;<0.0005;;µg/L;12026010109;22026060384;4502616149;False;2706-91-4;PFPeS;SpurenstoffeOrganisch;2026-06-02;2026
WASSER;GEW_WIESE_HOCHBERGER165_R_UFER;47.58222784022979, 7.589888642709256;2611380;1270181;02.06.2026;09:15;STICHPROBE;304800;PFAS;PFPeS_Perfluorpentansulfonsäure;0.0005;<0.0005;;µg/L;12026010109;22026060386;4502616094;False;2706-91-4;PFPeS;SpurenstoffeOrganisch;2026-06-02;2026
WASSER;GEW_BIRS_BIRSK;47.55697000773648, 7.617757783797172;2613483;1267377;02.06.2026;10:30;STICHPROBE;304900;PFAS;PFPrA_Pentafluorpropionsäure;0.01;<0.010;;µg/L;12026010108;22026060198;4502651719;False;422-64-0;PFPrA;;2026-06-02;2026
WASSER;GEW_BIRSIG_HEUW;47.55097972327865, 7.585987477644601;2611093;1266706;02.06.2026;11:15;STICHPROBE;304900;PFAS;PFPrA_Pentafluorpropionsäure;0.01;<0.010;;µg/L;12026010109;22026060380;4502651704;False;422-64-0;PFPrA;;2026-06-02;2026
WASSER;GEW_BIRSIG_HEUW;47.55097972327865, 7.585987477644601;2611093;1266706;02.06.2026;11:15;STICHPROBE;305000;PFAS;PFPrOPrA_Perfluor-2-propoxypropansäure;0.0002;<0.0002;;µg/L;12026010109;22026060380;4502616179;False;13252-13-6;PFPrOPrA;;2026-06-02;2026
WASSER;GEW_ST_ALBANTEICH_MUEHLEGRABEN;47.553653455429334, 7.604155814845382;2612460;1267006;02.06.2026;10:50;STICHPROBE;305000;PFAS;PFPrOPrA_Perfluor-2-propoxypropansäure;0.0002;<0.0002;;µg/L;12026010109;22026060384;4502616141;False;13252-13-6;PFPrOPrA;;2026-06-02;2026
WASSER;GEW_BIRSIG_HEUW;47.55097972327865, 7.585987477644601;2611093;1266706;02.06.2026;11:15;STICHPROBE;305300;PFAS;PFTrDA_Perfluortridekansäure;0.001;<0.0010;;µg/L;12026010109;22026060380;4502616170;False;72629-94-8;PFTrDA;SpurenstoffeOrganisch;2026-06-02;2026
WASSER;GEW_ST_ALBANTEICH_MUEHLEGRABEN;47.553653455429334, 7.604155814845382;2612460;1267006;02.06.2026;10:50;STICHPROBE;305300;PFAS;PFTrDA_Perfluortridekansäure;0.001;<0.0010;;µg/L;12026010109;22026060384;4502616132;False;72629-94-8;PFTrDA;SpurenstoffeOrganisch;2026-06-02;2026
WASSER;GEW_BIRS_BIRSK;47.55697000773648, 7.617757783797172;2613483;1267377;02.06.2026;10:30;STICHPROBE;305500;PFAS;PFUnDA_Perfluorundekansäure;0.0005;<0.0005;;µg/L;12026010108;22026060198;4502616272;False;2058-94-8;PFUnDA;SpurenstoffeOrganisch;2026-06-02;2026
WASSER;GEW_ST_ALBANTEICH_MUEHLEGRABEN;47.553653455429334, 7.604155814845382;2612460;1267006;02.06.2026;10:50;STICHPROBE;305500;PFAS;PFUnDA_Perfluorundekansäure;0.0005;<0.0005;;µg/L;12026010109;22026060384;4502616130;False;2058-94-8;PFUnDA;SpurenstoffeOrganisch;2026-06-02;2026
WASSER;GEW_BIRSIG_HEUW;47.55097972327865, 7.585987477644601;2611093;1266706;02.06.2026;11:15;STICHPROBE;305900;PFAS;Toxizitaetsgewichtete_Summe_16_PFAS;1.0;40;40.0;ng_TEQ/L;12026010109;22026060380;4502658805;False;;;;2026-06-02;2026
WASSER;GEW_BIRS_BIRSK;47.55697000773648, 7.617757783797172;2613483;1267377;02.06.2026;10:30;STICHPROBE;300500;PFAS;6:2-Cl-PFESA_9-Chlorhexadecafluor-3-oxanonan-1-sulfonsäure;0.0003;<0.0003;;µg/L;12026010108;22026060198;4502616255;False;756426-58-1;6_2-Cl-PFESA;;2026-06-02;2026
WASSER;GEW_BACHGRABEN_SCHWIMM;47.56165132367818, 7.557980791390445;2608983;1267889;02.06.2026;12:05;STICHPROBE;300500;PFAS;6:2-Cl-PFESA_9-Chlorhexadecafluor-3-oxanonan-1-sulfonsäure;0.0003;<0.0003;;µg/L;12026010109;22026060378;4502616219;False;756426-58-1;6_2-Cl-PFESA;;2026-06-02;2026
WASSER;GEW_WIESE_HOCHBERGER165_R_UFER;47.58222784022979, 7.589888642709256;2611380;1270181;02.06.2026;09:15;STICHPROBE;300500;PFAS;6:2-Cl-PFESA_9-Chlorhexadecafluor-3-oxanonan-1-sulfonsäure;0.0003;<0.0003;;µg/L;12026010109;22026060386;4502616118;False;756426-58-1;6_2-Cl-PFESA;;2026-06-02;2026
WASSER;GEW_BIRS_BIRSK;47.55697000773648, 7.617757783797172;2613483;1267377;02.06.2026;10:30;STICHPROBE;300600;PFAS;6:2-FTAB_CapstoneB;0.015;<0.015;;µg/L;12026010108;22026060198;4502616257;False;34455-29-3;6_2-FTAB;;2026-06-02;2026
WASSER;GEW_BIRSIG_HEUW;47.55097972327865, 7.585987477644601;2611093;1266706;02.06.2026;11:15;STICHPROBE;300600;PFAS;6:2-FTAB_CapstoneB;0.015;0.027;0.027;µg/L;12026010109;22026060380;4502616183;False;34455-29-3;6_2-FTAB;;2026-06-02;2026
WASSER;GEW_WIESE_HOCHBERGER165_R_UFER;47.58222784022979, 7.589888642709256;2611380;1270181;02.06.2026;09:15;STICHPROBE;300600;PFAS;6:2-FTAB_CapstoneB;0.015;<0.015;;µg/L;12026010109;22026060386;4502616120;False;34455-29-3;6_2-FTAB;;2026-06-02;2026
WASSER;GEW_BIRS_BIRSK;47.55697000773648, 7.617757783797172;2613483;1267377;02.06.2026;10:30;STICHPROBE;300800;PFAS;6:2-FTNO_CapstoneA;0.01;<0.010;;µg/L;12026010108;22026060198;4502616256;False;80475-32-7;6_2-FTNO;;2026-06-02;2026
WASSER;GEW_ST_ALBANTEICH_MUEHLEGRABEN;47.553653455429334, 7.604155814845382;2612460;1267006;02.06.2026;10:50;STICHPROBE;300800;PFAS;6:2-FTNO_CapstoneA;0.01;<0.010;;µg/L;12026010109;22026060384;4502616144;False;80475-32-7;6_2-FTNO;;2026-06-02;2026
WASSER;GEW_WIESE_HOCHBERGER165_R_UFER;47.58222784022979, 7.589888642709256;2611380;1270181;02.06.2026;09:15;STICHPROBE;300800;PFAS;6:2-FTNO_CapstoneA;0.01;<0.010;;µg/L;12026010109;22026060386;4502616119;False;80475-32-7;6_2-FTNO;;2026-06-02;2026
WASSER;GEW_WIESE_HOCHBERGER165_R_UFER;47.58222784022979, 7.589888642709256;2611380;1270181;02.06.2026;09:15;STICHPROBE;301000;PFAS;6:2-FTS_1H,1H,2H,2H-Perfluoroctansulfonsäure;0.005;<0.005;;µg/L;12026010109;22026060386;4502616109;False;27619-97-2;6_2-FTS;SpurenstoffeOrganisch;2026-06-02;2026
WASSER;GEW_BIRSIG_HEUW;47.55097972327865, 7.585987477644601;2611093;1266706;02.06.2026;11:15;STICHPROBE;301500;PFAS;8:2-FTS_1H,1H,2H,2H-Perfluordekansulfonsäure;0.0006;<0.0006;;µg/L;12026010109;22026060380;4502616171;False;39108-34-4;8_2-FTS;SpurenstoffeOrganisch;2026-06-02;2026
WASSER;GEW_BIRS_BIRSK;47.55697000773648, 7.617757783797172;2613483;1267377;02.06.2026;10:30;STICHPROBE;301900;PFAS;DONA_Perfluor-4,8-dioxa-3H-nonansäure;0.0002;<0.0002;;µg/L;12026010108;22026060198;4502616254;False;919005-14-4;DONA;;2026-06-02;2026
WASSER;GEW_BACHGRABEN_SCHWIMM;47.56165132367818, 7.557980791390445;2608983;1267889;02.06.2026;12:05;STICHPROBE;301900;PFAS;DONA_Perfluor-4,8-dioxa-3H-nonansäure;0.0002;<0.0002;;µg/L;12026010109;22026060378;4502616218;False;919005-14-4;DONA;;2026-06-02;2026
WASSER;GEW_BIRSIG_HEUW;47.55097972327865, 7.585987477644601;2611093;1266706;02.06.2026;11:15;STICHPROBE;302000;PFAS;FOSAA_Perfluoroctansulfonamidoessigsäure;0.0005;<0.0005;;µg/L;12026010109;22026060380;4502616176;False;2806-24-8;FOSAA;SpurenstoffeOrganisch;2026-06-02;2026
WASSER;GEW_ST_ALBANTEICH_MUEHLEGRABEN;47.553653455429334, 7.604155814845382;2612460;1267006;02.06.2026;10:50;STICHPROBE;302200;PFAS;N-EtFOSAA_N-Ethylperfluoroctansulfonamidoessigsäure;0.0007;<0.0007;;µg/L;12026010109;22026060384;4502616135;False;2991-50-6;N-EtFOSAA;SpurenstoffeOrganisch;2026-06-02;2026
WASSER;GEW_WIESE_HOCHBERGER165_R_UFER;47.58222784022979, 7.589888642709256;2611380;1270181;02.06.2026;09:15;STICHPROBE;302200;PFAS;N-EtFOSAA_N-Ethylperfluoroctansulfonamidoessigsäure;0.0007;<0.0007;;µg/L;12026010109;22026060386;4502616110;False;2991-50-6;N-EtFOSAA;SpurenstoffeOrganisch;2026-06-02;2026
WASSER;GEW_BACHGRABEN_SCHWIMM;47.56165132367818, 7.557980791390445;2608983;1267889;02.06.2026;12:05;STICHPROBE;302400;PFAS;N-MeFOSA_N-Methylperfluoroctansulfonamid;0.0007;<0.0007;;µg/L;12026010109;22026060378;4502616212;False;31506-32-8;N-MeFOSA;SpurenstoffeOrganisch;2026-06-02;2026
WASSER;GEW_ST_ALBANTEICH_MUEHLEGRABEN;47.553653455429334, 7.604155814845382;2612460;1267006;02.06.2026;10:50;STICHPROBE;302400;PFAS;N-MeFOSA_N-Methylperfluoroctansulfonamid;0.0007;<0.0007;;µg/L;12026010109;22026060384;4502616136;False;31506-32-8;N-MeFOSA;SpurenstoffeOrganisch;2026-06-02;2026
WASSER;GEW_ST_ALBANTEICH_MUEHLEGRABEN;47.553653455429334, 7.604155814845382;2612460;1267006;02.06.2026;10:50;STICHPROBE;302500;PFAS;N-MeFOSAA_N-Methylperfluoroctansulfonamidoessigsäure;0.0005;<0.0005;;µg/L;12026010109;22026060384;4502616137;False;2355-31-9;N-MeFOSAA;SpurenstoffeOrganisch;2026-06-02;2026
WASSER;GEW_BIRS_BIRSK;47.55697000773648, 7.617757783797172;2613483;1267377;02.06.2026;10:30;STICHPROBE;302800;PFAS;PFBS_Perfluorbutansulfonsäure;0.0003;0.0013;0.0013;µg/L;12026010108;22026060198;4502616259;False;375-73-5;PFBS;SpurenstoffeOrganisch;2026-06-02;2026
WASSER;GEW_BACHGRABEN_SCHWIMM;47.56165132367818, 7.557980791390445;2608983;1267889;02.06.2026;12:05;STICHPROBE;302800;PFAS;PFBS_Perfluorbutansulfonsäure;0.0003;0.0021;0.0021;µg/L;12026010109;22026060378;4502616223;False;375-73-5;PFBS;SpurenstoffeOrganisch;2026-06-02;2026
WASSER;GEW_ST_ALBANTEICH_MUEHLEGRABEN;47.553653455429334, 7.604155814845382;2612460;1267006;02.06.2026;10:50;STICHPROBE;302800;PFAS;PFBS_Perfluorbutansulfonsäure;0.0003;0.0010;0.001;µg/L;12026010109;22026060384;4502616147;False;375-73-5;PFBS;SpurenstoffeOrganisch;2026-06-02;2026
WASSER;GEW_ST_ALBANTEICH_MUEHLEGRABEN;47.553653455429334, 7.604155814845382;2612460;1267006;02.06.2026;10:50;STICHPROBE;302900;PFAS;PFDA_Perfluordekansäure;0.0005;<0.0005;;µg/L;12026010109;22026060384;4502616158;False;335-76-2;PFDA;SpurenstoffeOrganisch;2026-06-02;2026
WASSER;GEW_WIESE_HOCHBERGER165_R_UFER;47.58222784022979, 7.589888642709256;2611380;1270181;02.06.2026;09:15;STICHPROBE;302900;PFAS;PFDA_Perfluordekansäure;0.0005;<0.0005;;µg/L;12026010109;22026060386;4502616103;False;335-76-2;PFDA;SpurenstoffeOrganisch;2026-06-02;2026
WASSER;GEW_BIRS_BIRSK;47.55697000773648, 7.617757783797172;2613483;1267377;02.06.2026;10:30;STICHPROBE;303100;PFAS;PFDoDA_Perfluordodekansäure;0.0006;<0.0006;;µg/L;12026010108;22026060198;4502616243;False;307-55-1;PFDoDA;SpurenstoffeOrganisch;2026-06-02;2026
WASSER;GEW_BACHGRABEN_SCHWIMM;47.56165132367818, 7.557980791390445;2608983;1267889;02.06.2026;12:05;STICHPROBE;303100;PFAS;PFDoDA_Perfluordodekansäure;0.0006;<0.0006;;µg/L;12026010109;22026060378;4502616207;False;307-55-1;PFDoDA;SpurenstoffeOrganisch;2026-06-02;2026
WASSER;GEW_BIRSIG_HEUW;47.55097972327865, 7.585987477644601;2611093;1266706;02.06.2026;11:15;STICHPROBE;303100;PFAS;PFDoDA_Perfluordodekansäure;0.0006;<0.0006;;µg/L;12026010109;22026060380;4502616169;False;307-55-1;PFDoDA;SpurenstoffeOrganisch;2026-06-02;2026
WASSER;GEW_WIESE_HOCHBERGER165_R_UFER;47.58222784022979, 7.589888642709256;2611380;1270181;02.06.2026;09:15;STICHPROBE;303100;PFAS;PFDoDA_Perfluordodekansäure;0.0006;<0.0006;;µg/L;12026010109;22026060386;4502616106;False;307-55-1;PFDoDA;SpurenstoffeOrganisch;2026-06-02;2026
WASSER;GEW_BIRS_BIRSK;47.55697000773648, 7.617757783797172;2613483;1267377;02.06.2026;10:30;STICHPROBE;303300;PFAS;PFDS_Perfluordekansulfonsäure;0.0005;<0.0005;;µg/L;12026010108;22026060198;4502616271;False;335-77-3;PFDS;SpurenstoffeOrganisch;2026-06-02;2026
WASSER;GEW_BIRSIG_HEUW;47.55097972327865, 7.585987477644601;2611093;1266706;02.06.2026;11:15;STICHPROBE;303300;PFAS;PFDS_Perfluordekansulfonsäure;0.0005;<0.0005;;µg/L;12026010109;22026060380;4502616167;False;335-77-3;PFDS;SpurenstoffeOrganisch;2026-06-02;2026
WASSER;GEW_BIRS_BIRSK;47.55697000773648, 7.617757783797172;2613483;1267377;02.06.2026;10:30;STICHPROBE;303500;PFAS;PFHpA_Perfluorheptansäure;0.0003;0.0013;0.0013;µg/L;12026010108;22026060198;4502616264;False;375-85-9;PFHpA;SpurenstoffeOrganisch;2026-06-02;2026
WASSER;GEW_BIRSIG_HEUW;47.55097972327865, 7.585987477644601;2611093;1266706;02.06.2026;11:15;STICHPROBE;303500;PFAS;PFHpA_Perfluorheptansäure;0.0003;0.0031;0.0031;µg/L;12026010109;22026060380;4502616190;False;375-85-9;PFHpA;SpurenstoffeOrganisch;2026-06-02;2026
WASSER;GEW_ST_ALBANTEICH_MUEHLEGRABEN;47.553653455429334, 7.604155814845382;2612460;1267006;02.06.2026;10:50;STICHPROBE;303600;PFAS;PFHpS_Perfluorheptansulfonsäure;0.0003;<0.0003;;µg/L;12026010109;22026060384;4502616153;False;375-92-8;PFHpS;SpurenstoffeOrganisch;2026-06-02;2026
WASSER;GEW_WIESE_HOCHBERGER165_R_UFER;47.58222784022979, 7.589888642709256;2611380;1270181;02.06.2026;09:15;STICHPROBE;303600;PFAS;PFHpS_Perfluorheptansulfonsäure;0.0003;<0.0003;;µg/L;12026010109;22026060386;4502616098;False;375-92-8;PFHpS;SpurenstoffeOrganisch;2026-06-02;2026
WASSER;GEW_BIRS_BIRSK;47.55697000773648, 7.617757783797172;2613483;1267377;02.06.2026;10:30;STICHPROBE;303700;PFAS;PFHxA_Perfluorhexansäure;0.0005;0.0038;0.0038;µg/L;12026010108;22026060198;4502616262;False;307-24-4;PFHxA;SpurenstoffeOrganisch;2026-06-02;2026
WASSER;GEW_BACHGRABEN_SCHWIMM;47.56165132367818, 7.557980791390445;2608983;1267889;02.06.2026;12:05;STICHPROBE;304100;PFAS;PFNA_Perfluornonansäure;0.0005;<0.0005;;µg/L;12026010109;22026060378;4502616232;False;375-95-1;PFNA;SpurenstoffeOrganisch;2026-06-02;2026
WASSER;GEW_ST_ALBANTEICH_MUEHLEGRABEN;47.553653455429334, 7.604155814845382;2612460;1267006;02.06.2026;10:50;STICHPROBE;304100;PFAS;PFNA_Perfluornonansäure;0.0005;<0.0005;;µg/L;12026010109;22026060384;4502616156;False;375-95-1;PFNA;SpurenstoffeOrganisch;2026-06-02;2026
WASSER;GEW_WIESE_HOCHBERGER165_R_UFER;47.58222784022979, 7.589888642709256;2611380;1270181;02.06.2026;09:15;STICHPROBE;304100;PFAS;PFNA_Perfluornonansäure;0.0005;<0.0005;;µg/L;12026010109;22026060386;4502616101;False;375-95-1;PFNA;SpurenstoffeOrganisch;2026-06-02;2026
WASSER;GEW_BIRSIG_HEUW;47.55097972327865, 7.585987477644601;2611093;1266706;02.06.2026;11:15;STICHPROBE;304200;PFAS;PFNS_Perfluornonansulfonsäure;0.0005;<0.0005;;µg/L;12026010109;22026060380;4502616195;False;68259-12-1;PFNS;SpurenstoffeOrganisch;2026-06-02;2026
WASSER;GEW_ST_ALBANTEICH_MUEHLEGRABEN;47.553653455429334, 7.604155814845382;2612460;1267006;02.06.2026;10:50;STICHPROBE;304200;PFAS;PFNS_Perfluornonansulfonsäure;0.0005;<0.0005;;µg/L;12026010109;22026060384;4502616157;False;68259-12-1;PFNS;SpurenstoffeOrganisch;2026-06-02;2026
WASSER;GEW_BACHGRABEN_SCHWIMM;47.56165132367818, 7.557980791390445;2608983;1267889;02.06.2026;12:05;STICHPROBE;304300;PFAS;PFOA_Perfluoroctansäure;0.0003;0.0027;0.0027;µg/L;12026010109;22026060378;4502616230;False;335-67-1;PFOA;SpurenstoffeOrganisch;2026-06-02;2026
WASSER;GEW_BIRS_BIRSK;47.55697000773648, 7.617757783797172;2613483;1267377;02.06.2026;10:30;STICHPROBE;304600;PFAS;PFOSA_Perfluoroctansulfonamid;0.0003;<0.0003;;µg/L;12026010108;22026060198;4502616252;False;754-91-6;PFOSA;;2026-06-02;2026
WASSER;GEW_BIRSIG_HEUW;47.55097972327865, 7.585987477644601;2611093;1266706;02.06.2026;11:15;STICHPROBE;304600;PFAS;PFOSA_Perfluoroctansulfonamid;0.0003;<0.0003;;µg/L;12026010109;22026060380;4502616178;False;754-91-6;PFOSA;;2026-06-02;2026
WASSER;GEW_BIRS_BIRSK;47.55697000773648, 7.617757783797172;2613483;1267377;02.06.2026;10:30;STICHPROBE;304700;PFAS;PFPeA_Perfluorpentansäure;0.0005;0.0034;0.0034;µg/L;12026010108;22026060198;4502616260;False;2706-90-3;PFPeA;SpurenstoffeOrganisch;2026-06-02;2026
WASSER;GEW_ST_ALBANTEICH_MUEHLEGRABEN;47.553653455429334, 7.604155814845382;2612460;1267006;02.06.2026;10:50;STICHPROBE;304900;PFAS;PFPrA_Pentafluorpropionsäure;0.01;<0.010;;µg/L;12026010109;22026060384;4502651709;False;422-64-0;PFPrA;;2026-06-02;2026
WASSER;GEW_WIESE_HOCHBERGER165_R_UFER;47.58222784022979, 7.589888642709256;2611380;1270181;02.06.2026;09:15;STICHPROBE;304900;PFAS;PFPrA_Pentafluorpropionsäure;0.01;0.048;0.048;µg/L;12026010109;22026060386;4502651714;False;422-64-0;PFPrA;;2026-06-02;2026
WASSER;GEW_BIRS_BIRSK;47.55697000773648, 7.617757783797172;2613483;1267377;02.06.2026;10:30;STICHPROBE;305300;PFAS;PFTrDA_Perfluortridekansäure;0.001;<0.0010;;µg/L;12026010108;22026060198;4502616244;False;72629-94-8;PFTrDA;SpurenstoffeOrganisch;2026-06-02;2026
WASSER;GEW_BACHGRABEN_SCHWIMM;47.56165132367818, 7.557980791390445;2608983;1267889;02.06.2026;12:05;STICHPROBE;305300;PFAS;PFTrDA_Perfluortridekansäure;0.001;<0.0010;;µg/L;12026010109;22026060378;4502616208;False;72629-94-8;PFTrDA;SpurenstoffeOrganisch;2026-06-02;2026
WASSER;GEW_WIESE_HOCHBERGER165_R_UFER;47.58222784022979, 7.589888642709256;2611380;1270181;02.06.2026;09:15;STICHPROBE;305300;PFAS;PFTrDA_Perfluortridekansäure;0.001;<0.0010;;µg/L;12026010109;22026060386;4502616107;False;72629-94-8;PFTrDA;SpurenstoffeOrganisch;2026-06-02;2026
WASSER;GEW_WIESE_HOCHBERGER165_R_UFER;47.58222784022979, 7.589888642709256;2611380;1270181;02.06.2026;09:15;STICHPROBE;305500;PFAS;PFUnDA_Perfluorundekansäure;0.0005;<0.0005;;µg/L;12026010109;22026060386;4502616105;False;2058-94-8;PFUnDA;SpurenstoffeOrganisch;2026-06-02;2026
WASSER;GEW_WIESE_HOCHBERGER165_R_UFER;47.58222784022979, 7.589888642709256;2611380;1270181;02.06.2026;09:15;STICHPROBE;305700;PFAS;TFA_Trifluoressigsäure;0.1;0.79;0.79;µg/L;12026010109;22026060386;4502651713;False;76-05-1;TFA;;2026-06-02;2026
WASSER;GEW_BIRS_BIRSK;47.55697000773648, 7.617757783797172;2613483;1267377;04.11.2025;11:15;STICHPROBE;301000;PFAS;6:2-FTS_1H,1H,2H,2H-Perfluoroctansulfonsäure;0.0009;<0.0009;;µg/L;12025110405;22025110075;4502310195;False;27619-97-2;6_2-FTS;SpurenstoffeOrganisch;2025-11-04;2025
WASSER;GEW_BIRS_BIRSK;47.55697000773648, 7.617757783797172;2613483;1267377;04.11.2025;11:15;STICHPROBE;302200;PFAS;N-EtFOSAA_N-Ethylperfluoroctansulfonamidoessigsäure;0.0007;<0.0007;;µg/L;12025110405;22025110075;4502310199;False;2991-50-6;N-EtFOSAA;SpurenstoffeOrganisch;2025-11-04;2025
WASSER;GEW_BIRS_BIRSK;47.55697000773648, 7.617757783797172;2613483;1267377;04.11.2025;11:15;STICHPROBE;302400;PFAS;N-MeFOSA_N-Methylperfluoroctansulfonamid;0.0007;<0.0007;;µg/L;12025110405;22025110075;4502310200;False;31506-32-8;N-MeFOSA;SpurenstoffeOrganisch;2025-11-04;2025
WASSER;GEW_BIRS_BIRSK;47.55697000773648, 7.617757783797172;2613483;1267377;04.11.2025;11:15;STICHPROBE;302700;PFAS;PFBA_Perfluorbutansäure;0.002;<0.002;;µg/L;12025110405;22025110075;4502310168;False;375-22-4;PFBA;SpurenstoffeOrganisch;2025-11-04;2025
WASSER;GEW_BIRS_BIRSK;47.55697000773648, 7.617757783797172;2613483;1267377;04.11.2025;11:15;STICHPROBE;302800;PFAS;PFBS_Perfluorbutansulfonsäure;0.0003;0.0005;0.0005;µg/L;12025110405;22025110075;4502310169;False;375-73-5;PFBS;SpurenstoffeOrganisch;2025-11-04;2025
WASSER;GEW_BIRS_BIRSK;47.55697000773648, 7.617757783797172;2613483;1267377;04.11.2025;11:15;STICHPROBE;303500;PFAS;PFHpA_Perfluorheptansäure;0.0003;<0.0003;;µg/L;12025110405;22025110075;4502310174;False;375-85-9;PFHpA;SpurenstoffeOrganisch;2025-11-04;2025
WASSER;GEW_BIRS_BIRSK;47.55697000773648, 7.617757783797172;2613483;1267377;04.11.2025;11:15;STICHPROBE;304500;PFAS;PFOS_Perfluoroctansulfonsäure;0.0003;0.0018;0.0018;µg/L;12025110405;22025110075;4502310177;False;1763-23-1;PFOS;SpurenstoffeOrganisch;2025-11-04;2025
WASSER;GEW_BIRS_BIRSK;47.55697000773648, 7.617757783797172;2613483;1267377;04.11.2025;11:15;STICHPROBE;300500;PFAS;6:2-Cl-PFESA_9-Chlorhexadecafluor-3-oxanonan-1-sulfonsäure;0.0003;<0.0003;;µg/L;12025110405;22025110075;4502310208;False;756426-58-1;6_2-Cl-PFESA;;2025-11-04;2025
WASSER;GEW_BIRS_BIRSK;47.55697000773648, 7.617757783797172;2613483;1267377;04.11.2025;11:15;STICHPROBE;301900;PFAS;DONA_Perfluor-4,8-dioxa-3H-nonansäure;0.0002;<0.0002;;µg/L;12025110405;22025110075;4502310206;False;919005-14-4;DONA;;2025-11-04;2025
WASSER;GEW_BIRS_BIRSK;47.55697000773648, 7.617757783797172;2613483;1267377;04.11.2025;11:15;STICHPROBE;302100;PFAS;N-EtFOSA_N-Ethylperfluoroctansulfonamid;0.0003;<0.0003;;µg/L;12025110405;22025110075;4502310203;False;4151-50-2;N-EtFOSA;;2025-11-04;2025
WASSER;GEW_BIRS_BIRSK;47.55697000773648, 7.617757783797172;2613483;1267377;04.11.2025;11:15;STICHPROBE;302500;PFAS;N-MeFOSAA_N-Methylperfluoroctansulfonamidoessigsäure;0.0005;<0.0005;;µg/L;12025110405;22025110075;4502310201;False;2355-31-9;N-MeFOSAA;SpurenstoffeOrganisch;2025-11-04;2025
WASSER;GEW_BIRS_BIRSK;47.55697000773648, 7.617757783797172;2613483;1267377;04.11.2025;11:15;STICHPROBE;302900;PFAS;PFDA_Perfluordekansäure;0.0005;<0.0005;;µg/L;12025110405;22025110075;4502310181;False;335-76-2;PFDA;SpurenstoffeOrganisch;2025-11-04;2025
WASSER;GEW_BIRS_BIRSK;47.55697000773648, 7.617757783797172;2613483;1267377;04.11.2025;11:15;STICHPROBE;303100;PFAS;PFDoDA_Perfluordodekansäure;0.0006;<0.0006;;µg/L;12025110405;22025110075;4502310185;False;307-55-1;PFDoDA;SpurenstoffeOrganisch;2025-11-04;2025
WASSER;GEW_BIRS_BIRSK;47.55697000773648, 7.617757783797172;2613483;1267377;04.11.2025;11:15;STICHPROBE;304100;PFAS;PFNA_Perfluornonansäure;0.0005;<0.0005;;µg/L;12025110405;22025110075;4502310178;False;375-95-1;PFNA;SpurenstoffeOrganisch;2025-11-04;2025
WASSER;GEW_BIRS_BIRSK;47.55697000773648, 7.617757783797172;2613483;1267377;04.11.2025;11:15;STICHPROBE;304600;PFAS;PFOSA_Perfluoroctansulfonamid;0.0003;<0.0003;;µg/L;12025110405;22025110075;4502310204;False;754-91-6;PFOSA;;2025-11-04;2025
WASSER;GEW_BIRS_BIRSK;47.55697000773648, 7.617757783797172;2613483;1267377;04.11.2025;11:15;STICHPROBE;304800;PFAS;PFPeS_Perfluorpentansulfonsäure;0.0005;<0.0005;;µg/L;12025110405;22025110075;4502310171;False;2706-91-4;PFPeS;SpurenstoffeOrganisch;2025-11-04;2025
WASSER;GEW_BIRS_BIRSK;47.55697000773648, 7.617757783797172;2613483;1267377;04.11.2025;11:15;STICHPROBE;304900;PFAS;PFPrA_Pentafluorpropionsäure;0.005;0.0058;0.0058;µg/L;12025110405;22025110075;4502380267;False;422-64-0;PFPrA;;2025-11-04;2025
WASSER;GEW_BIRS_BIRSK;47.55697000773648, 7.617757783797172;2613483;1267377;04.11.2025;11:15;STICHPROBE;305700;PFAS;TFA_Trifluoressigsäure;0.1;1.1;1.1;µg/L;12025110405;22025110075;4502351929;False;76-05-1;TFA;;2025-11-04;2025
WASSER;GEW_BIRS_BIRSK;47.55697000773648, 7.617757783797172;2613483;1267377;04.11.2025;11:15;STICHPROBE;306000;PFAS;Toxizitaetsgewichtete_Summe_9_PFAS;1.0;4.6;4.6;ng_TEQ/L;12025110405;22025110075;4502310179;False;;;;2025-11-04;2025
WASSER;GEW_BIRS_BIRSK;47.55697000773648, 7.617757783797172;2613483;1267377;04.11.2025;11:15;STICHPROBE;301500;PFAS;8:2-FTS_1H,1H,2H,2H-Perfluordekansulfonsäure;0.0006;<0.0006;;µg/L;12025110405;22025110075;4502310192;False;39108-34-4;8_2-FTS;SpurenstoffeOrganisch;2025-11-04;2025
WASSER;GEW_BIRS_BIRSK;47.55697000773648, 7.617757783797172;2613483;1267377;04.11.2025;11:15;STICHPROBE;302000;PFAS;FOSAA_Perfluoroctansulfonamidoessigsäure;0.0005;<0.0005;;µg/L;12025110405;22025110075;4502310202;False;2806-24-8;FOSAA;SpurenstoffeOrganisch;2025-11-04;2025
WASSER;GEW_BIRS_BIRSK;47.55697000773648, 7.617757783797172;2613483;1267377;04.11.2025;11:15;STICHPROBE;303300;PFAS;PFDS_Perfluordekansulfonsäure;0.0005;<0.0005;;µg/L;12025110405;22025110075;4502310182;False;335-77-3;PFDS;SpurenstoffeOrganisch;2025-11-04;2025
WASSER;GEW_BIRS_BIRSK;47.55697000773648, 7.617757783797172;2613483;1267377;04.11.2025;11:15;STICHPROBE;303600;PFAS;PFHpS_Perfluorheptansulfonsäure;0.0003;<0.0003;;µg/L;12025110405;22025110075;4502310175;False;375-92-8;PFHpS;SpurenstoffeOrganisch;2025-11-04;2025
WASSER;GEW_BIRS_BIRSK;47.55697000773648, 7.617757783797172;2613483;1267377;04.11.2025;11:15;STICHPROBE;303700;PFAS;PFHxA_Perfluorhexansäure;0.0005;0.0006;0.0006;µg/L;12025110405;22025110075;4502310172;False;307-24-4;PFHxA;SpurenstoffeOrganisch;2025-11-04;2025
WASSER;GEW_BIRS_BIRSK;47.55697000773648, 7.617757783797172;2613483;1267377;04.11.2025;11:15;STICHPROBE;303900;PFAS;PFHxS_Perfluorhexansulfonsäure;0.0002;0.0007;0.0007;µg/L;12025110405;22025110075;4502310173;False;355-46-4;PFHxS;SpurenstoffeOrganisch;2025-11-04;2025
WASSER;GEW_BIRS_BIRSK;47.55697000773648, 7.617757783797172;2613483;1267377;04.11.2025;11:15;STICHPROBE;304200;PFAS;PFNS_Perfluornonansulfonsäure;0.0005;<0.0005;;µg/L;12025110405;22025110075;4502310180;False;68259-12-1;PFNS;SpurenstoffeOrganisch;2025-11-04;2025
WASSER;GEW_BIRS_BIRSK;47.55697000773648, 7.617757783797172;2613483;1267377;04.11.2025;11:15;STICHPROBE;304300;PFAS;PFOA_Perfluoroctansäure;0.0003;0.0006;0.0006;µg/L;12025110405;22025110075;4502310176;False;335-67-1;PFOA;SpurenstoffeOrganisch;2025-11-04;2025
WASSER;GEW_BIRS_BIRSK;47.55697000773648, 7.617757783797172;2613483;1267377;04.11.2025;11:15;STICHPROBE;304700;PFAS;PFPeA_Perfluorpentansäure;0.0005;0.0005;0.0005;µg/L;12025110405;22025110075;4502310170;False;2706-90-3;PFPeA;SpurenstoffeOrganisch;2025-11-04;2025
WASSER;GEW_BIRS_BIRSK;47.55697000773648, 7.617757783797172;2613483;1267377;04.11.2025;11:15;STICHPROBE;305000;PFAS;PFPrOPrA_Perfluor-2-propoxypropansäure;0.0002;<0.0002;;µg/L;12025110405;22025110075;4502310205;False;13252-13-6;PFPrOPrA;;2025-11-04;2025
WASSER;GEW_BIRS_BIRSK;47.55697000773648, 7.617757783797172;2613483;1267377;04.11.2025;11:15;STICHPROBE;305300;PFAS;PFTrDA_Perfluortridekansäure;0.001;<0.0010;;µg/L;12025110405;22025110075;4502310187;False;72629-94-8;PFTrDA;SpurenstoffeOrganisch;2025-11-04;2025
WASSER;GEW_BIRS_BIRSK;47.55697000773648, 7.617757783797172;2613483;1267377;04.11.2025;11:15;STICHPROBE;305500;PFAS;PFUnDA_Perfluorundekansäure;0.0005;<0.0005;;µg/L;12025110405;22025110075;4502310183;False;2058-94-8;PFUnDA;SpurenstoffeOrganisch;2025-11-04;2025
WASSER;GEW_BIRS_BIRSK;47.55697000773648, 7.617757783797172;2613483;1267377;09.09.2025;11:10;STICHPROBE;300500;PFAS;6:2-Cl-PFESA_9-Chlorhexadecafluor-3-oxanonan-1-sulfonsäure;0.0003;<0.0003;;µg/L;12025090905;22025090076;4502310249;False;756426-58-1;6_2-Cl-PFESA;;2025-09-09;2025
WASSER;GEW_BIRS_BIRSK;47.55697000773648, 7.617757783797172;2613483;1267377;09.09.2025;11:10;STICHPROBE;301000;PFAS;6:2-FTS_1H,1H,2H,2H-Perfluoroctansulfonsäure;0.0009;<0.0009;;µg/L;12025090905;22025090076;4502310236;False;27619-97-2;6_2-FTS;SpurenstoffeOrganisch;2025-09-09;2025
WASSER;GEW_BIRS_BIRSK;47.55697000773648, 7.617757783797172;2613483;1267377;09.09.2025;11:10;STICHPROBE;302000;PFAS;FOSAA_Perfluoroctansulfonamidoessigsäure;0.0005;<0.0005;;µg/L;12025090905;22025090076;4502310243;False;2806-24-8;FOSAA;SpurenstoffeOrganisch;2025-09-09;2025
WASSER;GEW_BIRS_BIRSK;47.55697000773648, 7.617757783797172;2613483;1267377;09.09.2025;11:10;STICHPROBE;302200;PFAS;N-EtFOSAA_N-Ethylperfluoroctansulfonamidoessigsäure;0.0007;<0.0007;;µg/L;12025090905;22025090076;4502310240;False;2991-50-6;N-EtFOSAA;SpurenstoffeOrganisch;2025-09-09;2025
WASSER;GEW_BIRS_BIRSK;47.55697000773648, 7.617757783797172;2613483;1267377;09.09.2025;11:10;STICHPROBE;302800;PFAS;PFBS_Perfluorbutansulfonsäure;0.0003;0.0010;0.001;µg/L;12025090905;22025090076;4502310210;False;375-73-5;PFBS;SpurenstoffeOrganisch;2025-09-09;2025
WASSER;GEW_BIRS_BIRSK;47.55697000773648, 7.617757783797172;2613483;1267377;09.09.2025;11:10;STICHPROBE;303100;PFAS;PFDoDA_Perfluordodekansäure;0.0006;<0.0006;;µg/L;12025090905;22025090076;4502310226;False;307-55-1;PFDoDA;SpurenstoffeOrganisch;2025-09-09;2025
WASSER;GEW_BIRS_BIRSK;47.55697000773648, 7.617757783797172;2613483;1267377;09.09.2025;11:10;STICHPROBE;304100;PFAS;PFNA_Perfluornonansäure;0.0005;<0.0005;;µg/L;12025090905;22025090076;4502310219;False;375-95-1;PFNA;SpurenstoffeOrganisch;2025-09-09;2025
WASSER;GEW_BIRS_BIRSK;47.55697000773648, 7.617757783797172;2613483;1267377;09.09.2025;11:10;STICHPROBE;304200;PFAS;PFNS_Perfluornonansulfonsäure;0.0005;<0.0005;;µg/L;12025090905;22025090076;4502310221;False;68259-12-1;PFNS;SpurenstoffeOrganisch;2025-09-09;2025
WASSER;GEW_BIRS_BIRSK;47.55697000773648, 7.617757783797172;2613483;1267377;09.09.2025;11:10;STICHPROBE;304500;PFAS;PFOS_Perfluoroctansulfonsäure;0.0003;0.0032;0.0032;µg/L;12025090905;22025090076;4502310218;False;1763-23-1;PFOS;SpurenstoffeOrganisch;2025-09-09;2025
WASSER;GEW_BIRS_BIRSK;47.55697000773648, 7.617757783797172;2613483;1267377;09.09.2025;11:10;STICHPROBE;304600;PFAS;PFOSA_Perfluoroctansulfonamid;0.0003;<0.0003;;µg/L;12025090905;22025090076;4502310245;False;754-91-6;PFOSA;;2025-09-09;2025
WASSER;GEW_BIRS_BIRSK;47.55697000773648, 7.617757783797172;2613483;1267377;09.09.2025;11:10;STICHPROBE;305000;PFAS;PFPrOPrA_Perfluor-2-propoxypropansäure;0.0002;<0.0002;;µg/L;12025090905;22025090076;4502310246;False;13252-13-6;PFPrOPrA;;2025-09-09;2025
WASSER;GEW_BIRS_BIRSK;47.55697000773648, 7.617757783797172;2613483;1267377;09.09.2025;11:10;STICHPROBE;301500;PFAS;8:2-FTS_1H,1H,2H,2H-Perfluordekansulfonsäure;0.0006;<0.0006;;µg/L;12025090905;22025090076;4502310233;False;39108-34-4;8_2-FTS;SpurenstoffeOrganisch;2025-09-09;2025
WASSER;GEW_BIRS_BIRSK;47.55697000773648, 7.617757783797172;2613483;1267377;09.09.2025;11:10;STICHPROBE;301900;PFAS;DONA_Perfluor-4,8-dioxa-3H-nonansäure;0.0002;<0.0002;;µg/L;12025090905;22025090076;4502310247;False;919005-14-4;DONA;;2025-09-09;2025
WASSER;GEW_BIRS_BIRSK;47.55697000773648, 7.617757783797172;2613483;1267377;09.09.2025;11:10;STICHPROBE;302100;PFAS;N-EtFOSA_N-Ethylperfluoroctansulfonamid;0.0003;<0.0003;;µg/L;12025090905;22025090076;4502310244;False;4151-50-2;N-EtFOSA;;2025-09-09;2025
WASSER;GEW_BIRS_BIRSK;47.55697000773648, 7.617757783797172;2613483;1267377;09.09.2025;11:10;STICHPROBE;302400;PFAS;N-MeFOSA_N-Methylperfluoroctansulfonamid;0.0007;<0.0007;;µg/L;12025090905;22025090076;4502310241;False;31506-32-8;N-MeFOSA;SpurenstoffeOrganisch;2025-09-09;2025
WASSER;GEW_BIRS_BIRSK;47.55697000773648, 7.617757783797172;2613483;1267377;09.09.2025;11:10;STICHPROBE;302700;PFAS;PFBA_Perfluorbutansäure;0.0015;0.0021;0.0021;µg/L;12025090905;22025090076;4502310209;False;375-22-4;PFBA;SpurenstoffeOrganisch;2025-09-09;2025
WASSER;GEW_BIRS_BIRSK;47.55697000773648, 7.617757783797172;2613483;1267377;09.09.2025;11:10;STICHPROBE;303300;PFAS;PFDS_Perfluordekansulfonsäure;0.0005;<0.0005;;µg/L;12025090905;22025090076;4502310223;False;335-77-3;PFDS;SpurenstoffeOrganisch;2025-09-09;2025
WASSER;GEW_BIRS_BIRSK;47.55697000773648, 7.617757783797172;2613483;1267377;09.09.2025;11:10;STICHPROBE;303500;PFAS;PFHpA_Perfluorheptansäure;0.0003;0.0007;0.0007;µg/L;12025090905;22025090076;4502310215;False;375-85-9;PFHpA;SpurenstoffeOrganisch;2025-09-09;2025
WASSER;GEW_BIRS_BIRSK;47.55697000773648, 7.617757783797172;2613483;1267377;09.09.2025;11:10;STICHPROBE;304300;PFAS;PFOA_Perfluoroctansäure;0.0003;0.0011;0.0011;µg/L;12025090905;22025090076;4502310217;False;335-67-1;PFOA;SpurenstoffeOrganisch;2025-09-09;2025
WASSER;GEW_BIRS_BIRSK;47.55697000773648, 7.617757783797172;2613483;1267377;09.09.2025;11:10;STICHPROBE;304700;PFAS;PFPeA_Perfluorpentansäure;0.0005;0.0012;0.0012;µg/L;12025090905;22025090076;4502310211;False;2706-90-3;PFPeA;SpurenstoffeOrganisch;2025-09-09;2025
WASSER;GEW_BIRS_BIRSK;47.55697000773648, 7.617757783797172;2613483;1267377;09.09.2025;11:10;STICHPROBE;304800;PFAS;PFPeS_Perfluorpentansulfonsäure;0.0005;<0.0005;;µg/L;12025090905;22025090076;4502310212;False;2706-91-4;PFPeS;SpurenstoffeOrganisch;2025-09-09;2025
WASSER;GEW_BIRS_BIRSK;47.55697000773648, 7.617757783797172;2613483;1267377;09.09.2025;11:10;STICHPROBE;305500;PFAS;PFUnDA_Perfluorundekansäure;0.0005;<0.0005;;µg/L;12025090905;22025090076;4502310224;False;2058-94-8;PFUnDA;SpurenstoffeOrganisch;2025-09-09;2025
WASSER;GEW_BIRS_BIRSK;47.55697000773648, 7.617757783797172;2613483;1267377;09.09.2025;11:10;STICHPROBE;305700;PFAS;TFA_Trifluoressigsäure;0.1;1.2;1.2;µg/L;12025090905;22025090076;4502351930;False;76-05-1;TFA;;2025-09-09;2025
WASSER;GEW_BIRS_BIRSK;47.55697000773648, 7.617757783797172;2613483;1267377;09.09.2025;11:10;STICHPROBE;302500;PFAS;N-MeFOSAA_N-Methylperfluoroctansulfonamidoessigsäure;0.0005;<0.0005;;µg/L;12025090905;22025090076;4502310242;False;2355-31-9;N-MeFOSAA;SpurenstoffeOrganisch;2025-09-09;2025
WASSER;GEW_BIRS_BIRSK;47.55697000773648, 7.617757783797172;2613483;1267377;09.09.2025;11:10;STICHPROBE;302900;PFAS;PFDA_Perfluordekansäure;0.0005;<0.0005;;µg/L;12025090905;22025090076;4502310222;False;335-76-2;PFDA;SpurenstoffeOrganisch;2025-09-09;2025
WASSER;GEW_BIRS_BIRSK;47.55697000773648, 7.617757783797172;2613483;1267377;09.09.2025;11:10;STICHPROBE;303600;PFAS;PFHpS_Perfluorheptansulfonsäure;0.0003;<0.0003;;µg/L;12025090905;22025090076;4502310216;False;375-92-8;PFHpS;SpurenstoffeOrganisch;2025-09-09;2025
WASSER;GEW_BIRS_BIRSK;47.55697000773648, 7.617757783797172;2613483;1267377;09.09.2025;11:10;STICHPROBE;303700;PFAS;PFHxA_Perfluorhexansäure;0.0005;0.0022;0.0022;µg/L;12025090905;22025090076;4502310213;False;307-24-4;PFHxA;SpurenstoffeOrganisch;2025-09-09;2025
WASSER;GEW_BIRS_BIRSK;47.55697000773648, 7.617757783797172;2613483;1267377;09.09.2025;11:10;STICHPROBE;303900;PFAS;PFHxS_Perfluorhexansulfonsäure;0.0002;0.0010;0.001;µg/L;12025090905;22025090076;4502310214;False;355-46-4;PFHxS;SpurenstoffeOrganisch;2025-09-09;2025
WASSER;GEW_BIRS_BIRSK;47.55697000773648, 7.617757783797172;2613483;1267377;09.09.2025;11:10;STICHPROBE;304900;PFAS;PFPrA_Pentafluorpropionsäure;0.005;0.0062;0.0062;µg/L;12025090905;22025090076;4502380302;False;422-64-0;PFPrA;;2025-09-09;2025
WASSER;GEW_BIRS_BIRSK;47.55697000773648, 7.617757783797172;2613483;1267377;09.09.2025;11:10;STICHPROBE;305300;PFAS;PFTrDA_Perfluortridekansäure;0.001;<0.0010;;µg/L;12025090905;22025090076;4502310228;False;72629-94-8;PFTrDA;SpurenstoffeOrganisch;2025-09-09;2025
WASSER;GEW_BIRS_BIRSK;47.55697000773648, 7.617757783797172;2613483;1267377;09.09.2025;11:10;STICHPROBE;306000;PFAS;Toxizitaetsgewichtete_Summe_9_PFAS;1.0;8.9;8.9;ng_TEQ/L;12025090905;22025090076;4502310220;False;;;;2025-09-09;2025
WASSER;GEW_BIRS_BIRSK;47.55697000773648, 7.617757783797172;2613483;1267377;15.07.2025;11:25;STICHPROBE;301000;PFAS;6:2-FTS_1H,1H,2H,2H-Perfluoroctansulfonsäure;0.0009;<0.0009;;µg/L;12025071505;22025070077;4502310277;False;27619-97-2;6_2-FTS;SpurenstoffeOrganisch;2025-07-15;2025
WASSER;GEW_BIRS_BIRSK;47.55697000773648, 7.617757783797172;2613483;1267377;15.07.2025;11:25;STICHPROBE;302000;PFAS;FOSAA_Perfluoroctansulfonamidoessigsäure;0.0005;<0.0005;;µg/L;12025071505;22025070077;4502310284;False;2806-24-8;FOSAA;SpurenstoffeOrganisch;2025-07-15;2025
WASSER;GEW_BIRS_BIRSK;47.55697000773648, 7.617757783797172;2613483;1267377;15.07.2025;11:25;STICHPROBE;302200;PFAS;N-EtFOSAA_N-Ethylperfluoroctansulfonamidoessigsäure;0.0007;<0.0007;;µg/L;12025071505;22025070077;4502310281;False;2991-50-6;N-EtFOSAA;SpurenstoffeOrganisch;2025-07-15;2025
WASSER;GEW_BIRS_BIRSK;47.55697000773648, 7.617757783797172;2613483;1267377;15.07.2025;11:25;STICHPROBE;302400;PFAS;N-MeFOSA_N-Methylperfluoroctansulfonamid;0.0007;<0.0007;;µg/L;12025071505;22025070077;4502310282;False;31506-32-8;N-MeFOSA;SpurenstoffeOrganisch;2025-07-15;2025
WASSER;GEW_BIRS_BIRSK;47.55697000773648, 7.617757783797172;2613483;1267377;15.07.2025;11:25;STICHPROBE;302500;PFAS;N-MeFOSAA_N-Methylperfluoroctansulfonamidoessigsäure;0.0005;<0.0005;;µg/L;12025071505;22025070077;4502310283;False;2355-31-9;N-MeFOSAA;SpurenstoffeOrganisch;2025-07-15;2025
WASSER;GEW_BIRS_BIRSK;47.55697000773648, 7.617757783797172;2613483;1267377;15.07.2025;11:25;STICHPROBE;302800;PFAS;PFBS_Perfluorbutansulfonsäure;0.0003;0.0012;0.0012;µg/L;12025071505;22025070077;4502310251;False;375-73-5;PFBS;SpurenstoffeOrganisch;2025-07-15;2025
WASSER;GEW_BIRS_BIRSK;47.55697000773648, 7.617757783797172;2613483;1267377;15.07.2025;11:25;STICHPROBE;303600;PFAS;PFHpS_Perfluorheptansulfonsäure;0.0003;<0.0003;;µg/L;12025071505;22025070077;4502310257;False;375-92-8;PFHpS;SpurenstoffeOrganisch;2025-07-15;2025
WASSER;GEW_BIRS_BIRSK;47.55697000773648, 7.617757783797172;2613483;1267377;15.07.2025;11:25;STICHPROBE;304100;PFAS;PFNA_Perfluornonansäure;0.0005;<0.0005;;µg/L;12025071505;22025070077;4502310260;False;375-95-1;PFNA;SpurenstoffeOrganisch;2025-07-15;2025
WASSER;GEW_BIRS_BIRSK;47.55697000773648, 7.617757783797172;2613483;1267377;15.07.2025;11:25;STICHPROBE;304200;PFAS;PFNS_Perfluornonansulfonsäure;0.0005;<0.0005;;µg/L;12025071505;22025070077;4502310262;False;68259-12-1;PFNS;SpurenstoffeOrganisch;2025-07-15;2025
WASSER;GEW_BIRS_BIRSK;47.55697000773648, 7.617757783797172;2613483;1267377;15.07.2025;11:25;STICHPROBE;304600;PFAS;PFOSA_Perfluoroctansulfonamid;0.0003;<0.0003;;µg/L;12025071505;22025070077;4502310286;False;754-91-6;PFOSA;;2025-07-15;2025
WASSER;GEW_BIRS_BIRSK;47.55697000773648, 7.617757783797172;2613483;1267377;15.07.2025;11:25;STICHPROBE;304700;PFAS;PFPeA_Perfluorpentansäure;0.0005;0.0039;0.0039;µg/L;12025071505;22025070077;4502310252;False;2706-90-3;PFPeA;SpurenstoffeOrganisch;2025-07-15;2025
WASSER;GEW_BIRS_BIRSK;47.55697000773648, 7.617757783797172;2613483;1267377;15.07.2025;11:25;STICHPROBE;305000;PFAS;PFPrOPrA_Perfluor-2-propoxypropansäure;0.0002;<0.0002;;µg/L;12025071505;22025070077;4502310287;False;13252-13-6;PFPrOPrA;;2025-07-15;2025
WASSER;GEW_BIRS_BIRSK;47.55697000773648, 7.617757783797172;2613483;1267377;15.07.2025;11:25;STICHPROBE;301900;PFAS;DONA_Perfluor-4,8-dioxa-3H-nonansäure;0.0002;<0.0002;;µg/L;12025071505;22025070077;4502310288;False;919005-14-4;DONA;;2025-07-15;2025
WASSER;GEW_BIRS_BIRSK;47.55697000773648, 7.617757783797172;2613483;1267377;15.07.2025;11:25;STICHPROBE;302700;PFAS;PFBA_Perfluorbutansäure;0.002;0.003;0.003;µg/L;12025071505;22025070077;4502310250;False;375-22-4;PFBA;SpurenstoffeOrganisch;2025-07-15;2025
WASSER;GEW_BIRS_BIRSK;47.55697000773648, 7.617757783797172;2613483;1267377;15.07.2025;11:25;STICHPROBE;303700;PFAS;PFHxA_Perfluorhexansäure;0.0005;0.0038;0.0038;µg/L;12025071505;22025070077;4502310254;False;307-24-4;PFHxA;SpurenstoffeOrganisch;2025-07-15;2025
WASSER;GEW_BIRS_BIRSK;47.55697000773648, 7.617757783797172;2613483;1267377;15.07.2025;11:25;STICHPROBE;304500;PFAS;PFOS_Perfluoroctansulfonsäure;0.0003;0.0053;0.0053;µg/L;12025071505;22025070077;4502310259;False;1763-23-1;PFOS;SpurenstoffeOrganisch;2025-07-15;2025
WASSER;GEW_BIRS_BIRSK;47.55697000773648, 7.617757783797172;2613483;1267377;15.07.2025;11:25;STICHPROBE;304800;PFAS;PFPeS_Perfluorpentansulfonsäure;0.0005;<0.0005;;µg/L;12025071505;22025070077;4502310253;False;2706-91-4;PFPeS;SpurenstoffeOrganisch;2025-07-15;2025
WASSER;GEW_BIRS_BIRSK;47.55697000773648, 7.617757783797172;2613483;1267377;15.07.2025;11:25;STICHPROBE;305300;PFAS;PFTrDA_Perfluortridekansäure;0.001;<0.0010;;µg/L;12025071505;22025070077;4502310269;False;72629-94-8;PFTrDA;SpurenstoffeOrganisch;2025-07-15;2025
WASSER;GEW_BIRS_BIRSK;47.55697000773648, 7.617757783797172;2613483;1267377;15.07.2025;11:25;STICHPROBE;305500;PFAS;PFUnDA_Perfluorundekansäure;0.0005;<0.0005;;µg/L;12025071505;22025070077;4502310265;False;2058-94-8;PFUnDA;SpurenstoffeOrganisch;2025-07-15;2025
WASSER;GEW_BIRS_BIRSK;47.55697000773648, 7.617757783797172;2613483;1267377;15.07.2025;11:25;STICHPROBE;305700;PFAS;TFA_Trifluoressigsäure;0.1;0.48;0.48;µg/L;12025071505;22025070077;4502351931;False;76-05-1;TFA;;2025-07-15;2025
WASSER;GEW_BIRS_BIRSK;47.55697000773648, 7.617757783797172;2613483;1267377;15.07.2025;11:25;STICHPROBE;300500;PFAS;6:2-Cl-PFESA_9-Chlorhexadecafluor-3-oxanonan-1-sulfonsäure;0.0003;<0.0003;;µg/L;12025071505;22025070077;4502310290;False;756426-58-1;6_2-Cl-PFESA;;2025-07-15;2025
WASSER;GEW_BIRS_BIRSK;47.55697000773648, 7.617757783797172;2613483;1267377;15.07.2025;11:25;STICHPROBE;301500;PFAS;8:2-FTS_1H,1H,2H,2H-Perfluordekansulfonsäure;0.0006;<0.0006;;µg/L;12025071505;22025070077;4502310274;False;39108-34-4;8_2-FTS;SpurenstoffeOrganisch;2025-07-15;2025
WASSER;GEW_BIRS_BIRSK;47.55697000773648, 7.617757783797172;2613483;1267377;15.07.2025;11:25;STICHPROBE;302100;PFAS;N-EtFOSA_N-Ethylperfluoroctansulfonamid;0.0003;<0.0003;;µg/L;12025071505;22025070077;4502310285;False;4151-50-2;N-EtFOSA;;2025-07-15;2025
WASSER;GEW_BIRS_BIRSK;47.55697000773648, 7.617757783797172;2613483;1267377;15.07.2025;11:25;STICHPROBE;302900;PFAS;PFDA_Perfluordekansäure;0.0005;<0.0005;;µg/L;12025071505;22025070077;4502310263;False;335-76-2;PFDA;SpurenstoffeOrganisch;2025-07-15;2025
WASSER;GEW_BIRS_BIRSK;47.55697000773648, 7.617757783797172;2613483;1267377;15.07.2025;11:25;STICHPROBE;303100;PFAS;PFDoDA_Perfluordodekansäure;0.0006;<0.0006;;µg/L;12025071505;22025070077;4502310267;False;307-55-1;PFDoDA;SpurenstoffeOrganisch;2025-07-15;2025
WASSER;GEW_BIRS_BIRSK;47.55697000773648, 7.617757783797172;2613483;1267377;15.07.2025;11:25;STICHPROBE;303300;PFAS;PFDS_Perfluordekansulfonsäure;0.0005;<0.0005;;µg/L;12025071505;22025070077;4502310264;False;335-77-3;PFDS;SpurenstoffeOrganisch;2025-07-15;2025
WASSER;GEW_BIRS_BIRSK;47.55697000773648, 7.617757783797172;2613483;1267377;15.07.2025;11:25;STICHPROBE;303500;PFAS;PFHpA_Perfluorheptansäure;0.0003;0.0012;0.0012;µg/L;12025071505;22025070077;4502310256;False;375-85-9;PFHpA;SpurenstoffeOrganisch;2025-07-15;2025
WASSER;GEW_BIRS_BIRSK;47.55697000773648, 7.617757783797172;2613483;1267377;15.07.2025;11:25;STICHPROBE;303900;PFAS;PFHxS_Perfluorhexansulfonsäure;0.0002;0.0017;0.0017;µg/L;12025071505;22025070077;4502310255;False;355-46-4;PFHxS;SpurenstoffeOrganisch;2025-07-15;2025
WASSER;GEW_BIRS_BIRSK;47.55697000773648, 7.617757783797172;2613483;1267377;15.07.2025;11:25;STICHPROBE;304300;PFAS;PFOA_Perfluoroctansäure;0.0003;0.0019;0.0019;µg/L;12025071505;22025070077;4502310258;False;335-67-1;PFOA;SpurenstoffeOrganisch;2025-07-15;2025
WASSER;GEW_BIRS_BIRSK;47.55697000773648, 7.617757783797172;2613483;1267377;15.07.2025;11:25;STICHPROBE;304900;PFAS;PFPrA_Pentafluorpropionsäure;0.005;<0.0050;;µg/L;12025071505;22025070077;4502380337;False;422-64-0;PFPrA;;2025-07-15;2025
WASSER;GEW_BIRS_BIRSK;47.55697000773648, 7.617757783797172;2613483;1267377;15.07.2025;11:25;STICHPROBE;306000;PFAS;Toxizitaetsgewichtete_Summe_9_PFAS;1.0;15;15.0;ng_TEQ/L;12025071505;22025070077;4502310261;False;;;;2025-07-15;2025
WASSER;GEW_BIRS_BIRSK;47.55697000773648, 7.617757783797172;2613483;1267377;03.06.2025;10:25;STICHPROBE;302400;PFAS;N-MeFOSA_N-Methylperfluoroctansulfonamid;0.0007;<0.0007;;µg/L;12025060305;22025060079;4502310323;False;31506-32-8;N-MeFOSA;SpurenstoffeOrganisch;2025-06-03;2025
WASSER;GEW_BIRS_BIRSK;47.55697000773648, 7.617757783797172;2613483;1267377;03.06.2025;10:25;STICHPROBE;302700;PFAS;PFBA_Perfluorbutansäure;0.0015;0.0018;0.0018;µg/L;12025060305;22025060079;4502310291;False;375-22-4;PFBA;SpurenstoffeOrganisch;2025-06-03;2025
WASSER;GEW_BIRS_BIRSK;47.55697000773648, 7.617757783797172;2613483;1267377;03.06.2025;10:25;STICHPROBE;303700;PFAS;PFHxA_Perfluorhexansäure;0.0005;0.0011;0.0011;µg/L;12025060305;22025060079;4502310295;False;307-24-4;PFHxA;SpurenstoffeOrganisch;2025-06-03;2025
WASSER;GEW_BIRS_BIRSK;47.55697000773648, 7.617757783797172;2613483;1267377;03.06.2025;10:25;STICHPROBE;304200;PFAS;PFNS_Perfluornonansulfonsäure;0.0005;<0.0005;;µg/L;12025060305;22025060079;4502310303;False;68259-12-1;PFNS;SpurenstoffeOrganisch;2025-06-03;2025
WASSER;GEW_BIRS_BIRSK;47.55697000773648, 7.617757783797172;2613483;1267377;03.06.2025;10:25;STICHPROBE;304300;PFAS;PFOA_Perfluoroctansäure;0.0003;0.0009;0.0009;µg/L;12025060305;22025060079;4502310299;False;335-67-1;PFOA;SpurenstoffeOrganisch;2025-06-03;2025
WASSER;GEW_BIRS_BIRSK;47.55697000773648, 7.617757783797172;2613483;1267377;03.06.2025;10:25;STICHPROBE;304900;PFAS;PFPrA_Pentafluorpropionsäure;0.005;<0.0050;;µg/L;12025060305;22025060079;4502380379;False;422-64-0;PFPrA;;2025-06-03;2025
WASSER;GEW_BIRS_BIRSK;47.55697000773648, 7.617757783797172;2613483;1267377;03.06.2025;10:25;STICHPROBE;305000;PFAS;PFPrOPrA_Perfluor-2-propoxypropansäure;0.0002;<0.0002;;µg/L;12025060305;22025060079;4502310328;False;13252-13-6;PFPrOPrA;;2025-06-03;2025
WASSER;GEW_BIRS_BIRSK;47.55697000773648, 7.617757783797172;2613483;1267377;03.06.2025;10:25;STICHPROBE;305300;PFAS;PFTrDA_Perfluortridekansäure;0.001;<0.0010;;µg/L;12025060305;22025060079;4502310310;False;72629-94-8;PFTrDA;SpurenstoffeOrganisch;2025-06-03;2025
WASSER;GEW_BIRS_BIRSK;47.55697000773648, 7.617757783797172;2613483;1267377;03.06.2025;10:25;STICHPROBE;305700;PFAS;TFA_Trifluoressigsäure;0.1;0.28;0.28;µg/L;12025060305;22025060079;4502351932;False;76-05-1;TFA;;2025-06-03;2025
WASSER;GEW_BIRS_BIRSK;47.55697000773648, 7.617757783797172;2613483;1267377;03.06.2025;10:25;STICHPROBE;300500;PFAS;6:2-Cl-PFESA_9-Chlorhexadecafluor-3-oxanonan-1-sulfonsäure;0.0003;<0.0003;;µg/L;12025060305;22025060079;4502310331;False;756426-58-1;6_2-Cl-PFESA;;2025-06-03;2025
WASSER;GEW_BIRS_BIRSK;47.55697000773648, 7.617757783797172;2613483;1267377;03.06.2025;10:25;STICHPROBE;301000;PFAS;6:2-FTS_1H,1H,2H,2H-Perfluoroctansulfonsäure;0.0009;<0.0009;;µg/L;12025060305;22025060079;4502310318;False;27619-97-2;6_2-FTS;SpurenstoffeOrganisch;2025-06-03;2025
WASSER;GEW_BIRS_BIRSK;47.55697000773648, 7.617757783797172;2613483;1267377;03.06.2025;10:25;STICHPROBE;301500;PFAS;8:2-FTS_1H,1H,2H,2H-Perfluordekansulfonsäure;0.0006;<0.0006;;µg/L;12025060305;22025060079;4502310315;False;39108-34-4;8_2-FTS;SpurenstoffeOrganisch;2025-06-03;2025
WASSER;GEW_BIRS_BIRSK;47.55697000773648, 7.617757783797172;2613483;1267377;03.06.2025;10:25;STICHPROBE;302000;PFAS;FOSAA_Perfluoroctansulfonamidoessigsäure;0.0005;<0.0005;;µg/L;12025060305;22025060079;4502310325;False;2806-24-8;FOSAA;SpurenstoffeOrganisch;2025-06-03;2025
WASSER;GEW_BIRS_BIRSK;47.55697000773648, 7.617757783797172;2613483;1267377;03.06.2025;10:25;STICHPROBE;303500;PFAS;PFHpA_Perfluorheptansäure;0.0003;0.0005;0.0005;µg/L;12025060305;22025060079;4502310297;False;375-85-9;PFHpA;SpurenstoffeOrganisch;2025-06-03;2025
WASSER;GEW_BIRS_BIRSK;47.55697000773648, 7.617757783797172;2613483;1267377;03.06.2025;10:25;STICHPROBE;303600;PFAS;PFHpS_Perfluorheptansulfonsäure;0.0003;<0.0003;;µg/L;12025060305;22025060079;4502310298;False;375-92-8;PFHpS;SpurenstoffeOrganisch;2025-06-03;2025
WASSER;GEW_BIRS_BIRSK;47.55697000773648, 7.617757783797172;2613483;1267377;03.06.2025;10:25;STICHPROBE;303900;PFAS;PFHxS_Perfluorhexansulfonsäure;0.0002;0.0003;0.0003;µg/L;12025060305;22025060079;4502310296;False;355-46-4;PFHxS;SpurenstoffeOrganisch;2025-06-03;2025
WASSER;GEW_BIRS_BIRSK;47.55697000773648, 7.617757783797172;2613483;1267377;03.06.2025;10:25;STICHPROBE;304100;PFAS;PFNA_Perfluornonansäure;0.0005;<0.0005;;µg/L;12025060305;22025060079;4502310301;False;375-95-1;PFNA;SpurenstoffeOrganisch;2025-06-03;2025
WASSER;GEW_BIRS_BIRSK;47.55697000773648, 7.617757783797172;2613483;1267377;03.06.2025;10:25;STICHPROBE;304800;PFAS;PFPeS_Perfluorpentansulfonsäure;0.0005;<0.0005;;µg/L;12025060305;22025060079;4502310294;False;2706-91-4;PFPeS;SpurenstoffeOrganisch;2025-06-03;2025
WASSER;GEW_BIRS_BIRSK;47.55697000773648, 7.617757783797172;2613483;1267377;03.06.2025;10:25;STICHPROBE;305500;PFAS;PFUnDA_Perfluorundekansäure;0.0005;<0.0005;;µg/L;12025060305;22025060079;4502310306;False;2058-94-8;PFUnDA;SpurenstoffeOrganisch;2025-06-03;2025
WASSER;GEW_BIRS_BIRSK;47.55697000773648, 7.617757783797172;2613483;1267377;03.06.2025;10:25;STICHPROBE;306000;PFAS;Toxizitaetsgewichtete_Summe_9_PFAS;1.0;5.4;5.4;ng_TEQ/L;12025060305;22025060079;4502310302;False;;;;2025-06-03;2025
WASSER;GEW_BIRS_BIRSK;47.55697000773648, 7.617757783797172;2613483;1267377;03.06.2025;10:25;STICHPROBE;301900;PFAS;DONA_Perfluor-4,8-dioxa-3H-nonansäure;0.0002;<0.0002;;µg/L;12025060305;22025060079;4502310329;False;919005-14-4;DONA;;2025-06-03;2025
WASSER;GEW_BIRS_BIRSK;47.55697000773648, 7.617757783797172;2613483;1267377;03.06.2025;10:25;STICHPROBE;302100;PFAS;N-EtFOSA_N-Ethylperfluoroctansulfonamid;0.0003;<0.0003;;µg/L;12025060305;22025060079;4502310326;False;4151-50-2;N-EtFOSA;;2025-06-03;2025
WASSER;GEW_BIRS_BIRSK;47.55697000773648, 7.617757783797172;2613483;1267377;03.06.2025;10:25;STICHPROBE;302200;PFAS;N-EtFOSAA_N-Ethylperfluoroctansulfonamidoessigsäure;0.0007;<0.0007;;µg/L;12025060305;22025060079;4502310322;False;2991-50-6;N-EtFOSAA;SpurenstoffeOrganisch;2025-06-03;2025
WASSER;GEW_BIRS_BIRSK;47.55697000773648, 7.617757783797172;2613483;1267377;03.06.2025;10:25;STICHPROBE;302500;PFAS;N-MeFOSAA_N-Methylperfluoroctansulfonamidoessigsäure;0.0005;<0.0005;;µg/L;12025060305;22025060079;4502310324;False;2355-31-9;N-MeFOSAA;SpurenstoffeOrganisch;2025-06-03;2025
WASSER;GEW_BIRS_BIRSK;47.55697000773648, 7.617757783797172;2613483;1267377;03.06.2025;10:25;STICHPROBE;302800;PFAS;PFBS_Perfluorbutansulfonsäure;0.0003;0.0006;0.0006;µg/L;12025060305;22025060079;4502310292;False;375-73-5;PFBS;SpurenstoffeOrganisch;2025-06-03;2025
WASSER;GEW_BIRS_BIRSK;47.55697000773648, 7.617757783797172;2613483;1267377;03.06.2025;10:25;STICHPROBE;302900;PFAS;PFDA_Perfluordekansäure;0.0005;<0.0005;;µg/L;12025060305;22025060079;4502310304;False;335-76-2;PFDA;SpurenstoffeOrganisch;2025-06-03;2025
WASSER;GEW_BIRS_BIRSK;47.55697000773648, 7.617757783797172;2613483;1267377;03.06.2025;10:25;STICHPROBE;303100;PFAS;PFDoDA_Perfluordodekansäure;0.0006;<0.0006;;µg/L;12025060305;22025060079;4502310308;False;307-55-1;PFDoDA;SpurenstoffeOrganisch;2025-06-03;2025
WASSER;GEW_BIRS_BIRSK;47.55697000773648, 7.617757783797172;2613483;1267377;03.06.2025;10:25;STICHPROBE;303300;PFAS;PFDS_Perfluordekansulfonsäure;0.0005;<0.0005;;µg/L;12025060305;22025060079;4502310305;False;335-77-3;PFDS;SpurenstoffeOrganisch;2025-06-03;2025
WASSER;GEW_BIRS_BIRSK;47.55697000773648, 7.617757783797172;2613483;1267377;03.06.2025;10:25;STICHPROBE;304500;PFAS;PFOS_Perfluoroctansulfonsäure;0.0003;0.0019;0.0019;µg/L;12025060305;22025060079;4502310300;False;1763-23-1;PFOS;SpurenstoffeOrganisch;2025-06-03;2025
WASSER;GEW_BIRS_BIRSK;47.55697000773648, 7.617757783797172;2613483;1267377;03.06.2025;10:25;STICHPROBE;304600;PFAS;PFOSA_Perfluoroctansulfonamid;0.0003;<0.0003;;µg/L;12025060305;22025060079;4502310327;False;754-91-6;PFOSA;;2025-06-03;2025
WASSER;GEW_BIRS_BIRSK;47.55697000773648, 7.617757783797172;2613483;1267377;03.06.2025;10:25;STICHPROBE;304700;PFAS;PFPeA_Perfluorpentansäure;0.0005;<0.0005;;µg/L;12025060305;22025060079;4502310293;False;2706-90-3;PFPeA;SpurenstoffeOrganisch;2025-06-03;2025
WASSER;GEW_AUBACH_IN_DER_AU;47.58575070322978, 7.659170111406881;2616591;1270585;10.10.2023;12:05;STICHPROBE;202150;PFAS;10:2-FTCA_2-(Perfluordecyl)ethansäure;0.003;<0.003;;µg/L;12023101004;22023100052;4501771898;False;53826-13-4;10_2-FTCA;SpurenstoffeOrganisch;2023-10-10;2023
WASSER;GEW_WIESE_HOCHBERGER165_R_UFER;47.58222784022979, 7.589888642709256;2611380;1270181;10.10.2023;09:45;STICHPROBE;202250;PFAS;10:2-FTS_1H,1H,2H,2H-Perfluordodekansulfonsäure;0.003;n. bestimmbar;;µg/L;12023101004;22023100054;4501771862;False;120226-60-0;10_2-FTS;SpurenstoffeOrganisch;2023-10-10;2023
WASSER;GEW_AUBACH_IN_DER_AU;47.58575070322978, 7.659170111406881;2616591;1270585;10.10.2023;12:05;STICHPROBE;202850;PFAS;6:2-FTCA_2-(Perfluorhexyl)ethansäure;0.003;<0.003;;µg/L;12023101004;22023100052;4501771899;False;53826-12-3;6_2-FTCA;SpurenstoffeOrganisch;2023-10-10;2023
WASSER;GEW_BIRS_BIRSK;47.55697000773648, 7.617757783797172;2613483;1267377;10.10.2023;11:10;STICHPROBE;202850;PFAS;6:2-FTCA_2-(Perfluorhexyl)ethansäure;0.003;<0.003;;µg/L;12023101006;22023100056;4501771833;False;53826-12-3;6_2-FTCA;SpurenstoffeOrganisch;2023-10-10;2023
WASSER;GEW_AUBACH_IN_DER_AU;47.58575070322978, 7.659170111406881;2616591;1270585;10.10.2023;12:05;STICHPROBE;203150;PFAS;6:2-FTS_1H,1H,2H,2H-Perfluoroctansulfonsäure;0.003;<0.003;;µg/L;12023101004;22023100052;4501771897;False;27619-97-2;6_2-FTS;SpurenstoffeOrganisch;2023-10-10;2023
WASSER;GEW_WIESE_HOCHBERGER165_R_UFER;47.58222784022979, 7.589888642709256;2611380;1270181;10.10.2023;09:45;STICHPROBE;203150;PFAS;6:2-FTS_1H,1H,2H,2H-Perfluoroctansulfonsäure;0.003;<0.003;;µg/L;12023101004;22023100054;4501771864;False;27619-97-2;6_2-FTS;SpurenstoffeOrganisch;2023-10-10;2023
WASSER;GEW_BIRS_BIRSK;47.55697000773648, 7.617757783797172;2613483;1267377;10.10.2023;11:10;STICHPROBE;203450;PFAS;8:2-FTCA_2-(Perfluoroctyl)ethansäure;0.003;<0.003;;µg/L;12023101006;22023100056;4501771834;False;27854-31-5;8_2-FTCA;SpurenstoffeOrganisch;2023-10-10;2023
WASSER;GEW_NEUER_TEICH_BREITMATT;47.57899494441358, 7.629488511667779;2614360;1269828;10.10.2023;12:25;STICHPROBE;203450;PFAS;8:2-FTCA_2-(Perfluoroctyl)ethansäure;0.003;<0.003;;µg/L;12023101004;22023100209;4501790215;False;27854-31-5;8_2-FTCA;SpurenstoffeOrganisch;2023-10-10;2023
WASSER;GEW_NEUER_TEICH_BREITMATT;47.57899494441358, 7.629488511667779;2614360;1269828;10.10.2023;12:25;STICHPROBE;203650;PFAS;8:2-FTS_1H,1H,2H,2H-Perfluordekansulfonsäure;0.003;<0.003;;µg/L;12023101004;22023100209;4501790209;False;39108-34-4;8_2-FTS;SpurenstoffeOrganisch;2023-10-10;2023
WASSER;GEW_BIRSIG_HEUW;47.55097972327865, 7.585987477644601;2611093;1266706;10.10.2023;11:30;STICHPROBE;204150;PFAS;FOSAA_Perfluoroctansulfonamidoessigsäure;0.005;<0.005;;µg/L;12023101004;22023100208;4501790194;False;2806-24-8;FOSAA;SpurenstoffeOrganisch;2023-10-10;2023
WASSER;GEW_WIESE_HOCHBERGER165_R_UFER;47.58222784022979, 7.589888642709256;2611380;1270181;10.10.2023;09:45;STICHPROBE;204150;PFAS;FOSAA_Perfluoroctansulfonamidoessigsäure;0.005;<0.005;;µg/L;12023101004;22023100054;4501771879;False;2806-24-8;FOSAA;SpurenstoffeOrganisch;2023-10-10;2023
WASSER;GEW_BIRSIG_HEUW;47.55097972327865, 7.585987477644601;2611093;1266706;10.10.2023;11:30;STICHPROBE;204350;PFAS;N-EtFOSAA_N-Ethylperfluoroctansulfonamidoessigsäure;0.005;<0.005;;µg/L;12023101004;22023100208;4501790183;False;2991-50-6;N-EtFOSAA;SpurenstoffeOrganisch;2023-10-10;2023
WASSER;GEW_BIRSIG_HEUW;47.55097972327865, 7.585987477644601;2611093;1266706;10.10.2023;11:30;STICHPROBE;204650;PFAS;N-MeFOSAA_N-Methylperfluoroctansulfonamidoessigsäure;0.005;<0.005;;µg/L;12023101004;22023100208;4501790185;False;2355-31-9;N-MeFOSAA;SpurenstoffeOrganisch;2023-10-10;2023
WASSER;GEW_AUBACH_IN_DER_AU;47.58575070322978, 7.659170111406881;2616591;1270585;10.10.2023;12:05;STICHPROBE;204850;PFAS;PFBA_Perfluorbutansäure;0.001;0.002;0.002;µg/L;12023101004;22023100052;4501771884;False;375-22-4;PFBA;SpurenstoffeOrganisch;2023-10-10;2023
WASSER;GEW_WIESE_HOCHBERGER165_R_UFER;47.58222784022979, 7.589888642709256;2611380;1270181;10.10.2023;09:45;STICHPROBE;204850;PFAS;PFBA_Perfluorbutansäure;0.001;0.003;0.003;µg/L;12023101004;22023100054;4501771851;False;375-22-4;PFBA;SpurenstoffeOrganisch;2023-10-10;2023
WASSER;GEW_AUBACH_IN_DER_AU;47.58575070322978, 7.659170111406881;2616591;1270585;10.10.2023;12:05;STICHPROBE;204950;PFAS;PFBS_Perfluorbutansulfonsäure;0.001;0.004;0.004;µg/L;12023101004;22023100052;4501771885;False;375-73-5;PFBS;SpurenstoffeOrganisch;2023-10-10;2023
WASSER;GEW_BIRS_BIRSK;47.55697000773648, 7.617757783797172;2613483;1267377;10.10.2023;11:10;STICHPROBE;204950;PFAS;PFBS_Perfluorbutansulfonsäure;0.001;0.002;0.002;µg/L;12023101006;22023100056;4501771819;False;375-73-5;PFBS;SpurenstoffeOrganisch;2023-10-10;2023
WASSER;GEW_WIESE_HOCHBERGER165_R_UFER;47.58222784022979, 7.589888642709256;2611380;1270181;10.10.2023;09:45;STICHPROBE;204950;PFAS;PFBS_Perfluorbutansulfonsäure;0.001;0.002;0.002;µg/L;12023101004;22023100054;4501771852;False;375-73-5;PFBS;SpurenstoffeOrganisch;2023-10-10;2023
WASSER;GEW_WIESE_HOCHBERGER165_R_UFER;47.58222784022979, 7.589888642709256;2611380;1270181;10.10.2023;09:45;STICHPROBE;205050;PFAS;PFDA_Perfluordekansäure;0.003;<0.003;;µg/L;12023101004;22023100054;4501771871;False;335-76-2;PFDA;SpurenstoffeOrganisch;2023-10-10;2023
WASSER;GEW_WIESE_HOCHBERGER165_R_UFER;47.58222784022979, 7.589888642709256;2611380;1270181;10.10.2023;09:45;STICHPROBE;205250;PFAS;PFDoDA_Perfluordodekansäure;0.003;<0.003;;µg/L;12023101004;22023100054;4501771873;False;307-55-1;PFDoDA;SpurenstoffeOrganisch;2023-10-10;2023
WASSER;GEW_BIRS_BIRSK;47.55697000773648, 7.617757783797172;2613483;1267377;10.10.2023;11:10;STICHPROBE;205350;PFAS;PFDoDS_Perfluordodekansulfonsäure;0.003;<0.003;;µg/L;12023101006;22023100056;4501771841;False;79780-39-5;PFDoDS;SpurenstoffeOrganisch;2023-10-10;2023
WASSER;GEW_WIESE_HOCHBERGER165_R_UFER;47.58222784022979, 7.589888642709256;2611380;1270181;10.10.2023;09:45;STICHPROBE;205350;PFAS;PFDoDS_Perfluordodekansulfonsäure;0.003;<0.003;;µg/L;12023101004;22023100054;4501771874;False;79780-39-5;PFDoDS;SpurenstoffeOrganisch;2023-10-10;2023
WASSER;GEW_BIRS_BIRSK;47.55697000773648, 7.617757783797172;2613483;1267377;10.10.2023;11:10;STICHPROBE;205450;PFAS;PFDS_Perfluordekansulfonsäure;0.003;<0.003;;µg/L;12023101006;22023100056;4501771839;False;335-77-3;PFDS;SpurenstoffeOrganisch;2023-10-10;2023
WASSER;GEW_NEUER_TEICH_BREITMATT;47.57899494441358, 7.629488511667779;2614360;1269828;10.10.2023;12:25;STICHPROBE;205450;PFAS;PFDS_Perfluordekansulfonsäure;0.003;<0.003;;µg/L;12023101004;22023100209;4501790220;False;335-77-3;PFDS;SpurenstoffeOrganisch;2023-10-10;2023
WASSER;GEW_AUBACH_IN_DER_AU;47.58575070322978, 7.659170111406881;2616591;1270585;10.10.2023;12:05;STICHPROBE;205650;PFAS;PFHpA_Perfluorheptansäure;0.001;<0.001;;µg/L;12023101004;22023100052;4501771886;False;375-85-9;PFHpA;SpurenstoffeOrganisch;2023-10-10;2023
WASSER;GEW_NEUER_TEICH_BREITMATT;47.57899494441358, 7.629488511667779;2614360;1269828;10.10.2023;12:25;STICHPROBE;205750;PFAS;PFHpS_Perfluorheptansulfonsäure;0.003;<0.003;;µg/L;12023101004;22023100209;4501790223;False;375-92-8;PFHpS;SpurenstoffeOrganisch;2023-10-10;2023
WASSER;GEW_WIESE_HOCHBERGER165_R_UFER;47.58222784022979, 7.589888642709256;2611380;1270181;10.10.2023;09:45;STICHPROBE;205750;PFAS;PFHpS_Perfluorheptansulfonsäure;0.003;<0.003;;µg/L;12023101004;22023100054;4501771875;False;375-92-8;PFHpS;SpurenstoffeOrganisch;2023-10-10;2023
WASSER;GEW_BIRSIG_HEUW;47.55097972327865, 7.585987477644601;2611093;1266706;10.10.2023;11:30;STICHPROBE;206050;PFAS;PFHxS_Perfluorhexansulfonsäure;0.001;0.009;0.009;µg/L;12023101004;22023100208;4501790170;False;355-46-4;PFHxS;SpurenstoffeOrganisch;2023-10-10;2023
WASSER;GEW_WIESE_HOCHBERGER165_R_UFER;47.58222784022979, 7.589888642709256;2611380;1270181;10.10.2023;09:45;STICHPROBE;206050;PFAS;PFHxS_Perfluorhexansulfonsäure;0.001;0.001;0.001;µg/L;12023101004;22023100054;4501771855;False;355-46-4;PFHxS;SpurenstoffeOrganisch;2023-10-10;2023
WASSER;GEW_NEUER_TEICH_BREITMATT;47.57899494441358, 7.629488511667779;2614360;1269828;10.10.2023;12:25;STICHPROBE;206250;PFAS;PFNA_Perfluornonansäure;0.001;<0.001;;µg/L;12023101004;22023100209;4501790204;False;375-95-1;PFNA;SpurenstoffeOrganisch;2023-10-10;2023
WASSER;GEW_WIESE_HOCHBERGER165_R_UFER;47.58222784022979, 7.589888642709256;2611380;1270181;10.10.2023;09:45;STICHPROBE;206250;PFAS;PFNA_Perfluornonansäure;0.001;<0.001;;µg/L;12023101004;22023100054;4501771856;False;375-95-1;PFNA;SpurenstoffeOrganisch;2023-10-10;2023
WASSER;GEW_WIESE_HOCHBERGER165_R_UFER;47.58222784022979, 7.589888642709256;2611380;1270181;10.10.2023;09:45;STICHPROBE;206350;PFAS;PFNS_Perfluornonansulfonsäure;0.003;<0.003;;µg/L;12023101004;22023100054;4501771877;False;68259-12-1;PFNS;SpurenstoffeOrganisch;2023-10-10;2023
WASSER;GEW_NEUER_TEICH_BREITMATT;47.57899494441358, 7.629488511667779;2614360;1269828;10.10.2023;12:25;STICHPROBE;206450;PFAS;PFOA_Perfluoroctansäure;0.001;0.001;0.001;µg/L;12023101004;22023100209;4501790205;False;335-67-1;PFOA;SpurenstoffeOrganisch;2023-10-10;2023
WASSER;GEW_BIRS_BIRSK;47.55697000773648, 7.617757783797172;2613483;1267377;10.10.2023;11:10;STICHPROBE;206650;PFAS;PFOS_Perfluoroctansulfonsäure;0.001;0.006;0.006;µg/L;12023101006;22023100056;4501771825;False;1763-23-1;PFOS;SpurenstoffeOrganisch;2023-10-10;2023
WASSER;GEW_BIRSIG_HEUW;47.55097972327865, 7.585987477644601;2611093;1266706;10.10.2023;11:30;STICHPROBE;206650;PFAS;PFOS_Perfluoroctansulfonsäure;0.001;0.010;0.01;µg/L;12023101004;22023100208;4501790173;False;1763-23-1;PFOS;SpurenstoffeOrganisch;2023-10-10;2023
WASSER;GEW_BIRS_BIRSK;47.55697000773648, 7.617757783797172;2613483;1267377;10.10.2023;11:10;STICHPROBE;206850;PFAS;PFPeA_Perfluorpentansäure;0.001;0.004;0.004;µg/L;12023101006;22023100056;4501771826;False;2706-90-3;PFPeA;SpurenstoffeOrganisch;2023-10-10;2023
WASSER;GEW_BIRSIG_HEUW;47.55097972327865, 7.585987477644601;2611093;1266706;10.10.2023;11:30;STICHPROBE;206850;PFAS;PFPeA_Perfluorpentansäure;0.001;0.012;0.012;µg/L;12023101004;22023100208;4501790174;False;2706-90-3;PFPeA;SpurenstoffeOrganisch;2023-10-10;2023
WASSER;GEW_AUBACH_IN_DER_AU;47.58575070322978, 7.659170111406881;2616591;1270585;10.10.2023;12:05;STICHPROBE;206950;PFAS;PFPeS_Perfluorpentansulfonsäure;0.003;<0.003;;µg/L;12023101004;22023100052;4501771913;False;2706-91-4;PFPeS;SpurenstoffeOrganisch;2023-10-10;2023
WASSER;GEW_WIESE_HOCHBERGER165_R_UFER;47.58222784022979, 7.589888642709256;2611380;1270181;10.10.2023;09:45;STICHPROBE;206950;PFAS;PFPeS_Perfluorpentansulfonsäure;0.003;<0.003;;µg/L;12023101004;22023100054;4501771880;False;2706-91-4;PFPeS;SpurenstoffeOrganisch;2023-10-10;2023
WASSER;GEW_AUBACH_IN_DER_AU;47.58575070322978, 7.659170111406881;2616591;1270585;10.10.2023;12:05;STICHPROBE;207350;PFAS;PFTeDA_Perfluortetradekansäure;0.003;<0.003;;µg/L;12023101004;22023100052;4501771914;False;376-06-7;PFTeDA;SpurenstoffeOrganisch;2023-10-10;2023
WASSER;GEW_BIRSIG_HEUW;47.55097972327865, 7.585987477644601;2611093;1266706;10.10.2023;11:30;STICHPROBE;207350;PFAS;PFTeDA_Perfluortetradekansäure;0.003;<0.003;;µg/L;12023101004;22023100208;4501790196;False;376-06-7;PFTeDA;SpurenstoffeOrganisch;2023-10-10;2023
WASSER;GEW_WIESE_HOCHBERGER165_R_UFER;47.58222784022979, 7.589888642709256;2611380;1270181;10.10.2023;09:45;STICHPROBE;207350;PFAS;PFTeDA_Perfluortetradekansäure;0.003;<0.003;;µg/L;12023101004;22023100054;4501771881;False;376-06-7;PFTeDA;SpurenstoffeOrganisch;2023-10-10;2023
WASSER;GEW_BIRSIG_HEUW;47.55097972327865, 7.585987477644601;2611093;1266706;10.10.2023;11:30;STICHPROBE;207450;PFAS;PFTrDA_Perfluortridekansäure;0.003;<0.003;;µg/L;12023101004;22023100208;4501790197;False;72629-94-8;PFTrDA;SpurenstoffeOrganisch;2023-10-10;2023
WASSER;GEW_WIESE_HOCHBERGER165_R_UFER;47.58222784022979, 7.589888642709256;2611380;1270181;10.10.2023;09:45;STICHPROBE;207450;PFAS;PFTrDA_Perfluortridekansäure;0.003;<0.003;;µg/L;12023101004;22023100054;4501771882;False;72629-94-8;PFTrDA;SpurenstoffeOrganisch;2023-10-10;2023
WASSER;GEW_BIRS_BIRSK;47.55697000773648, 7.617757783797172;2613483;1267377;10.10.2023;11:10;STICHPROBE;207650;PFAS;PFUnDA_Perfluorundekansäure;0.003;<0.003;;µg/L;12023101006;22023100056;4501771850;False;2058-94-8;PFUnDA;SpurenstoffeOrganisch;2023-10-10;2023
WASSER;GEW_BIRSIG_HEUW;47.55097972327865, 7.585987477644601;2611093;1266706;10.10.2023;11:30;STICHPROBE;207650;PFAS;PFUnDA_Perfluorundekansäure;0.003;<0.003;;µg/L;12023101004;22023100208;4501790198;False;2058-94-8;PFUnDA;SpurenstoffeOrganisch;2023-10-10;2023
WASSER;GEW_WIESE_HOCHBERGER165_R_UFER;47.58222784022979, 7.589888642709256;2611380;1270181;10.10.2023;09:45;STICHPROBE;207650;PFAS;PFUnDA_Perfluorundekansäure;0.003;<0.003;;µg/L;12023101004;22023100054;4501771883;False;2058-94-8;PFUnDA;SpurenstoffeOrganisch;2023-10-10;2023
WASSER;GEW_BIRS_BIRSK;47.55697000773648, 7.617757783797172;2613483;1267377;10.10.2023;11:10;STICHPROBE;208000;PFAS;Toxizitaetsgewichtete_Summe_9_PFAS;1.0;19;19.0;ng_TEQ/L;12023101006;22023100056;4501771827;False;;;;2023-10-10;2023
WASSER;GEW_BIRS_BIRSK;47.55697000773648, 7.617757783797172;2613483;1267377;10.10.2023;11:10;STICHPROBE;202150;PFAS;10:2-FTCA_2-(Perfluordecyl)ethansäure;0.003;<0.003;;µg/L;12023101006;22023100056;4501771832;False;53826-13-4;10_2-FTCA;SpurenstoffeOrganisch;2023-10-10;2023
WASSER;GEW_NEUER_TEICH_BREITMATT;47.57899494441358, 7.629488511667779;2614360;1269828;10.10.2023;12:25;STICHPROBE;202150;PFAS;10:2-FTCA_2-(Perfluordecyl)ethansäure;0.003;<0.003;;µg/L;12023101004;22023100209;4501790213;False;53826-13-4;10_2-FTCA;SpurenstoffeOrganisch;2023-10-10;2023
WASSER;GEW_WIESE_HOCHBERGER165_R_UFER;47.58222784022979, 7.589888642709256;2611380;1270181;10.10.2023;09:45;STICHPROBE;202150;PFAS;10:2-FTCA_2-(Perfluordecyl)ethansäure;0.003;<0.003;;µg/L;12023101004;22023100054;4501771865;False;53826-13-4;10_2-FTCA;SpurenstoffeOrganisch;2023-10-10;2023
WASSER;GEW_AUBACH_IN_DER_AU;47.58575070322978, 7.659170111406881;2616591;1270585;10.10.2023;12:05;STICHPROBE;202250;PFAS;10:2-FTS_1H,1H,2H,2H-Perfluordodekansulfonsäure;0.003;n. bestimmbar;;µg/L;12023101004;22023100052;4501771895;False;120226-60-0;10_2-FTS;SpurenstoffeOrganisch;2023-10-10;2023
WASSER;GEW_BIRSIG_HEUW;47.55097972327865, 7.585987477644601;2611093;1266706;10.10.2023;11:30;STICHPROBE;202850;PFAS;6:2-FTCA_2-(Perfluorhexyl)ethansäure;0.003;<0.003;;µg/L;12023101004;22023100208;4501790181;False;53826-12-3;6_2-FTCA;SpurenstoffeOrganisch;2023-10-10;2023
WASSER;GEW_WIESE_HOCHBERGER165_R_UFER;47.58222784022979, 7.589888642709256;2611380;1270181;10.10.2023;09:45;STICHPROBE;202850;PFAS;6:2-FTCA_2-(Perfluorhexyl)ethansäure;0.003;<0.003;;µg/L;12023101004;22023100054;4501771866;False;53826-12-3;6_2-FTCA;SpurenstoffeOrganisch;2023-10-10;2023
WASSER;GEW_BIRS_BIRSK;47.55697000773648, 7.617757783797172;2613483;1267377;10.10.2023;11:10;STICHPROBE;203150;PFAS;6:2-FTS_1H,1H,2H,2H-Perfluoroctansulfonsäure;0.003;<0.003;;µg/L;12023101006;22023100056;4501771831;False;27619-97-2;6_2-FTS;SpurenstoffeOrganisch;2023-10-10;2023
WASSER;GEW_AUBACH_IN_DER_AU;47.58575070322978, 7.659170111406881;2616591;1270585;10.10.2023;12:05;STICHPROBE;203450;PFAS;8:2-FTCA_2-(Perfluoroctyl)ethansäure;0.003;<0.003;;µg/L;12023101004;22023100052;4501771900;False;27854-31-5;8_2-FTCA;SpurenstoffeOrganisch;2023-10-10;2023
WASSER;GEW_AUBACH_IN_DER_AU;47.58575070322978, 7.659170111406881;2616591;1270585;10.10.2023;12:05;STICHPROBE;203650;PFAS;8:2-FTS_1H,1H,2H,2H-Perfluordekansulfonsäure;0.003;<0.003;;µg/L;12023101004;22023100052;4501771894;False;39108-34-4;8_2-FTS;SpurenstoffeOrganisch;2023-10-10;2023
WASSER;GEW_AUBACH_IN_DER_AU;47.58575070322978, 7.659170111406881;2616591;1270585;10.10.2023;12:05;STICHPROBE;204150;PFAS;FOSAA_Perfluoroctansulfonamidoessigsäure;0.005;<0.005;;µg/L;12023101004;22023100052;4501771912;False;2806-24-8;FOSAA;SpurenstoffeOrganisch;2023-10-10;2023
WASSER;GEW_BIRS_BIRSK;47.55697000773648, 7.617757783797172;2613483;1267377;10.10.2023;11:10;STICHPROBE;204150;PFAS;FOSAA_Perfluoroctansulfonamidoessigsäure;0.005;<0.005;;µg/L;12023101006;22023100056;4501771846;False;2806-24-8;FOSAA;SpurenstoffeOrganisch;2023-10-10;2023
WASSER;GEW_NEUER_TEICH_BREITMATT;47.57899494441358, 7.629488511667779;2614360;1269828;10.10.2023;12:25;STICHPROBE;204350;PFAS;N-EtFOSAA_N-Ethylperfluoroctansulfonamidoessigsäure;0.005;<0.005;;µg/L;12023101004;22023100209;4501790216;False;2991-50-6;N-EtFOSAA;SpurenstoffeOrganisch;2023-10-10;2023
WASSER;GEW_AUBACH_IN_DER_AU;47.58575070322978, 7.659170111406881;2616591;1270585;10.10.2023;12:05;STICHPROBE;204650;PFAS;N-MeFOSAA_N-Methylperfluoroctansulfonamidoessigsäure;0.005;<0.005;;µg/L;12023101004;22023100052;4501771903;False;2355-31-9;N-MeFOSAA;SpurenstoffeOrganisch;2023-10-10;2023
WASSER;GEW_NEUER_TEICH_BREITMATT;47.57899494441358, 7.629488511667779;2614360;1269828;10.10.2023;12:25;STICHPROBE;204850;PFAS;PFBA_Perfluorbutansäure;0.001;0.003;0.003;µg/L;12023101004;22023100209;4501790199;False;375-22-4;PFBA;SpurenstoffeOrganisch;2023-10-10;2023
WASSER;GEW_NEUER_TEICH_BREITMATT;47.57899494441358, 7.629488511667779;2614360;1269828;10.10.2023;12:25;STICHPROBE;204950;PFAS;PFBS_Perfluorbutansulfonsäure;0.001;0.002;0.002;µg/L;12023101004;22023100209;4501790200;False;375-73-5;PFBS;SpurenstoffeOrganisch;2023-10-10;2023
WASSER;GEW_BIRS_BIRSK;47.55697000773648, 7.617757783797172;2613483;1267377;10.10.2023;11:10;STICHPROBE;205050;PFAS;PFDA_Perfluordekansäure;0.003;<0.003;;µg/L;12023101006;22023100056;4501771838;False;335-76-2;PFDA;SpurenstoffeOrganisch;2023-10-10;2023
WASSER;GEW_NEUER_TEICH_BREITMATT;47.57899494441358, 7.629488511667779;2614360;1269828;10.10.2023;12:25;STICHPROBE;205050;PFAS;PFDA_Perfluordekansäure;0.003;<0.003;;µg/L;12023101004;22023100209;4501790219;False;335-76-2;PFDA;SpurenstoffeOrganisch;2023-10-10;2023
WASSER;GEW_AUBACH_IN_DER_AU;47.58575070322978, 7.659170111406881;2616591;1270585;10.10.2023;12:05;STICHPROBE;205250;PFAS;PFDoDA_Perfluordodekansäure;0.003;<0.003;;µg/L;12023101004;22023100052;4501771906;False;307-55-1;PFDoDA;SpurenstoffeOrganisch;2023-10-10;2023
WASSER;GEW_BIRS_BIRSK;47.55697000773648, 7.617757783797172;2613483;1267377;10.10.2023;11:10;STICHPROBE;205250;PFAS;PFDoDA_Perfluordodekansäure;0.003;<0.003;;µg/L;12023101006;22023100056;4501771840;False;307-55-1;PFDoDA;SpurenstoffeOrganisch;2023-10-10;2023
WASSER;GEW_BIRSIG_HEUW;47.55097972327865, 7.585987477644601;2611093;1266706;10.10.2023;11:30;STICHPROBE;205250;PFAS;PFDoDA_Perfluordodekansäure;0.003;<0.003;;µg/L;12023101004;22023100208;4501790188;False;307-55-1;PFDoDA;SpurenstoffeOrganisch;2023-10-10;2023
WASSER;GEW_AUBACH_IN_DER_AU;47.58575070322978, 7.659170111406881;2616591;1270585;10.10.2023;12:05;STICHPROBE;205350;PFAS;PFDoDS_Perfluordodekansulfonsäure;0.003;<0.003;;µg/L;12023101004;22023100052;4501771907;False;79780-39-5;PFDoDS;SpurenstoffeOrganisch;2023-10-10;2023
WASSER;GEW_NEUER_TEICH_BREITMATT;47.57899494441358, 7.629488511667779;2614360;1269828;10.10.2023;12:25;STICHPROBE;205350;PFAS;PFDoDS_Perfluordodekansulfonsäure;0.003;<0.003;;µg/L;12023101004;22023100209;4501790222;False;79780-39-5;PFDoDS;SpurenstoffeOrganisch;2023-10-10;2023
WASSER;GEW_AUBACH_IN_DER_AU;47.58575070322978, 7.659170111406881;2616591;1270585;10.10.2023;12:05;STICHPROBE;205450;PFAS;PFDS_Perfluordekansulfonsäure;0.003;<0.003;;µg/L;12023101004;22023100052;4501771905;False;335-77-3;PFDS;SpurenstoffeOrganisch;2023-10-10;2023
WASSER;GEW_BIRSIG_HEUW;47.55097972327865, 7.585987477644601;2611093;1266706;10.10.2023;11:30;STICHPROBE;205450;PFAS;PFDS_Perfluordekansulfonsäure;0.003;<0.003;;µg/L;12023101004;22023100208;4501790187;False;335-77-3;PFDS;SpurenstoffeOrganisch;2023-10-10;2023
WASSER;GEW_WIESE_HOCHBERGER165_R_UFER;47.58222784022979, 7.589888642709256;2611380;1270181;10.10.2023;09:45;STICHPROBE;205450;PFAS;PFDS_Perfluordekansulfonsäure;0.003;<0.003;;µg/L;12023101004;22023100054;4501771872;False;335-77-3;PFDS;SpurenstoffeOrganisch;2023-10-10;2023
WASSER;GEW_BIRS_BIRSK;47.55697000773648, 7.617757783797172;2613483;1267377;10.10.2023;11:10;STICHPROBE;205650;PFAS;PFHpA_Perfluorheptansäure;0.001;0.002;0.002;µg/L;12023101006;22023100056;4501771820;False;375-85-9;PFHpA;SpurenstoffeOrganisch;2023-10-10;2023
WASSER;GEW_BIRSIG_HEUW;47.55097972327865, 7.585987477644601;2611093;1266706;10.10.2023;11:30;STICHPROBE;205650;PFAS;PFHpA_Perfluorheptansäure;0.001;0.004;0.004;µg/L;12023101004;22023100208;4501790168;False;375-85-9;PFHpA;SpurenstoffeOrganisch;2023-10-10;2023
WASSER;GEW_AUBACH_IN_DER_AU;47.58575070322978, 7.659170111406881;2616591;1270585;10.10.2023;12:05;STICHPROBE;205750;PFAS;PFHpS_Perfluorheptansulfonsäure;0.003;<0.003;;µg/L;12023101004;22023100052;4501771908;False;375-92-8;PFHpS;SpurenstoffeOrganisch;2023-10-10;2023
WASSER;GEW_AUBACH_IN_DER_AU;47.58575070322978, 7.659170111406881;2616591;1270585;10.10.2023;12:05;STICHPROBE;205850;PFAS;PFHxA_Perfluorhexansäure;0.001;0.003;0.003;µg/L;12023101004;22023100052;4501771887;False;307-24-4;PFHxA;SpurenstoffeOrganisch;2023-10-10;2023
WASSER;GEW_BIRS_BIRSK;47.55697000773648, 7.617757783797172;2613483;1267377;10.10.2023;11:10;STICHPROBE;205850;PFAS;PFHxA_Perfluorhexansäure;0.001;0.004;0.004;µg/L;12023101006;22023100056;4501771821;False;307-24-4;PFHxA;SpurenstoffeOrganisch;2023-10-10;2023
WASSER;GEW_AUBACH_IN_DER_AU;47.58575070322978, 7.659170111406881;2616591;1270585;10.10.2023;12:05;STICHPROBE;206050;PFAS;PFHxS_Perfluorhexansulfonsäure;0.001;0.003;0.003;µg/L;12023101004;22023100052;4501771888;False;355-46-4;PFHxS;SpurenstoffeOrganisch;2023-10-10;2023
WASSER;GEW_BIRS_BIRSK;47.55697000773648, 7.617757783797172;2613483;1267377;10.10.2023;11:10;STICHPROBE;206050;PFAS;PFHxS_Perfluorhexansulfonsäure;0.001;0.003;0.003;µg/L;12023101006;22023100056;4501771822;False;355-46-4;PFHxS;SpurenstoffeOrganisch;2023-10-10;2023
WASSER;GEW_NEUER_TEICH_BREITMATT;47.57899494441358, 7.629488511667779;2614360;1269828;10.10.2023;12:25;STICHPROBE;206050;PFAS;PFHxS_Perfluorhexansulfonsäure;0.001;<0.001;;µg/L;12023101004;22023100209;4501790203;False;355-46-4;PFHxS;SpurenstoffeOrganisch;2023-10-10;2023
WASSER;GEW_BIRS_BIRSK;47.55697000773648, 7.617757783797172;2613483;1267377;10.10.2023;11:10;STICHPROBE;206250;PFAS;PFNA_Perfluornonansäure;0.001;<0.001;;µg/L;12023101006;22023100056;4501771823;False;375-95-1;PFNA;SpurenstoffeOrganisch;2023-10-10;2023
WASSER;GEW_BIRS_BIRSK;47.55697000773648, 7.617757783797172;2613483;1267377;10.10.2023;11:10;STICHPROBE;206350;PFAS;PFNS_Perfluornonansulfonsäure;0.003;<0.003;;µg/L;12023101006;22023100056;4501771844;False;68259-12-1;PFNS;SpurenstoffeOrganisch;2023-10-10;2023
WASSER;GEW_BIRSIG_HEUW;47.55097972327865, 7.585987477644601;2611093;1266706;10.10.2023;11:30;STICHPROBE;206350;PFAS;PFNS_Perfluornonansulfonsäure;0.003;<0.003;;µg/L;12023101004;22023100208;4501790192;False;68259-12-1;PFNS;SpurenstoffeOrganisch;2023-10-10;2023
WASSER;GEW_AUBACH_IN_DER_AU;47.58575070322978, 7.659170111406881;2616591;1270585;10.10.2023;12:05;STICHPROBE;206450;PFAS;PFOA_Perfluoroctansäure;0.001;0.001;0.001;µg/L;12023101004;22023100052;4501771890;False;335-67-1;PFOA;SpurenstoffeOrganisch;2023-10-10;2023
WASSER;GEW_BIRSIG_HEUW;47.55097972327865, 7.585987477644601;2611093;1266706;10.10.2023;11:30;STICHPROBE;206450;PFAS;PFOA_Perfluoroctansäure;0.001;0.007;0.007;µg/L;12023101004;22023100208;4501790172;False;335-67-1;PFOA;SpurenstoffeOrganisch;2023-10-10;2023
WASSER;GEW_AUBACH_IN_DER_AU;47.58575070322978, 7.659170111406881;2616591;1270585;10.10.2023;12:05;STICHPROBE;206650;PFAS;PFOS_Perfluoroctansulfonsäure;0.001;<0.001;;µg/L;12023101004;22023100052;4501771891;False;1763-23-1;PFOS;SpurenstoffeOrganisch;2023-10-10;2023
WASSER;GEW_NEUER_TEICH_BREITMATT;47.57899494441358, 7.629488511667779;2614360;1269828;10.10.2023;12:25;STICHPROBE;206650;PFAS;PFOS_Perfluoroctansulfonsäure;0.001;0.002;0.002;µg/L;12023101004;22023100209;4501790206;False;1763-23-1;PFOS;SpurenstoffeOrganisch;2023-10-10;2023
WASSER;GEW_BIRSIG_HEUW;47.55097972327865, 7.585987477644601;2611093;1266706;10.10.2023;11:30;STICHPROBE;206950;PFAS;PFPeS_Perfluorpentansulfonsäure;0.003;<0.003;;µg/L;12023101004;22023100208;4501790195;False;2706-91-4;PFPeS;SpurenstoffeOrganisch;2023-10-10;2023
WASSER;GEW_AUBACH_IN_DER_AU;47.58575070322978, 7.659170111406881;2616591;1270585;10.10.2023;12:05;STICHPROBE;207450;PFAS;PFTrDA_Perfluortridekansäure;0.003;<0.003;;µg/L;12023101004;22023100052;4501771915;False;72629-94-8;PFTrDA;SpurenstoffeOrganisch;2023-10-10;2023
WASSER;GEW_NEUER_TEICH_BREITMATT;47.57899494441358, 7.629488511667779;2614360;1269828;10.10.2023;12:25;STICHPROBE;207450;PFAS;PFTrDA_Perfluortridekansäure;0.003;<0.003;;µg/L;12023101004;22023100209;4501790230;False;72629-94-8;PFTrDA;SpurenstoffeOrganisch;2023-10-10;2023
WASSER;GEW_AUBACH_IN_DER_AU;47.58575070322978, 7.659170111406881;2616591;1270585;10.10.2023;12:05;STICHPROBE;207650;PFAS;PFUnDA_Perfluorundekansäure;0.003;<0.003;;µg/L;12023101004;22023100052;4501771916;False;2058-94-8;PFUnDA;SpurenstoffeOrganisch;2023-10-10;2023
WASSER;GEW_AUBACH_IN_DER_AU;47.58575070322978, 7.659170111406881;2616591;1270585;10.10.2023;12:05;STICHPROBE;208000;PFAS;Toxizitaetsgewichtete_Summe_9_PFAS;1.0;2.9;2.9;ng_TEQ/L;12023101004;22023100052;4501771893;False;;;;2023-10-10;2023
WASSER;GEW_NEUER_TEICH_BREITMATT;47.57899494441358, 7.629488511667779;2614360;1269828;10.10.2023;12:25;STICHPROBE;208000;PFAS;Toxizitaetsgewichtete_Summe_9_PFAS;1.0;4.4;4.4;ng_TEQ/L;12023101004;22023100209;4501790208;False;;;;2023-10-10;2023
WASSER;GEW_WIESE_HOCHBERGER165_R_UFER;47.58222784022979, 7.589888642709256;2611380;1270181;10.10.2023;09:45;STICHPROBE;208000;PFAS;Toxizitaetsgewichtete_Summe_9_PFAS;1.0;9.7;9.7;ng_TEQ/L;12023101004;22023100054;4501771860;False;;;;2023-10-10;2023
WASSER;GEW_BIRSIG_HEUW;47.55097972327865, 7.585987477644601;2611093;1266706;10.10.2023;11:30;STICHPROBE;202150;PFAS;10:2-FTCA_2-(Perfluordecyl)ethansäure;0.003;<0.003;;µg/L;12023101004;22023100208;4501790180;False;53826-13-4;10_2-FTCA;SpurenstoffeOrganisch;2023-10-10;2023
WASSER;GEW_BIRS_BIRSK;47.55697000773648, 7.617757783797172;2613483;1267377;10.10.2023;11:10;STICHPROBE;202250;PFAS;10:2-FTS_1H,1H,2H,2H-Perfluordodekansulfonsäure;0.003;n. bestimmbar;;µg/L;12023101006;22023100056;4501771829;False;120226-60-0;10_2-FTS;SpurenstoffeOrganisch;2023-10-10;2023
WASSER;GEW_NEUER_TEICH_BREITMATT;47.57899494441358, 7.629488511667779;2614360;1269828;10.10.2023;12:25;STICHPROBE;202250;PFAS;10:2-FTS_1H,1H,2H,2H-Perfluordodekansulfonsäure;0.003;n. bestimmbar;;µg/L;12023101004;22023100209;4501790210;False;120226-60-0;10_2-FTS;SpurenstoffeOrganisch;2023-10-10;2023
WASSER;GEW_BIRSIG_HEUW;47.55097972327865, 7.585987477644601;2611093;1266706;10.10.2023;11:30;STICHPROBE;202250;PFAS;10:2-FTS_1H,1H,2H,2H-Perfluordodekansulfonsäure;0.003;n. bestimmbar;;µg/L;12023101004;22023100208;4501790177;False;120226-60-0;10_2-FTS;SpurenstoffeOrganisch;2023-10-10;2023
WASSER;GEW_NEUER_TEICH_BREITMATT;47.57899494441358, 7.629488511667779;2614360;1269828;10.10.2023;12:25;STICHPROBE;202850;PFAS;6:2-FTCA_2-(Perfluorhexyl)ethansäure;0.003;<0.003;;µg/L;12023101004;22023100209;4501790214;False;53826-12-3;6_2-FTCA;SpurenstoffeOrganisch;2023-10-10;2023
WASSER;GEW_NEUER_TEICH_BREITMATT;47.57899494441358, 7.629488511667779;2614360;1269828;10.10.2023;12:25;STICHPROBE;203150;PFAS;6:2-FTS_1H,1H,2H,2H-Perfluoroctansulfonsäure;0.003;<0.003;;µg/L;12023101004;22023100209;4501790212;False;27619-97-2;6_2-FTS;SpurenstoffeOrganisch;2023-10-10;2023
WASSER;GEW_BIRSIG_HEUW;47.55097972327865, 7.585987477644601;2611093;1266706;10.10.2023;11:30;STICHPROBE;203150;PFAS;6:2-FTS_1H,1H,2H,2H-Perfluoroctansulfonsäure;0.003;<0.003;;µg/L;12023101004;22023100208;4501790179;False;27619-97-2;6_2-FTS;SpurenstoffeOrganisch;2023-10-10;2023
WASSER;GEW_BIRSIG_HEUW;47.55097972327865, 7.585987477644601;2611093;1266706;10.10.2023;11:30;STICHPROBE;203450;PFAS;8:2-FTCA_2-(Perfluoroctyl)ethansäure;0.003;<0.003;;µg/L;12023101004;22023100208;4501790182;False;27854-31-5;8_2-FTCA;SpurenstoffeOrganisch;2023-10-10;2023
WASSER;GEW_WIESE_HOCHBERGER165_R_UFER;47.58222784022979, 7.589888642709256;2611380;1270181;10.10.2023;09:45;STICHPROBE;203450;PFAS;8:2-FTCA_2-(Perfluoroctyl)ethansäure;0.003;<0.003;;µg/L;12023101004;22023100054;4501771867;False;27854-31-5;8_2-FTCA;SpurenstoffeOrganisch;2023-10-10;2023
WASSER;GEW_BIRS_BIRSK;47.55697000773648, 7.617757783797172;2613483;1267377;10.10.2023;11:10;STICHPROBE;203650;PFAS;8:2-FTS_1H,1H,2H,2H-Perfluordekansulfonsäure;0.003;<0.003;;µg/L;12023101006;22023100056;4501771828;False;39108-34-4;8_2-FTS;SpurenstoffeOrganisch;2023-10-10;2023
WASSER;GEW_BIRSIG_HEUW;47.55097972327865, 7.585987477644601;2611093;1266706;10.10.2023;11:30;STICHPROBE;203650;PFAS;8:2-FTS_1H,1H,2H,2H-Perfluordekansulfonsäure;0.003;<0.003;;µg/L;12023101004;22023100208;4501790176;False;39108-34-4;8_2-FTS;SpurenstoffeOrganisch;2023-10-10;2023
WASSER;GEW_WIESE_HOCHBERGER165_R_UFER;47.58222784022979, 7.589888642709256;2611380;1270181;10.10.2023;09:45;STICHPROBE;203650;PFAS;8:2-FTS_1H,1H,2H,2H-Perfluordekansulfonsäure;0.003;<0.003;;µg/L;12023101004;22023100054;4501771861;False;39108-34-4;8_2-FTS;SpurenstoffeOrganisch;2023-10-10;2023
WASSER;GEW_NEUER_TEICH_BREITMATT;47.57899494441358, 7.629488511667779;2614360;1269828;10.10.2023;12:25;STICHPROBE;204150;PFAS;FOSAA_Perfluoroctansulfonamidoessigsäure;0.005;<0.005;;µg/L;12023101004;22023100209;4501790227;False;2806-24-8;FOSAA;SpurenstoffeOrganisch;2023-10-10;2023
WASSER;GEW_AUBACH_IN_DER_AU;47.58575070322978, 7.659170111406881;2616591;1270585;10.10.2023;12:05;STICHPROBE;204350;PFAS;N-EtFOSAA_N-Ethylperfluoroctansulfonamidoessigsäure;0.005;<0.005;;µg/L;12023101004;22023100052;4501771901;False;2991-50-6;N-EtFOSAA;SpurenstoffeOrganisch;2023-10-10;2023
WASSER;GEW_BIRS_BIRSK;47.55697000773648, 7.617757783797172;2613483;1267377;10.10.2023;11:10;STICHPROBE;204350;PFAS;N-EtFOSAA_N-Ethylperfluoroctansulfonamidoessigsäure;0.005;<0.005;;µg/L;12023101006;22023100056;4501771835;False;2991-50-6;N-EtFOSAA;SpurenstoffeOrganisch;2023-10-10;2023
WASSER;GEW_WIESE_HOCHBERGER165_R_UFER;47.58222784022979, 7.589888642709256;2611380;1270181;10.10.2023;09:45;STICHPROBE;204350;PFAS;N-EtFOSAA_N-Ethylperfluoroctansulfonamidoessigsäure;0.005;<0.005;;µg/L;12023101004;22023100054;4501771868;False;2991-50-6;N-EtFOSAA;SpurenstoffeOrganisch;2023-10-10;2023
WASSER;GEW_BIRS_BIRSK;47.55697000773648, 7.617757783797172;2613483;1267377;10.10.2023;11:10;STICHPROBE;204650;PFAS;N-MeFOSAA_N-Methylperfluoroctansulfonamidoessigsäure;0.005;<0.005;;µg/L;12023101006;22023100056;4501771837;False;2355-31-9;N-MeFOSAA;SpurenstoffeOrganisch;2023-10-10;2023
WASSER;GEW_NEUER_TEICH_BREITMATT;47.57899494441358, 7.629488511667779;2614360;1269828;10.10.2023;12:25;STICHPROBE;204650;PFAS;N-MeFOSAA_N-Methylperfluoroctansulfonamidoessigsäure;0.005;<0.005;;µg/L;12023101004;22023100209;4501790218;False;2355-31-9;N-MeFOSAA;SpurenstoffeOrganisch;2023-10-10;2023
WASSER;GEW_WIESE_HOCHBERGER165_R_UFER;47.58222784022979, 7.589888642709256;2611380;1270181;10.10.2023;09:45;STICHPROBE;204650;PFAS;N-MeFOSAA_N-Methylperfluoroctansulfonamidoessigsäure;0.005;<0.005;;µg/L;12023101004;22023100054;4501771870;False;2355-31-9;N-MeFOSAA;SpurenstoffeOrganisch;2023-10-10;2023
WASSER;GEW_BIRS_BIRSK;47.55697000773648, 7.617757783797172;2613483;1267377;10.10.2023;11:10;STICHPROBE;204850;PFAS;PFBA_Perfluorbutansäure;0.001;0.007;0.007;µg/L;12023101006;22023100056;4501771818;False;375-22-4;PFBA;SpurenstoffeOrganisch;2023-10-10;2023
WASSER;GEW_BIRSIG_HEUW;47.55097972327865, 7.585987477644601;2611093;1266706;10.10.2023;11:30;STICHPROBE;204850;PFAS;PFBA_Perfluorbutansäure;0.001;0.007;0.007;µg/L;12023101004;22023100208;4501790166;False;375-22-4;PFBA;SpurenstoffeOrganisch;2023-10-10;2023
WASSER;GEW_BIRSIG_HEUW;47.55097972327865, 7.585987477644601;2611093;1266706;10.10.2023;11:30;STICHPROBE;204950;PFAS;PFBS_Perfluorbutansulfonsäure;0.001;0.005;0.005;µg/L;12023101004;22023100208;4501790167;False;375-73-5;PFBS;SpurenstoffeOrganisch;2023-10-10;2023
WASSER;GEW_AUBACH_IN_DER_AU;47.58575070322978, 7.659170111406881;2616591;1270585;10.10.2023;12:05;STICHPROBE;205050;PFAS;PFDA_Perfluordekansäure;0.003;<0.003;;µg/L;12023101004;22023100052;4501771904;False;335-76-2;PFDA;SpurenstoffeOrganisch;2023-10-10;2023
WASSER;GEW_BIRSIG_HEUW;47.55097972327865, 7.585987477644601;2611093;1266706;10.10.2023;11:30;STICHPROBE;205050;PFAS;PFDA_Perfluordekansäure;0.003;<0.003;;µg/L;12023101004;22023100208;4501790186;False;335-76-2;PFDA;SpurenstoffeOrganisch;2023-10-10;2023
WASSER;GEW_NEUER_TEICH_BREITMATT;47.57899494441358, 7.629488511667779;2614360;1269828;10.10.2023;12:25;STICHPROBE;205250;PFAS;PFDoDA_Perfluordodekansäure;0.003;<0.003;;µg/L;12023101004;22023100209;4501790221;False;307-55-1;PFDoDA;SpurenstoffeOrganisch;2023-10-10;2023
WASSER;GEW_BIRSIG_HEUW;47.55097972327865, 7.585987477644601;2611093;1266706;10.10.2023;11:30;STICHPROBE;205350;PFAS;PFDoDS_Perfluordodekansulfonsäure;0.003;<0.003;;µg/L;12023101004;22023100208;4501790189;False;79780-39-5;PFDoDS;SpurenstoffeOrganisch;2023-10-10;2023
WASSER;GEW_NEUER_TEICH_BREITMATT;47.57899494441358, 7.629488511667779;2614360;1269828;10.10.2023;12:25;STICHPROBE;205650;PFAS;PFHpA_Perfluorheptansäure;0.001;<0.001;;µg/L;12023101004;22023100209;4501790201;False;375-85-9;PFHpA;SpurenstoffeOrganisch;2023-10-10;2023
WASSER;GEW_WIESE_HOCHBERGER165_R_UFER;47.58222784022979, 7.589888642709256;2611380;1270181;10.10.2023;09:45;STICHPROBE;205650;PFAS;PFHpA_Perfluorheptansäure;0.001;<0.001;;µg/L;12023101004;22023100054;4501771853;False;375-85-9;PFHpA;SpurenstoffeOrganisch;2023-10-10;2023
WASSER;GEW_BIRS_BIRSK;47.55697000773648, 7.617757783797172;2613483;1267377;10.10.2023;11:10;STICHPROBE;205750;PFAS;PFHpS_Perfluorheptansulfonsäure;0.003;<0.003;;µg/L;12023101006;22023100056;4501771842;False;375-92-8;PFHpS;SpurenstoffeOrganisch;2023-10-10;2023
WASSER;GEW_BIRSIG_HEUW;47.55097972327865, 7.585987477644601;2611093;1266706;10.10.2023;11:30;STICHPROBE;205750;PFAS;PFHpS_Perfluorheptansulfonsäure;0.003;<0.003;;µg/L;12023101004;22023100208;4501790190;False;375-92-8;PFHpS;SpurenstoffeOrganisch;2023-10-10;2023
WASSER;GEW_NEUER_TEICH_BREITMATT;47.57899494441358, 7.629488511667779;2614360;1269828;10.10.2023;12:25;STICHPROBE;205850;PFAS;PFHxA_Perfluorhexansäure;0.001;0.002;0.002;µg/L;12023101004;22023100209;4501790202;False;307-24-4;PFHxA;SpurenstoffeOrganisch;2023-10-10;2023
WASSER;GEW_BIRSIG_HEUW;47.55097972327865, 7.585987477644601;2611093;1266706;10.10.2023;11:30;STICHPROBE;205850;PFAS;PFHxA_Perfluorhexansäure;0.001;0.011;0.011;µg/L;12023101004;22023100208;4501790169;False;307-24-4;PFHxA;SpurenstoffeOrganisch;2023-10-10;2023
WASSER;GEW_WIESE_HOCHBERGER165_R_UFER;47.58222784022979, 7.589888642709256;2611380;1270181;10.10.2023;09:45;STICHPROBE;205850;PFAS;PFHxA_Perfluorhexansäure;0.001;0.003;0.003;µg/L;12023101004;22023100054;4501771854;False;307-24-4;PFHxA;SpurenstoffeOrganisch;2023-10-10;2023
WASSER;GEW_AUBACH_IN_DER_AU;47.58575070322978, 7.659170111406881;2616591;1270585;10.10.2023;12:05;STICHPROBE;206250;PFAS;PFNA_Perfluornonansäure;0.001;<0.001;;µg/L;12023101004;22023100052;4501771889;False;375-95-1;PFNA;SpurenstoffeOrganisch;2023-10-10;2023
WASSER;GEW_BIRSIG_HEUW;47.55097972327865, 7.585987477644601;2611093;1266706;10.10.2023;11:30;STICHPROBE;206250;PFAS;PFNA_Perfluornonansäure;0.001;<0.001;;µg/L;12023101004;22023100208;4501790171;False;375-95-1;PFNA;SpurenstoffeOrganisch;2023-10-10;2023
WASSER;GEW_AUBACH_IN_DER_AU;47.58575070322978, 7.659170111406881;2616591;1270585;10.10.2023;12:05;STICHPROBE;206350;PFAS;PFNS_Perfluornonansulfonsäure;0.003;<0.003;;µg/L;12023101004;22023100052;4501771910;False;68259-12-1;PFNS;SpurenstoffeOrganisch;2023-10-10;2023
WASSER;GEW_NEUER_TEICH_BREITMATT;47.57899494441358, 7.629488511667779;2614360;1269828;10.10.2023;12:25;STICHPROBE;206350;PFAS;PFNS_Perfluornonansulfonsäure;0.003;<0.003;;µg/L;12023101004;22023100209;4501790225;False;68259-12-1;PFNS;SpurenstoffeOrganisch;2023-10-10;2023
WASSER;GEW_BIRS_BIRSK;47.55697000773648, 7.617757783797172;2613483;1267377;10.10.2023;11:10;STICHPROBE;206450;PFAS;PFOA_Perfluoroctansäure;0.001;0.002;0.002;µg/L;12023101006;22023100056;4501771824;False;335-67-1;PFOA;SpurenstoffeOrganisch;2023-10-10;2023
WASSER;GEW_WIESE_HOCHBERGER165_R_UFER;47.58222784022979, 7.589888642709256;2611380;1270181;10.10.2023;09:45;STICHPROBE;206450;PFAS;PFOA_Perfluoroctansäure;0.001;0.002;0.002;µg/L;12023101004;22023100054;4501771857;False;335-67-1;PFOA;SpurenstoffeOrganisch;2023-10-10;2023
WASSER;GEW_WIESE_HOCHBERGER165_R_UFER;47.58222784022979, 7.589888642709256;2611380;1270181;10.10.2023;09:45;STICHPROBE;206650;PFAS;PFOS_Perfluoroctansulfonsäure;0.001;0.004;0.004;µg/L;12023101004;22023100054;4501771858;False;1763-23-1;PFOS;SpurenstoffeOrganisch;2023-10-10;2023
WASSER;GEW_AUBACH_IN_DER_AU;47.58575070322978, 7.659170111406881;2616591;1270585;10.10.2023;12:05;STICHPROBE;206850;PFAS;PFPeA_Perfluorpentansäure;0.001;0.001;0.001;µg/L;12023101004;22023100052;4501771892;False;2706-90-3;PFPeA;SpurenstoffeOrganisch;2023-10-10;2023
WASSER;GEW_NEUER_TEICH_BREITMATT;47.57899494441358, 7.629488511667779;2614360;1269828;10.10.2023;12:25;STICHPROBE;206850;PFAS;PFPeA_Perfluorpentansäure;0.001;<0.001;;µg/L;12023101004;22023100209;4501790207;False;2706-90-3;PFPeA;SpurenstoffeOrganisch;2023-10-10;2023
WASSER;GEW_WIESE_HOCHBERGER165_R_UFER;47.58222784022979, 7.589888642709256;2611380;1270181;10.10.2023;09:45;STICHPROBE;206850;PFAS;PFPeA_Perfluorpentansäure;0.001;0.001;0.001;µg/L;12023101004;22023100054;4501771859;False;2706-90-3;PFPeA;SpurenstoffeOrganisch;2023-10-10;2023
WASSER;GEW_BIRS_BIRSK;47.55697000773648, 7.617757783797172;2613483;1267377;10.10.2023;11:10;STICHPROBE;206950;PFAS;PFPeS_Perfluorpentansulfonsäure;0.003;<0.003;;µg/L;12023101006;22023100056;4501771847;False;2706-91-4;PFPeS;SpurenstoffeOrganisch;2023-10-10;2023
WASSER;GEW_NEUER_TEICH_BREITMATT;47.57899494441358, 7.629488511667779;2614360;1269828;10.10.2023;12:25;STICHPROBE;206950;PFAS;PFPeS_Perfluorpentansulfonsäure;0.003;<0.003;;µg/L;12023101004;22023100209;4501790228;False;2706-91-4;PFPeS;SpurenstoffeOrganisch;2023-10-10;2023
WASSER;GEW_BIRS_BIRSK;47.55697000773648, 7.617757783797172;2613483;1267377;10.10.2023;11:10;STICHPROBE;207350;PFAS;PFTeDA_Perfluortetradekansäure;0.003;<0.003;;µg/L;12023101006;22023100056;4501771848;False;376-06-7;PFTeDA;SpurenstoffeOrganisch;2023-10-10;2023
WASSER;GEW_NEUER_TEICH_BREITMATT;47.57899494441358, 7.629488511667779;2614360;1269828;10.10.2023;12:25;STICHPROBE;207350;PFAS;PFTeDA_Perfluortetradekansäure;0.003;<0.003;;µg/L;12023101004;22023100209;4501790229;False;376-06-7;PFTeDA;SpurenstoffeOrganisch;2023-10-10;2023
WASSER;GEW_BIRS_BIRSK;47.55697000773648, 7.617757783797172;2613483;1267377;10.10.2023;11:10;STICHPROBE;207450;PFAS;PFTrDA_Perfluortridekansäure;0.003;<0.003;;µg/L;12023101006;22023100056;4501771849;False;72629-94-8;PFTrDA;SpurenstoffeOrganisch;2023-10-10;2023
WASSER;GEW_NEUER_TEICH_BREITMATT;47.57899494441358, 7.629488511667779;2614360;1269828;10.10.2023;12:25;STICHPROBE;207650;PFAS;PFUnDA_Perfluorundekansäure;0.003;<0.003;;µg/L;12023101004;22023100209;4501790231;False;2058-94-8;PFUnDA;SpurenstoffeOrganisch;2023-10-10;2023
WASSER;GEW_BIRSIG_HEUW;47.55097972327865, 7.585987477644601;2611093;1266706;10.10.2023;11:30;STICHPROBE;208000;PFAS;Toxizitaetsgewichtete_Summe_9_PFAS;1.0;38;38.0;ng_TEQ/L;12023101004;22023100208;4501790175;False;;;;2023-10-10;2023
WASSER;GEW_BIRSIG_HEUW;47.55097972327865, 7.585987477644601;2611093;1266706;12.09.2023;11:25;STICHPROBE;207950;PFAS;TFMS_Trifluormethansulfonsäure;0.05;<0.050;;µg/L;12023091204;22023090227;4501960668;False;1493-13-6;TFMS;;2023-09-12;2023
WASSER;GEW_BIRS_BIRSK;47.55697000773648, 7.617757783797172;2613483;1267377;12.09.2023;10:45;STICHPROBE;207950;PFAS;TFMS_Trifluormethansulfonsäure;0.05;<0.050;;µg/L;12023091206;22023090054;4501960660;False;1493-13-6;TFMS;;2023-09-12;2023
WASSER;GEW_WIESE_HOCHBERGER165_R_UFER;47.58222784022979, 7.589888642709256;2611380;1270181;12.09.2023;09:55;STICHPROBE;207850;PFAS;TFA_Trifluoressigsäure;0.05;0.49;0.49;µg/L;12023091204;22023090052;4501960707;False;76-05-1;TFA;;2023-09-12;2023
WASSER;GEW_BIRS_BIRSK;47.55697000773648, 7.617757783797172;2613483;1267377;12.09.2023;10:45;STICHPROBE;207850;PFAS;TFA_Trifluoressigsäure;0.05;0.76;0.76;µg/L;12023091206;22023090054;4501960659;False;76-05-1;TFA;;2023-09-12;2023
WASSER;GEW_WIESE_HOCHBERGER165_R_UFER;47.58222784022979, 7.589888642709256;2611380;1270181;12.09.2023;09:55;STICHPROBE;207950;PFAS;TFMS_Trifluormethansulfonsäure;0.05;<0.050;;µg/L;12023091204;22023090052;4501960708;False;1493-13-6;TFMS;;2023-09-12;2023
WASSER;GEW_BIRSIG_HEUW;47.55097972327865, 7.585987477644601;2611093;1266706;12.09.2023;11:25;STICHPROBE;207850;PFAS;TFA_Trifluoressigsäure;0.05;1.3;1.3;µg/L;12023091204;22023090227;4501960667;False;76-05-1;TFA;;2023-09-12;2023
WASSER;GEW_BETTINGERBACH_BRUEHLM;47.5827180635645, 7.645439624720273;2615559;1270245;09.05.2023;13:25;STICHPROBE;207850;PFAS;TFA_Trifluoressigsäure;0.2;1.3;1.3;µg/L;12023050904;22023050054;4501685341;False;76-05-1;TFA;;2023-05-09;2023
WASSER;GEW_AUBACH_IN_DER_AU;47.58575070322978, 7.659170111406881;2616591;1270585;09.05.2023;13:05;STICHPROBE;207850;PFAS;TFA_Trifluoressigsäure;0.2;1.0;1.0;µg/L;12023050904;22023050052;4501685342;False;76-05-1;TFA;;2023-05-09;2023
WASSER;GEW_BIRS_BIRSK;47.55697000773648, 7.617757783797172;2613483;1267377;09.05.2023;11:55;STICHPROBE;207850;PFAS;TFA_Trifluoressigsäure;0.2;0.94;0.94;µg/L;12023050906;22023050065;4501685338;False;76-05-1;TFA;;2023-05-09;2023
WASSER;GEW_WIESE_HOCHBERGER165_R_UFER;47.58222784022979, 7.589888642709256;2611380;1270181;09.05.2023;09:55;STICHPROBE;207850;PFAS;TFA_Trifluoressigsäure;0.2;0.56;0.56;µg/L;12023050904;22023050061;4501685340;False;76-05-1;TFA;;2023-05-09;2023
WASSER;GEW_BIRS_REDINGBRUECKE;47.54729400017516, 7.62270668811649;2613858;1266302;20.12.2022;08:15;14M;202147;PFAS;Perfluoroctansulfonsäure(PFOS);0.005;0.0051;0.0051;µg/L;12022122002;22022120047;4501511978;False;1763-23-1;PFOS;SpurenstoffeOrganisch;2022-12-20;2022
WASSER;GEW_BIRS_REDINGBRUECKE;47.54729400017516, 7.62270668811649;2613858;1266302;06.12.2022;11:00;14M;202147;PFAS;Perfluoroctansulfonsäure(PFOS);0.005;<0.0050;;µg/L;12022120602;22022120046;4501473371;False;1763-23-1;PFOS;SpurenstoffeOrganisch;2022-12-06;2022
WASSER;GEW_BIRS_REDINGBRUECKE;47.54729400017516, 7.62270668811649;2613858;1266302;22.11.2022;09:50;14M;202147;PFAS;Perfluoroctansulfonsäure(PFOS);0.005;0.0076;0.0076;µg/L;12022112202;22022110046;4501472631;False;1763-23-1;PFOS;SpurenstoffeOrganisch;2022-11-22;2022
WASSER;GEW_WIESE_HOCHBERGER165_R_UFER;47.58222784022979, 7.589888642709256;2611380;1270181;08.11.2022;09:45;STICHPROBE;203035;PFAS;Trifluoressigsäure;0.2;0.49;0.49;µg/L;12022110804;22022110112;4501457684;False;76-05-1;TFA;;2022-11-08;2022
WASSER;GEW_BIRS_REDINGBRUECKE;47.54729400017516, 7.62270668811649;2613858;1266302;08.11.2022;11:20;14M;202147;PFAS;Perfluoroctansulfonsäure(PFOS);0.005;0.0091;0.0091;µg/L;12022110802;22022110045;4501469995;False;1763-23-1;PFOS;SpurenstoffeOrganisch;2022-11-08;2022
WASSER;GEW_AUBACH_IN_DER_AU;47.58575070322978, 7.659170111406881;2616591;1270585;08.11.2022;14:25;STICHPROBE;203035;PFAS;Trifluoressigsäure;0.2;0.76;0.76;µg/L;12022110804;22022110110;4501457685;False;76-05-1;TFA;;2022-11-08;2022
WASSER;GEW_BIRS_BIRSK;47.55697000773648, 7.617757783797172;2613483;1267377;08.11.2022;11:30;STICHPROBE;203035;PFAS;Trifluoressigsäure;0.2;1.1;1.1;µg/L;12022110705;22022110050;4501457682;False;76-05-1;TFA;;2022-11-08;2022
WASSER;GEW_BIRSIG_HEUW;47.55097972327865, 7.585987477644601;2611093;1266706;08.11.2022;12:05;STICHPROBE;203035;PFAS;Trifluoressigsäure;0.2;1.5;1.5;µg/L;12022110804;22022110115;4501457683;False;76-05-1;TFA;;2022-11-08;2022
WASSER;GEW_BIRS_REDINGBRUECKE;47.54729400017516, 7.62270668811649;2613858;1266302;25.10.2022;07:50;14M;202147;PFAS;Perfluoroctansulfonsäure(PFOS);0.005;0.014;0.014;µg/L;12022102502;22022100048;4501470030;False;1763-23-1;PFOS;SpurenstoffeOrganisch;2022-10-25;2022
WASSER;GEW_BIRS_REDINGBRUECKE;47.54729400017516, 7.62270668811649;2613858;1266302;11.10.2022;11:10;14M;202147;PFAS;Perfluoroctansulfonsäure(PFOS);0.005;0.0089;0.0089;µg/L;12022101102;22022100047;4501466632;False;1763-23-1;PFOS;SpurenstoffeOrganisch;2022-10-11;2022
WASSER;GEW_BIRS_REDINGBRUECKE;47.54729400017516, 7.62270668811649;2613858;1266302;27.09.2022;07:50;14M;202147;PFAS;Perfluoroctansulfonsäure(PFOS);0.005;0.023;0.023;µg/L;12022092702;22022090046;4501466597;False;1763-23-1;PFOS;SpurenstoffeOrganisch;2022-09-27;2022
WASSER;GEW_BIRS_REDINGBRUECKE;47.54729400017516, 7.62270668811649;2613858;1266302;13.09.2022;13:40;14M;202147;PFAS;Perfluoroctansulfonsäure(PFOS);0.005;0.031;0.031;µg/L;12022091302;22022090045;4501466562;False;1763-23-1;PFOS;SpurenstoffeOrganisch;2022-09-13;2022
WASSER;GEW_BIRS_REDINGBRUECKE;47.54729400017516, 7.62270668811649;2613858;1266302;30.08.2022;09:40;14M;202147;PFAS;Perfluoroctansulfonsäure(PFOS);0.005;0.029;0.029;µg/L;12022083002;22022080054;4501452204;False;1763-23-1;PFOS;SpurenstoffeOrganisch;2022-08-30;2022
WASSER;GEW_BIRS_REDINGBRUECKE;47.54729400017516, 7.62270668811649;2613858;1266302;17.08.2022;11:25;14M;202147;PFAS;Perfluoroctansulfonsäure(PFOS);0.005;0.095;0.095;µg/L;12022081602;22022080053;4501451745;False;1763-23-1;PFOS;SpurenstoffeOrganisch;2022-08-17;2022
WASSER;GEW_BIRS_REDINGBRUECKE;47.54729400017516, 7.62270668811649;2613858;1266302;03.08.2022;08:10;14M;202147;PFAS;Perfluoroctansulfonsäure(PFOS);0.005;0.036;0.036;µg/L;12022080202;22022080052;4501449648;False;1763-23-1;PFOS;SpurenstoffeOrganisch;2022-08-03;2022
WASSER;GEW_BIRS_REDINGBRUECKE;47.54729400017516, 7.62270668811649;2613858;1266302;19.07.2022;07:45;14M;202147;PFAS;Perfluoroctansulfonsäure(PFOS);0.005;0.023;0.023;µg/L;12022071902;22022070052;4501449613;False;1763-23-1;PFOS;SpurenstoffeOrganisch;2022-07-19;2022
WASSER;GEW_BIRS_REDINGBRUECKE;47.54729400017516, 7.62270668811649;2613858;1266302;05.07.2022;11:10;14M;202147;PFAS;Perfluoroctansulfonsäure(PFOS);0.005;0.019;0.019;µg/L;12022070502;22022070051;4501417349;False;1763-23-1;PFOS;SpurenstoffeOrganisch;2022-07-05;2022
WASSER;GEW_BIRS_REDINGBRUECKE;47.54729400017516, 7.62270668811649;2613858;1266302;21.06.2022;08:00;14M;202147;PFAS;Perfluoroctansulfonsäure(PFOS);0.005;0.014;0.014;µg/L;12022062101;22022060016;4501407297;False;1763-23-1;PFOS;SpurenstoffeOrganisch;2022-06-21;2022
WASSER;GEW_BIRS_REDINGBRUECKE;47.54729400017516, 7.62270668811649;2613858;1266302;08.06.2022;07:35;14M;202147;PFAS;Perfluoroctansulfonsäure(PFOS);0.005;0.014;0.014;µg/L;12022060703;22022060015;4501407262;False;1763-23-1;PFOS;SpurenstoffeOrganisch;2022-06-08;2022
WASSER;GEW_BIRS_REDINGBRUECKE;47.54729400017516, 7.62270668811649;2613858;1266302;24.05.2022;09:50;14M;202147;PFAS;Perfluoroctansulfonsäure(PFOS);0.005;0.0068;0.0068;µg/L;12022052401;22022050017;4501407227;False;1763-23-1;PFOS;SpurenstoffeOrganisch;2022-05-24;2022
WASSER;GEW_BIRS_REDINGBRUECKE;47.54729400017516, 7.62270668811649;2613858;1266302;10.05.2022;10:50;14M;202147;PFAS;Perfluoroctansulfonsäure(PFOS);0.005;<0.0050;;µg/L;12022051001;22022050016;4501363701;False;1763-23-1;PFOS;SpurenstoffeOrganisch;2022-05-10;2022
WASSER;GEW_BIRS_REDINGBRUECKE;47.54729400017516, 7.62270668811649;2613858;1266302;26.04.2022;08:15;14M;202147;PFAS;Perfluoroctansulfonsäure(PFOS);0.005;<0.0050;;µg/L;12022042601;22022040016;4501354329;False;1763-23-1;PFOS;SpurenstoffeOrganisch;2022-04-26;2022
WASSER;GEW_BIRS_REDINGBRUECKE;47.54729400017516, 7.62270668811649;2613858;1266302;12.04.2022;09:50;14M;202147;PFAS;Perfluoroctansulfonsäure(PFOS);0.005;<0.0050;;µg/L;12022041201;22022040015;4501354293;False;1763-23-1;PFOS;SpurenstoffeOrganisch;2022-04-12;2022
WASSER;GEW_BIRS_REDINGBRUECKE;47.54729400017516, 7.62270668811649;2613858;1266302;29.03.2022;08:05;14M;202147;PFAS;Perfluoroctansulfonsäure(PFOS);0.005;0.0077;0.0077;µg/L;12022032901;22022030017;4501354563;False;1763-23-1;PFOS;SpurenstoffeOrganisch;2022-03-29;2022
WASSER;GEW_BIRS_REDINGBRUECKE;47.54729400017516, 7.62270668811649;2613858;1266302;14.03.2022;11:15;14M;202147;PFAS;Perfluoroctansulfonsäure(PFOS);0.005;<0.0050;;µg/L;12022031501;22022030016;4501280203;False;1763-23-1;PFOS;SpurenstoffeOrganisch;2022-03-14;2022
WASSER;GEW_BIRS_REDINGBRUECKE;47.54729400017516, 7.62270668811649;2613858;1266302;01.03.2022;08:30;14M;202147;PFAS;Perfluoroctansulfonsäure(PFOS);0.005;<0.0050;;µg/L;12022030101;22022030015;4501274350;False;1763-23-1;PFOS;SpurenstoffeOrganisch;2022-03-01;2022
WASSER;GEW_BIRS_REDINGBRUECKE;47.54729400017516, 7.62270668811649;2613858;1266302;15.02.2022;10:45;14M;202147;PFAS;Perfluoroctansulfonsäure(PFOS);0.005;<0.0050;;µg/L;12022021501;22022020019;4501274320;False;1763-23-1;PFOS;SpurenstoffeOrganisch;2022-02-15;2022
WASSER;GEW_BIRS_REDINGBRUECKE;47.54729400017516, 7.62270668811649;2613858;1266302;01.02.2022;08:05;14M;202147;PFAS;Perfluoroctansulfonsäure(PFOS);0.005;0.011;0.011;µg/L;12022020101;22022020018;4501274290;False;1763-23-1;PFOS;SpurenstoffeOrganisch;2022-02-01;2022
WASSER;GEW_BIRS_REDINGBRUECKE;47.54729400017516, 7.62270668811649;2613858;1266302;18.01.2022;11:40;14M;202147;PFAS;Perfluoroctansulfonsäure(PFOS);0.005;<0.0050;;µg/L;12022011801;22022010025;4501274260;False;1763-23-1;PFOS;SpurenstoffeOrganisch;2022-01-18;2022
WASSER;GEW_BIRS_REDINGBRUECKE;47.54729400017516, 7.62270668811649;2613858;1266302;04.01.2022;08:15;14M;202147;PFAS;Perfluoroctansulfonsäure(PFOS);0.005;<0.0050;;µg/L;12022010401;22022010024;4501274230;False;1763-23-1;PFOS;SpurenstoffeOrganisch;2022-01-04;2022
WASSER;GEW_BIRS_REDINGBRUECKE;47.54729400017516, 7.62270668811649;2613858;1266302;24.11.2020;11:10;14M;202925;PFAS;Perfluoroctansulfonsäure(PFOS);0.005;0.01;0.01;µg/L;12020112403;22020110097;4500809122;False;1763-23-1;PFOS;SpurenstoffeOrganisch;2020-11-24;2020
WASSER;GEW_BIRS_REDINGBRUECKE;47.54729400017516, 7.62270668811649;2613858;1266302;10.11.2020;12:00;14M;202925;PFAS;Perfluoroctansulfonsäure(PFOS);0.005;0.006;0.006;µg/L;12020111003;22020110096;4500770005;False;1763-23-1;PFOS;SpurenstoffeOrganisch;2020-11-10;2020
WASSER;GEW_BIRS_REDINGBRUECKE;47.54729400017516, 7.62270668811649;2613858;1266302;27.10.2020;10:30;14M;202925;PFAS;Perfluoroctansulfonsäure(PFOS);0.005;0.008;0.008;µg/L;12020102703;22020100100;4500769980;False;1763-23-1;PFOS;SpurenstoffeOrganisch;2020-10-27;2020
WASSER;GEW_BIRS_REDINGBRUECKE;47.54729400017516, 7.62270668811649;2613858;1266302;13.10.2020;10:25;14M;202925;PFAS;Perfluoroctansulfonsäure(PFOS);0.005;0.01;0.01;µg/L;12020101303;22020100099;4500769955;False;1763-23-1;PFOS;SpurenstoffeOrganisch;2020-10-13;2020
WASSER;GEW_BIRS_REDINGBRUECKE;47.54729400017516, 7.62270668811649;2613858;1266302;29.09.2020;08:10;14M;202925;PFAS;Perfluoroctansulfonsäure(PFOS);0.005;0.02;0.02;µg/L;12020092903;22020090085;4500770030;False;1763-23-1;PFOS;SpurenstoffeOrganisch;2020-09-29;2020
WASSER;GEW_BIRS_REDINGBRUECKE;47.54729400017516, 7.62270668811649;2613858;1266302;15.09.2020;09:50;14M;202925;PFAS;Perfluoroctansulfonsäure(PFOS);0.005;0.018;0.018;µg/L;12020091503;22020090084;4500769930;False;1763-23-1;PFOS;SpurenstoffeOrganisch;2020-09-15;2020
WASSER;GEW_BIRS_REDINGBRUECKE;47.54729400017516, 7.62270668811649;2613858;1266302;23.06.2020;07:50;14M;202925;PFAS;Perfluoroctansulfonsäure(PFOS);0.005;0.011;0.011;µg/L;12020062303;22020060074;4500680263;False;1763-23-1;PFOS;SpurenstoffeOrganisch;2020-06-23;2020
WASSER;GEW_BIRS_REDINGBRUECKE;47.54729400017516, 7.62270668811649;2613858;1266302;09.06.2020;14:00;14M;202925;PFAS;Perfluoroctansulfonsäure(PFOS);0.005;0.025;0.025;µg/L;12020060903;22020060073;4500680671;False;1763-23-1;PFOS;SpurenstoffeOrganisch;2020-06-09;2020
WASSER;GEW_BIRS_REDINGBRUECKE;47.54729400017516, 7.62270668811649;2613858;1266302;26.05.2020;08:15;14M;202925;PFAS;Perfluoroctansulfonsäure(PFOS);0.005;0.011;0.011;µg/L;12020052603;22020050076;4500680860;False;1763-23-1;PFOS;SpurenstoffeOrganisch;2020-05-26;2020
WASSER;GEW_BIRS_REDINGBRUECKE;47.54729400017516, 7.62270668811649;2613858;1266302;12.05.2020;10:35;14M;202925;PFAS;Perfluoroctansulfonsäure(PFOS);0.005;0.016;0.016;µg/L;12020051203;22020050075;4500681053;False;1763-23-1;PFOS;SpurenstoffeOrganisch;2020-05-12;2020
WASSER;GEW_BIRS_REDINGBRUECKE;47.54729400017516, 7.62270668811649;2613858;1266302;28.04.2020;10:05;14M;202925;PFAS;Perfluoroctansulfonsäure(PFOS);0.005;0.028;0.028;µg/L;12020042803;22020040077;4500648545;False;1763-23-1;PFOS;SpurenstoffeOrganisch;2020-04-28;2020
WASSER;GEW_BIRS_REDINGBRUECKE;47.54729400017516, 7.62270668811649;2613858;1266302;14.04.2020;11:00;14M;202925;PFAS;Perfluoroctansulfonsäure(PFOS);0.005;0.015;0.015;µg/L;12020041405;22020040076;4500648788;False;1763-23-1;PFOS;SpurenstoffeOrganisch;2020-04-14;2020
WASSER;GEW_BIRS_REDINGBRUECKE;47.54729400017516, 7.62270668811649;2613858;1266302;31.03.2020;08:00;14M;202925;PFAS;Perfluoroctansulfonsäure(PFOS);0.005;0.013;0.013;µg/L;12020033103;22020030088;4500648896;False;1763-23-1;PFOS;SpurenstoffeOrganisch;2020-03-31;2020
WASSER;GEW_BIRS_REDINGBRUECKE;47.54729400017516, 7.62270668811649;2613858;1266302;17.03.2020;10:25;14M;202925;PFAS;Perfluoroctansulfonsäure(PFOS);0.005;<0.005;;µg/L;12020031703;22020030087;4500649517;False;1763-23-1;PFOS;SpurenstoffeOrganisch;2020-03-17;2020
WASSER;GEW_BIRS_REDINGBRUECKE;47.54729400017516, 7.62270668811649;2613858;1266302;03.03.2020;09:05;14M;202925;PFAS;Perfluoroctansulfonsäure(PFOS);0.005;0.009;0.009;µg/L;12020030303;22020030086;4500649706;False;1763-23-1;PFOS;SpurenstoffeOrganisch;2020-03-03;2020
WASSER;GEW_BIRS_REDINGBRUECKE;47.54729400017516, 7.62270668811649;2613858;1266302;18.02.2020;10:20;14M;202925;PFAS;Perfluoroctansulfonsäure(PFOS);0.005;<0.005;;µg/L;12020021803;22020020076;4500649868;False;1763-23-1;PFOS;SpurenstoffeOrganisch;2020-02-18;2020
WASSER;GEW_BIRS_REDINGBRUECKE;47.54729400017516, 7.62270668811649;2613858;1266302;04.02.2020;09:10;14M;202925;PFAS;Perfluoroctansulfonsäure(PFOS);0.005;0.01;0.01;µg/L;12020020403;22020020075;4500650057;False;1763-23-1;PFOS;SpurenstoffeOrganisch;2020-02-04;2020
WASSER;GEW_BIRS_REDINGBRUECKE;47.54729400017516, 7.62270668811649;2613858;1266302;21.01.2020;11:45;14M;202925;PFAS;Perfluoroctansulfonsäure(PFOS);0.005;0.006;0.006;µg/L;12020012103;22020010080;4500653652;False;1763-23-1;PFOS;SpurenstoffeOrganisch;2020-01-21;2020
WASSER;GEW_BIRS_REDINGBRUECKE;47.54729400017516, 7.62270668811649;2613858;1266302;07.01.2020;12:00;14M;202925;PFAS;Perfluoroctansulfonsäure(PFOS);0.005;<0.005;;µg/L;12020010703;22020010079;4500653452;False;1763-23-1;PFOS;SpurenstoffeOrganisch;2020-01-07;2020
WASSER;GEW_BIRS_REDINGBRUECKE;47.54729400017516, 7.62270668811649;2613858;1266302;23.12.2019;10:10;14M;202925;PFAS;Perfluoroctansulfonsäure(PFOS);0.005;0.01;0.01;µg/L;12019122402;22019120052;4500550113;False;1763-23-1;PFOS;SpurenstoffeOrganisch;2019-12-23;2019
WASSER;GEW_BIRS_REDINGBRUECKE;47.54729400017516, 7.62270668811649;2613858;1266302;10.12.2019;12:00;14M;202925;PFAS;Perfluoroctansulfonsäure(PFOS);0.005;0.012;0.012;µg/L;12019121003;22019120044;4500550088;False;1763-23-1;PFOS;SpurenstoffeOrganisch;2019-12-10;2019
WASSER;GEW_BIRS_REDINGBRUECKE;47.54729400017516, 7.62270668811649;2613858;1266302;26.11.2019;11:00;14M;202925;PFAS;Perfluoroctansulfonsäure(PFOS);0.005;0.008;0.008;µg/L;12019112602;22019110051;4500550063;False;1763-23-1;PFOS;SpurenstoffeOrganisch;2019-11-26;2019
WASSER;GEW_BIRS_REDINGBRUECKE;47.54729400017516, 7.62270668811649;2613858;1266302;12.11.2019;10:00;14M;202925;PFAS;Perfluoroctansulfonsäure(PFOS);0.005;0.01;0.01;µg/L;12019111203;22019110043;4500550418;False;1763-23-1;PFOS;SpurenstoffeOrganisch;2019-11-12;2019
WASSER;GEW_BIRS_REDINGBRUECKE;47.54729400017516, 7.62270668811649;2613858;1266302;29.10.2019;09:10;14M;202925;PFAS;Perfluoroctansulfonsäure(PFOS);0.005;0.008;0.008;µg/L;12019102902;22019100053;4500550038;False;1763-23-1;PFOS;SpurenstoffeOrganisch;2019-10-29;2019
WASSER;GEW_BIRS_REDINGBRUECKE;47.54729400017516, 7.62270668811649;2613858;1266302;15.10.2019;14:55;14M;202925;PFAS;Perfluoroctansulfonsäure(PFOS);0.005;0.015;0.015;µg/L;12019101503;22019100045;4500550268;False;1763-23-1;PFOS;SpurenstoffeOrganisch;2019-10-15;2019
WASSER;GEW_BIRS_REDINGBRUECKE;47.54729400017516, 7.62270668811649;2613858;1266302;01.10.2019;09:25;14M;202925;PFAS;Perfluoroctansulfonsäure(PFOS);0.005;n. bestimmbar;;µg/L;12019100102;22019100037;4500485195;False;1763-23-1;PFOS;SpurenstoffeOrganisch;2019-10-01;2019
WASSER;GEW_BIRS_REDINGBRUECKE;47.54729400017516, 7.62270668811649;2613858;1266302;17.09.2019;11:30;14M;202925;PFAS;Perfluoroctansulfonsäure(PFOS);0.005;n. bestimmbar;;µg/L;12019091702;22019090045;4500485172;False;1763-23-1;PFOS;SpurenstoffeOrganisch;2019-09-17;2019
WASSER;GEW_BIRS_REDINGBRUECKE;47.54729400017516, 7.62270668811649;2613858;1266302;03.09.2019;10:51;14M;202925;PFAS;Perfluoroctansulfonsäure(PFOS);0.005;n. bestimmbar;;µg/L;12019090302;22019090037;4500485149;False;1763-23-1;PFOS;SpurenstoffeOrganisch;2019-09-03;2019
WASSER;GEW_BIRS_REDINGBRUECKE;47.54729400017516, 7.62270668811649;2613858;1266302;20.08.2019;14:05;14M;202925;PFAS;Perfluoroctansulfonsäure(PFOS);0.005;n. bestimmbar;;µg/L;12019082002;22019080046;4500485126;False;1763-23-1;PFOS;SpurenstoffeOrganisch;2019-08-20;2019
WASSER;GEW_BIRS_REDINGBRUECKE;47.54729400017516, 7.62270668811649;2613858;1266302;06.08.2019;10:15;14M;202925;PFAS;Perfluoroctansulfonsäure(PFOS);0.005;n. bestimmbar;;µg/L;12019080602;22019080038;4500485103;False;1763-23-1;PFOS;SpurenstoffeOrganisch;2019-08-06;2019
WASSER;GEW_BIRS_REDINGBRUECKE;47.54729400017516, 7.62270668811649;2613858;1266302;23.07.2019;12:00;14M;202925;PFAS;Perfluoroctansulfonsäure(PFOS);0.005;n. bestimmbar;;µg/L;12019072302;22019070047;4500485080;False;1763-23-1;PFOS;SpurenstoffeOrganisch;2019-07-23;2019
WASSER;GEW_BIRS_REDINGBRUECKE;47.54729400017516, 7.62270668811649;2613858;1266302;09.07.2019;10:55;14M;202925;PFAS;Perfluoroctansulfonsäure(PFOS);0.005;n. bestimmbar;;µg/L;12019070902;22019070039;4500485057;False;1763-23-1;PFOS;SpurenstoffeOrganisch;2019-07-09;2019
WASSER;GEW_BIRS_REDINGBRUECKE;47.54729400017516, 7.62270668811649;2613858;1266302;25.06.2019;10:30;14M;202925;PFAS;Perfluoroctansulfonsäure(PFOS);0.005;n. bestimmbar;;µg/L;12019062503;22019060301;4500485019;False;1763-23-1;PFOS;SpurenstoffeOrganisch;2019-06-25;2019
WASSER;GEW_BIRS_REDINGBRUECKE;47.54729400017516, 7.62270668811649;2613858;1266302;12.06.2019;07:30;14M;202925;PFAS;Perfluoroctansulfonsäure(PFOS);0.005;n. bestimmbar;;µg/L;12019061106;22019060300;4500484935;False;1763-23-1;PFOS;SpurenstoffeOrganisch;2019-06-12;2019
WASSER;GEW_BIRS_REDINGBRUECKE;47.54729400017516, 7.62270668811649;2613858;1266302;14.05.2019;10:20;14M;202925;PFAS;Perfluoroctansulfonsäure(PFOS);0.005;n. bestimmbar;;µg/L;12019051406;22019050303;4500484851;False;1763-23-1;PFOS;SpurenstoffeOrganisch;2019-05-14;2019
WASSER;GEW_WIESE_HOCHBERGER165_R_UFER;47.58222784022979, 7.589888642709256;2611380;1270181;11.12.2018;15:10;STICHPROBE;203100;PFAS;Perfluoroctansulfonsäure(PFOS);0.005;<0.005;;µg/L;12018121005;22018120194;4500268655;False;1763-23-1;PFOS;SpurenstoffeOrganisch;2018-12-11;2018
WASSER;GEW_WIESE_HOCHBERGER165_R_UFER;47.58222784022979, 7.589888642709256;2611380;1270181;16.10.2018;09:20;STICHPROBE;203100;PFAS;Perfluoroctansulfonsäure(PFOS);0.005;<0.005;;µg/L;12018101504;22018100164;4500268587;False;1763-23-1;PFOS;SpurenstoffeOrganisch;2018-10-16;2018
WASSER;GEW_RHEIN_IWB;47.56209433302646, 7.630371436664465;2614431;1267949;04.12.2013;10:45;STICHPROBE;202600;PFAS;Perfluorheptansäure(PFHPA);0.005;<0.005;;µg/L;12013120206;22013120019;402774028;False;375-85-9;PFHpA;SpurenstoffeOrganisch;2013-12-04;2013
WASSER;GEW_RHEIN_IWB;47.56209433302646, 7.630371436664465;2614431;1267949;04.12.2013;10:45;STICHPROBE;202800;PFAS;Perfluorhexansulfonsäure(PFHS);0.005;<0.005;;µg/L;12013120206;22013120019;402774029;False;355-46-4;PFHxS;SpurenstoffeOrganisch;2013-12-04;2013
WASSER;GEW_RHEIN_IWB;47.56209433302646, 7.630371436664465;2614431;1267949;04.12.2013;10:45;STICHPROBE;203100;PFAS;Perfluoroctansulfonsäure(PFOS);0.005;<0.005;;µg/L;12013120206;22013120019;402774031;False;1763-23-1;PFOS;SpurenstoffeOrganisch;2013-12-04;2013
WASSER;GEW_RHEIN_IWB;47.56209433302646, 7.630371436664465;2614431;1267949;04.12.2013;10:45;STICHPROBE;202300;PFAS;Perfluorbutansulfonsäure(PFBS);0.005;<0.005;;µg/L;12013120206;22013120019;402774026;False;375-73-5;PFBS;SpurenstoffeOrganisch;2013-12-04;2013
WASSER;GEW_RHEIN_IWB;47.56209433302646, 7.630371436664465;2614431;1267949;04.12.2013;10:45;STICHPROBE;202400;PFAS;Perfluordekansäure(PFDA);0.005;<0.005;;µg/L;12013120206;22013120019;402774033;False;335-76-2;PFDA;SpurenstoffeOrganisch;2013-12-04;2013
WASSER;GEW_RHEIN_IWB;47.56209433302646, 7.630371436664465;2614431;1267949;04.12.2013;10:45;STICHPROBE;203000;PFAS;Perfluoroctansäure(PFOA);0.005;<0.005;;µg/L;12013120206;22013120019;402774030;False;335-67-1;PFOA;SpurenstoffeOrganisch;2013-12-04;2013
WASSER;GEW_RHEIN_IWB;47.56209433302646, 7.630371436664465;2614431;1267949;04.12.2013;10:45;STICHPROBE;202200;PFAS;Perfluorbutansäure(PFBA);0.005;<0.005;;µg/L;12013120206;22013120019;402774024;False;375-22-4;PFBA;SpurenstoffeOrganisch;2013-12-04;2013
WASSER;GEW_RHEIN_IWB;47.56209433302646, 7.630371436664465;2614431;1267949;04.12.2013;10:45;STICHPROBE;202700;PFAS;Perfluorhexansäure(PFHA);0.005;<0.005;;µg/L;12013120206;22013120019;402774027;False;307-24-4;PFHxA;SpurenstoffeOrganisch;2013-12-04;2013
WASSER;GEW_RHEIN_IWB;47.56209433302646, 7.630371436664465;2614431;1267949;04.12.2013;10:45;STICHPROBE;202900;PFAS;Perfluornonansäure(PFNA);0.005;<0.005;;µg/L;12013120206;22013120019;402774032;False;375-95-1;PFNA;SpurenstoffeOrganisch;2013-12-04;2013
WASSER;GEW_RHEIN_IWB;47.56209433302646, 7.630371436664465;2614431;1267949;04.12.2013;10:45;STICHPROBE;203150;PFAS;Perfluorpentansäure(PFPEA);0.005;<0.005;;µg/L;12013120206;22013120019;402774025;False;2706-90-3;PFPeA;SpurenstoffeOrganisch;2013-12-04;2013
WASSER;GEW_RHEIN_IWB;47.56209433302646, 7.630371436664465;2614431;1267949;11.11.2013;12:30;STICHPROBE;202600;PFAS;Perfluorheptansäure(PFHPA);0.005;<0.005;;µg/L;12013110404;22013110081;402759068;False;375-85-9;PFHpA;SpurenstoffeOrganisch;2013-11-11;2013
WASSER;GEW_RHEIN_IWB;47.56209433302646, 7.630371436664465;2614431;1267949;11.11.2013;12:30;STICHPROBE;202700;PFAS;Perfluorhexansäure(PFHA);0.005;<0.005;;µg/L;12013110404;22013110081;402759067;False;307-24-4;PFHxA;SpurenstoffeOrganisch;2013-11-11;2013
WASSER;GEW_RHEIN_IWB;47.56209433302646, 7.630371436664465;2614431;1267949;11.11.2013;12:30;STICHPROBE;202800;PFAS;Perfluorhexansulfonsäure(PFHS);0.005;<0.005;;µg/L;12013110404;22013110081;402759069;False;355-46-4;PFHxS;SpurenstoffeOrganisch;2013-11-11;2013
WASSER;GEW_RHEIN_IWB;47.56209433302646, 7.630371436664465;2614431;1267949;11.11.2013;12:30;STICHPROBE;202200;PFAS;Perfluorbutansäure(PFBA);0.005;<0.005;;µg/L;12013110404;22013110081;402759064;False;375-22-4;PFBA;SpurenstoffeOrganisch;2013-11-11;2013
WASSER;GEW_RHEIN_IWB;47.56209433302646, 7.630371436664465;2614431;1267949;11.11.2013;12:30;STICHPROBE;202300;PFAS;Perfluorbutansulfonsäure(PFBS);0.005;<0.005;;µg/L;12013110404;22013110081;402759066;False;375-73-5;PFBS;SpurenstoffeOrganisch;2013-11-11;2013
WASSER;GEW_RHEIN_IWB;47.56209433302646, 7.630371436664465;2614431;1267949;11.11.2013;12:30;STICHPROBE;202400;PFAS;Perfluordekansäure(PFDA);0.005;<0.005;;µg/L;12013110404;22013110081;402759073;False;335-76-2;PFDA;SpurenstoffeOrganisch;2013-11-11;2013
WASSER;GEW_RHEIN_IWB;47.56209433302646, 7.630371436664465;2614431;1267949;11.11.2013;12:30;STICHPROBE;202900;PFAS;Perfluornonansäure(PFNA);0.005;<0.005;;µg/L;12013110404;22013110081;402759072;False;375-95-1;PFNA;SpurenstoffeOrganisch;2013-11-11;2013
WASSER;GEW_RHEIN_IWB;47.56209433302646, 7.630371436664465;2614431;1267949;11.11.2013;12:30;STICHPROBE;203000;PFAS;Perfluoroctansäure(PFOA);0.005;<0.005;;µg/L;12013110404;22013110081;402759070;False;335-67-1;PFOA;SpurenstoffeOrganisch;2013-11-11;2013
WASSER;GEW_RHEIN_IWB;47.56209433302646, 7.630371436664465;2614431;1267949;11.11.2013;12:30;STICHPROBE;203100;PFAS;Perfluoroctansulfonsäure(PFOS);0.005;<0.005;;µg/L;12013110404;22013110081;402759071;False;1763-23-1;PFOS;SpurenstoffeOrganisch;2013-11-11;2013
WASSER;GEW_RHEIN_IWB;47.56209433302646, 7.630371436664465;2614431;1267949;11.11.2013;12:30;STICHPROBE;203150;PFAS;Perfluorpentansäure(PFPEA);0.005;<0.005;;µg/L;12013110404;22013110081;402759065;False;2706-90-3;PFPeA;SpurenstoffeOrganisch;2013-11-11;2013
WASSER;GEW_RHEIN_IWB;47.56209433302646, 7.630371436664465;2614431;1267949;09.10.2013;08:30;STICHPROBE;202400;PFAS;Perfluordekansäure(PFDA);0.005;<0.005;;µg/L;12013100902;22013100088;402729278;False;335-76-2;PFDA;SpurenstoffeOrganisch;2013-10-09;2013
WASSER;GEW_RHEIN_IWB;47.56209433302646, 7.630371436664465;2614431;1267949;09.10.2013;08:30;STICHPROBE;202600;PFAS;Perfluorheptansäure(PFHPA);0.005;<0.005;;µg/L;12013100902;22013100088;402729273;False;375-85-9;PFHpA;SpurenstoffeOrganisch;2013-10-09;2013
WASSER;GEW_RHEIN_IWB;47.56209433302646, 7.630371436664465;2614431;1267949;09.10.2013;08:30;STICHPROBE;202800;PFAS;Perfluorhexansulfonsäure(PFHS);0.005;<0.005;;µg/L;12013100902;22013100088;402729274;False;355-46-4;PFHxS;SpurenstoffeOrganisch;2013-10-09;2013
WASSER;GEW_RHEIN_IWB;47.56209433302646, 7.630371436664465;2614431;1267949;09.10.2013;08:30;STICHPROBE;202900;PFAS;Perfluornonansäure(PFNA);0.005;<0.005;;µg/L;12013100902;22013100088;402729277;False;375-95-1;PFNA;SpurenstoffeOrganisch;2013-10-09;2013
WASSER;GEW_RHEIN_IWB;47.56209433302646, 7.630371436664465;2614431;1267949;09.10.2013;08:30;STICHPROBE;203000;PFAS;Perfluoroctansäure(PFOA);0.005;<0.005;;µg/L;12013100902;22013100088;402729275;False;335-67-1;PFOA;SpurenstoffeOrganisch;2013-10-09;2013
WASSER;GEW_RHEIN_IWB;47.56209433302646, 7.630371436664465;2614431;1267949;09.10.2013;08:30;STICHPROBE;202200;PFAS;Perfluorbutansäure(PFBA);0.005;<0.005;;µg/L;12013100902;22013100088;402729269;False;375-22-4;PFBA;SpurenstoffeOrganisch;2013-10-09;2013
WASSER;GEW_RHEIN_IWB;47.56209433302646, 7.630371436664465;2614431;1267949;09.10.2013;08:30;STICHPROBE;202300;PFAS;Perfluorbutansulfonsäure(PFBS);0.005;<0.005;;µg/L;12013100902;22013100088;402729271;False;375-73-5;PFBS;SpurenstoffeOrganisch;2013-10-09;2013
WASSER;GEW_RHEIN_IWB;47.56209433302646, 7.630371436664465;2614431;1267949;09.10.2013;08:30;STICHPROBE;202700;PFAS;Perfluorhexansäure(PFHA);0.005;<0.005;;µg/L;12013100902;22013100088;402729272;False;307-24-4;PFHxA;SpurenstoffeOrganisch;2013-10-09;2013
WASSER;GEW_RHEIN_IWB;47.56209433302646, 7.630371436664465;2614431;1267949;09.10.2013;08:30;STICHPROBE;203100;PFAS;Perfluoroctansulfonsäure(PFOS);0.005;<0.005;;µg/L;12013100902;22013100088;402729276;False;1763-23-1;PFOS;SpurenstoffeOrganisch;2013-10-09;2013
WASSER;GEW_RHEIN_IWB;47.56209433302646, 7.630371436664465;2614431;1267949;09.10.2013;08:30;STICHPROBE;203150;PFAS;Perfluorpentansäure(PFPEA);0.005;<0.005;;µg/L;12013100902;22013100088;402729270;False;2706-90-3;PFPeA;SpurenstoffeOrganisch;2013-10-09;2013
WASSER;GEW_RHEIN_IWB;47.56209433302646, 7.630371436664465;2614431;1267949;10.09.2013;08:20;STICHPROBE;202400;PFAS;Perfluordekansäure(PFDA);0.005;<0.005;;µg/L;12013090907;22013090080;402711421;False;335-76-2;PFDA;SpurenstoffeOrganisch;2013-09-10;2013
WASSER;GEW_RHEIN_IWB;47.56209433302646, 7.630371436664465;2614431;1267949;10.09.2013;08:20;STICHPROBE;202300;PFAS;Perfluorbutansulfonsäure(PFBS);0.005;<0.005;;µg/L;12013090907;22013090080;402711414;False;375-73-5;PFBS;SpurenstoffeOrganisch;2013-09-10;2013
WASSER;GEW_RHEIN_IWB;47.56209433302646, 7.630371436664465;2614431;1267949;10.09.2013;08:20;STICHPROBE;202600;PFAS;Perfluorheptansäure(PFHPA);0.005;<0.005;;µg/L;12013090907;22013090080;402711416;False;375-85-9;PFHpA;SpurenstoffeOrganisch;2013-09-10;2013
WASSER;GEW_RHEIN_IWB;47.56209433302646, 7.630371436664465;2614431;1267949;10.09.2013;08:20;STICHPROBE;202700;PFAS;Perfluorhexansäure(PFHA);0.005;<0.005;;µg/L;12013090907;22013090080;402711415;False;307-24-4;PFHxA;SpurenstoffeOrganisch;2013-09-10;2013
WASSER;GEW_RHEIN_IWB;47.56209433302646, 7.630371436664465;2614431;1267949;10.09.2013;08:20;STICHPROBE;203000;PFAS;Perfluoroctansäure(PFOA);0.005;<0.005;;µg/L;12013090907;22013090080;402711418;False;335-67-1;PFOA;SpurenstoffeOrganisch;2013-09-10;2013
WASSER;GEW_RHEIN_IWB;47.56209433302646, 7.630371436664465;2614431;1267949;10.09.2013;08:20;STICHPROBE;202200;PFAS;Perfluorbutansäure(PFBA);0.005;<0.005;;µg/L;12013090907;22013090080;402711412;False;375-22-4;PFBA;SpurenstoffeOrganisch;2013-09-10;2013
WASSER;GEW_RHEIN_IWB;47.56209433302646, 7.630371436664465;2614431;1267949;10.09.2013;08:20;STICHPROBE;202800;PFAS;Perfluorhexansulfonsäure(PFHS);0.005;<0.005;;µg/L;12013090907;22013090080;402711417;False;355-46-4;PFHxS;SpurenstoffeOrganisch;2013-09-10;2013
WASSER;GEW_RHEIN_IWB;47.56209433302646, 7.630371436664465;2614431;1267949;10.09.2013;08:20;STICHPROBE;202900;PFAS;Perfluornonansäure(PFNA);0.005;<0.005;;µg/L;12013090907;22013090080;402711420;False;375-95-1;PFNA;SpurenstoffeOrganisch;2013-09-10;2013
WASSER;GEW_RHEIN_IWB;47.56209433302646, 7.630371436664465;2614431;1267949;10.09.2013;08:20;STICHPROBE;203100;PFAS;Perfluoroctansulfonsäure(PFOS);0.005;0.006;0.006;µg/L;12013090907;22013090080;402711419;False;1763-23-1;PFOS;SpurenstoffeOrganisch;2013-09-10;2013
WASSER;GEW_RHEIN_IWB;47.56209433302646, 7.630371436664465;2614431;1267949;10.09.2013;08:20;STICHPROBE;203150;PFAS;Perfluorpentansäure(PFPEA);0.005;<0.005;;µg/L;12013090907;22013090080;402711413;False;2706-90-3;PFPeA;SpurenstoffeOrganisch;2013-09-10;2013
WASSER;GEW_RHEIN_IWB;47.56209433302646, 7.630371436664465;2614431;1267949;16.08.2013;08:30;STICHPROBE;202600;PFAS;Perfluorheptansäure(PFHPA);0.005;<0.005;;µg/L;12013081207;22013080153;402694315;False;375-85-9;PFHpA;SpurenstoffeOrganisch;2013-08-16;2013
WASSER;GEW_RHEIN_IWB;47.56209433302646, 7.630371436664465;2614431;1267949;16.08.2013;08:30;STICHPROBE;202700;PFAS;Perfluorhexansäure(PFHA);0.005;<0.005;;µg/L;12013081207;22013080153;402694314;False;307-24-4;PFHxA;SpurenstoffeOrganisch;2013-08-16;2013
WASSER;GEW_RHEIN_IWB;47.56209433302646, 7.630371436664465;2614431;1267949;16.08.2013;08:30;STICHPROBE;202800;PFAS;Perfluorhexansulfonsäure(PFHS);0.005;<0.005;;µg/L;12013081207;22013080153;402694316;False;355-46-4;PFHxS;SpurenstoffeOrganisch;2013-08-16;2013
WASSER;GEW_RHEIN_IWB;47.56209433302646, 7.630371436664465;2614431;1267949;16.08.2013;08:30;STICHPROBE;203150;PFAS;Perfluorpentansäure(PFPEA);0.005;<0.005;;µg/L;12013081207;22013080153;402694312;False;2706-90-3;PFPeA;SpurenstoffeOrganisch;2013-08-16;2013
WASSER;GEW_RHEIN_IWB;47.56209433302646, 7.630371436664465;2614431;1267949;16.08.2013;08:30;STICHPROBE;202400;PFAS;Perfluordekansäure(PFDA);0.005;<0.005;;µg/L;12013081207;22013080153;402694320;False;335-76-2;PFDA;SpurenstoffeOrganisch;2013-08-16;2013
WASSER;GEW_RHEIN_IWB;47.56209433302646, 7.630371436664465;2614431;1267949;16.08.2013;08:30;STICHPROBE;202900;PFAS;Perfluornonansäure(PFNA);0.005;<0.005;;µg/L;12013081207;22013080153;402694319;False;375-95-1;PFNA;SpurenstoffeOrganisch;2013-08-16;2013
WASSER;GEW_RHEIN_IWB;47.56209433302646, 7.630371436664465;2614431;1267949;16.08.2013;08:30;STICHPROBE;203100;PFAS;Perfluoroctansulfonsäure(PFOS);0.005;<0.005;;µg/L;12013081207;22013080153;402694318;False;1763-23-1;PFOS;SpurenstoffeOrganisch;2013-08-16;2013
WASSER;GEW_RHEIN_IWB;47.56209433302646, 7.630371436664465;2614431;1267949;16.08.2013;08:30;STICHPROBE;202200;PFAS;Perfluorbutansäure(PFBA);0.005;<0.005;;µg/L;12013081207;22013080153;402694311;False;375-22-4;PFBA;SpurenstoffeOrganisch;2013-08-16;2013
WASSER;GEW_RHEIN_IWB;47.56209433302646, 7.630371436664465;2614431;1267949;16.08.2013;08:30;STICHPROBE;202300;PFAS;Perfluorbutansulfonsäure(PFBS);0.005;<0.005;;µg/L;12013081207;22013080153;402694313;False;375-73-5;PFBS;SpurenstoffeOrganisch;2013-08-16;2013
WASSER;GEW_RHEIN_IWB;47.56209433302646, 7.630371436664465;2614431;1267949;16.08.2013;08:30;STICHPROBE;203000;PFAS;Perfluoroctansäure(PFOA);0.005;<0.005;;µg/L;12013081207;22013080153;402694317;False;335-67-1;PFOA;SpurenstoffeOrganisch;2013-08-16;2013
WASSER;GEW_RHEIN_IWB;47.56209433302646, 7.630371436664465;2614431;1267949;17.07.2013;11:30;STICHPROBE;202800;PFAS;Perfluorhexansulfonsäure(PFHS);0.005;<0.005;;µg/L;12013070107;22013070164;402675752;False;355-46-4;PFHxS;SpurenstoffeOrganisch;2013-07-17;2013
WASSER;GEW_RHEIN_IWB;47.56209433302646, 7.630371436664465;2614431;1267949;17.07.2013;11:30;STICHPROBE;203100;PFAS;Perfluoroctansulfonsäure(PFOS);0.005;<0.005;;µg/L;12013070107;22013070164;402675754;False;1763-23-1;PFOS;SpurenstoffeOrganisch;2013-07-17;2013
WASSER;GEW_RHEIN_IWB;47.56209433302646, 7.630371436664465;2614431;1267949;17.07.2013;11:30;STICHPROBE;202200;PFAS;Perfluorbutansäure(PFBA);0.005;<0.005;;µg/L;12013070107;22013070164;402675747;False;375-22-4;PFBA;SpurenstoffeOrganisch;2013-07-17;2013
WASSER;GEW_RHEIN_IWB;47.56209433302646, 7.630371436664465;2614431;1267949;17.07.2013;11:30;STICHPROBE;202300;PFAS;Perfluorbutansulfonsäure(PFBS);0.005;<0.005;;µg/L;12013070107;22013070164;402675749;False;375-73-5;PFBS;SpurenstoffeOrganisch;2013-07-17;2013
WASSER;GEW_RHEIN_IWB;47.56209433302646, 7.630371436664465;2614431;1267949;17.07.2013;11:30;STICHPROBE;202400;PFAS;Perfluordekansäure(PFDA);0.005;<0.005;;µg/L;12013070107;22013070164;402675756;False;335-76-2;PFDA;SpurenstoffeOrganisch;2013-07-17;2013
WASSER;GEW_RHEIN_IWB;47.56209433302646, 7.630371436664465;2614431;1267949;17.07.2013;11:30;STICHPROBE;202600;PFAS;Perfluorheptansäure(PFHPA);0.005;<0.005;;µg/L;12013070107;22013070164;402675751;False;375-85-9;PFHpA;SpurenstoffeOrganisch;2013-07-17;2013
WASSER;GEW_RHEIN_IWB;47.56209433302646, 7.630371436664465;2614431;1267949;17.07.2013;11:30;STICHPROBE;202700;PFAS;Perfluorhexansäure(PFHA);0.005;<0.005;;µg/L;12013070107;22013070164;402675750;False;307-24-4;PFHxA;SpurenstoffeOrganisch;2013-07-17;2013
WASSER;GEW_RHEIN_IWB;47.56209433302646, 7.630371436664465;2614431;1267949;17.07.2013;11:30;STICHPROBE;202900;PFAS;Perfluornonansäure(PFNA);0.005;<0.005;;µg/L;12013070107;22013070164;402675755;False;375-95-1;PFNA;SpurenstoffeOrganisch;2013-07-17;2013
WASSER;GEW_RHEIN_IWB;47.56209433302646, 7.630371436664465;2614431;1267949;17.07.2013;11:30;STICHPROBE;203000;PFAS;Perfluoroctansäure(PFOA);0.005;<0.005;;µg/L;12013070107;22013070164;402675753;False;335-67-1;PFOA;SpurenstoffeOrganisch;2013-07-17;2013
WASSER;GEW_RHEIN_IWB;47.56209433302646, 7.630371436664465;2614431;1267949;17.07.2013;11:30;STICHPROBE;203150;PFAS;Perfluorpentansäure(PFPEA);0.005;<0.005;;µg/L;12013070107;22013070164;402675748;False;2706-90-3;PFPeA;SpurenstoffeOrganisch;2013-07-17;2013
WASSER;GEW_RHEIN_IWB;47.56209433302646, 7.630371436664465;2614431;1267949;17.06.2013;08:15;STICHPROBE;202200;PFAS;Perfluorbutansäure(PFBA);0.005;<0.005;;µg/L;12013060308;22013060122;402651642;False;375-22-4;PFBA;SpurenstoffeOrganisch;2013-06-17;2013
WASSER;GEW_RHEIN_IWB;47.56209433302646, 7.630371436664465;2614431;1267949;17.06.2013;08:15;STICHPROBE;202300;PFAS;Perfluorbutansulfonsäure(PFBS);0.005;<0.005;;µg/L;12013060308;22013060122;402651644;False;375-73-5;PFBS;SpurenstoffeOrganisch;2013-06-17;2013
WASSER;GEW_RHEIN_IWB;47.56209433302646, 7.630371436664465;2614431;1267949;17.06.2013;08:15;STICHPROBE;202600;PFAS;Perfluorheptansäure(PFHPA);0.005;<0.005;;µg/L;12013060308;22013060122;402651646;False;375-85-9;PFHpA;SpurenstoffeOrganisch;2013-06-17;2013
WASSER;GEW_RHEIN_IWB;47.56209433302646, 7.630371436664465;2614431;1267949;17.06.2013;08:15;STICHPROBE;202800;PFAS;Perfluorhexansulfonsäure(PFHS);0.005;<0.005;;µg/L;12013060308;22013060122;402651647;False;355-46-4;PFHxS;SpurenstoffeOrganisch;2013-06-17;2013
WASSER;GEW_RHEIN_IWB;47.56209433302646, 7.630371436664465;2614431;1267949;17.06.2013;08:15;STICHPROBE;202900;PFAS;Perfluornonansäure(PFNA);0.005;<0.005;;µg/L;12013060308;22013060122;402651650;False;375-95-1;PFNA;SpurenstoffeOrganisch;2013-06-17;2013
WASSER;GEW_RHEIN_IWB;47.56209433302646, 7.630371436664465;2614431;1267949;17.06.2013;08:15;STICHPROBE;202700;PFAS;Perfluorhexansäure(PFHA);0.005;<0.005;;µg/L;12013060308;22013060122;402651645;False;307-24-4;PFHxA;SpurenstoffeOrganisch;2013-06-17;2013
WASSER;GEW_RHEIN_IWB;47.56209433302646, 7.630371436664465;2614431;1267949;17.06.2013;08:15;STICHPROBE;203000;PFAS;Perfluoroctansäure(PFOA);0.005;<0.005;;µg/L;12013060308;22013060122;402651648;False;335-67-1;PFOA;SpurenstoffeOrganisch;2013-06-17;2013
WASSER;GEW_RHEIN_IWB;47.56209433302646, 7.630371436664465;2614431;1267949;17.06.2013;08:15;STICHPROBE;203100;PFAS;Perfluoroctansulfonsäure(PFOS);0.005;<0.005;;µg/L;12013060308;22013060122;402651649;False;1763-23-1;PFOS;SpurenstoffeOrganisch;2013-06-17;2013
WASSER;GEW_RHEIN_IWB;47.56209433302646, 7.630371436664465;2614431;1267949;17.06.2013;08:15;STICHPROBE;202400;PFAS;Perfluordekansäure(PFDA);0.005;<0.005;;µg/L;12013060308;22013060122;402651651;False;335-76-2;PFDA;SpurenstoffeOrganisch;2013-06-17;2013
WASSER;GEW_RHEIN_IWB;47.56209433302646, 7.630371436664465;2614431;1267949;17.06.2013;08:15;STICHPROBE;203150;PFAS;Perfluorpentansäure(PFPEA);0.005;<0.005;;µg/L;12013060308;22013060122;402651643;False;2706-90-3;PFPeA;SpurenstoffeOrganisch;2013-06-17;2013
WASSER;GEW_RHEIN_IWB;47.56209433302646, 7.630371436664465;2614431;1267949;22.05.2013;09:15;STICHPROBE;202200;PFAS;Perfluorbutansäure(PFBA);0.005;<0.005;;µg/L;12013050608;22013050207;402632747;False;375-22-4;PFBA;SpurenstoffeOrganisch;2013-05-22;2013
WASSER;GEW_RHEIN_IWB;47.56209433302646, 7.630371436664465;2614431;1267949;22.05.2013;09:15;STICHPROBE;202700;PFAS;Perfluorhexansäure(PFHA);0.005;<0.005;;µg/L;12013050608;22013050207;402632750;False;307-24-4;PFHxA;SpurenstoffeOrganisch;2013-05-22;2013
WASSER;GEW_RHEIN_IWB;47.56209433302646, 7.630371436664465;2614431;1267949;22.05.2013;09:15;STICHPROBE;202300;PFAS;Perfluorbutansulfonsäure(PFBS);0.005;<0.005;;µg/L;12013050608;22013050207;402632749;False;375-73-5;PFBS;SpurenstoffeOrganisch;2013-05-22;2013
WASSER;GEW_RHEIN_IWB;47.56209433302646, 7.630371436664465;2614431;1267949;22.05.2013;09:15;STICHPROBE;202600;PFAS;Perfluorheptansäure(PFHPA);0.005;<0.005;;µg/L;12013050608;22013050207;402632751;False;375-85-9;PFHpA;SpurenstoffeOrganisch;2013-05-22;2013
WASSER;GEW_RHEIN_IWB;47.56209433302646, 7.630371436664465;2614431;1267949;22.05.2013;09:15;STICHPROBE;202800;PFAS;Perfluorhexansulfonsäure(PFHS);0.005;<0.005;;µg/L;12013050608;22013050207;402632752;False;355-46-4;PFHxS;SpurenstoffeOrganisch;2013-05-22;2013
WASSER;GEW_RHEIN_IWB;47.56209433302646, 7.630371436664465;2614431;1267949;22.05.2013;09:15;STICHPROBE;202400;PFAS;Perfluordekansäure(PFDA);0.005;<0.005;;µg/L;12013050608;22013050207;402632756;False;335-76-2;PFDA;SpurenstoffeOrganisch;2013-05-22;2013
WASSER;GEW_RHEIN_IWB;47.56209433302646, 7.630371436664465;2614431;1267949;22.05.2013;09:15;STICHPROBE;202900;PFAS;Perfluornonansäure(PFNA);0.005;<0.005;;µg/L;12013050608;22013050207;402632755;False;375-95-1;PFNA;SpurenstoffeOrganisch;2013-05-22;2013
WASSER;GEW_RHEIN_IWB;47.56209433302646, 7.630371436664465;2614431;1267949;22.05.2013;09:15;STICHPROBE;203000;PFAS;Perfluoroctansäure(PFOA);0.005;<0.005;;µg/L;12013050608;22013050207;402632753;False;335-67-1;PFOA;SpurenstoffeOrganisch;2013-05-22;2013
WASSER;GEW_RHEIN_IWB;47.56209433302646, 7.630371436664465;2614431;1267949;22.05.2013;09:15;STICHPROBE;203100;PFAS;Perfluoroctansulfonsäure(PFOS);0.005;<0.005;;µg/L;12013050608;22013050207;402632754;False;1763-23-1;PFOS;SpurenstoffeOrganisch;2013-05-22;2013
WASSER;GEW_RHEIN_IWB;47.56209433302646, 7.630371436664465;2614431;1267949;22.05.2013;09:15;STICHPROBE;203150;PFAS;Perfluorpentansäure(PFPEA);0.005;<0.005;;µg/L;12013050608;22013050207;402632748;False;2706-90-3;PFPeA;SpurenstoffeOrganisch;2013-05-22;2013
WASSER;GEW_WIESE_HOCHBERGER165_R_UFER;47.58222784022979, 7.589888642709256;2611380;1270181;09.10.2012;;STICHPROBE;202300;PFAS;Perfluorbutansulfonsäure(PFBS);0.005;<0.005;;µg/L;12012100807;22012100083;402443547;False;375-73-5;PFBS;SpurenstoffeOrganisch;2012-10-09;2012
WASSER;GEW_WIESE_HOCHBERGER165_R_UFER;47.58222784022979, 7.589888642709256;2611380;1270181;09.10.2012;;STICHPROBE;202600;PFAS;Perfluorheptansäure(PFHPA);0.005;<0.005;;µg/L;12012100807;22012100083;402443549;False;375-85-9;PFHpA;SpurenstoffeOrganisch;2012-10-09;2012
WASSER;GEW_WIESE_HOCHBERGER165_R_UFER;47.58222784022979, 7.589888642709256;2611380;1270181;09.10.2012;;STICHPROBE;202900;PFAS;Perfluornonansäure(PFNA);0.005;<0.005;;µg/L;12012100807;22012100083;402443553;False;375-95-1;PFNA;SpurenstoffeOrganisch;2012-10-09;2012
WASSER;GEW_WIESE_HOCHBERGER165_R_UFER;47.58222784022979, 7.589888642709256;2611380;1270181;09.10.2012;;STICHPROBE;203000;PFAS;Perfluoroctansäure(PFOA);0.005;<0.005;;µg/L;12012100807;22012100083;402443551;False;335-67-1;PFOA;SpurenstoffeOrganisch;2012-10-09;2012
WASSER;GEW_WIESE_HOCHBERGER165_R_UFER;47.58222784022979, 7.589888642709256;2611380;1270181;09.10.2012;;STICHPROBE;202200;PFAS;Perfluorbutansäure(PFBA);0.005;<0.005;;µg/L;12012100807;22012100083;402443545;False;375-22-4;PFBA;SpurenstoffeOrganisch;2012-10-09;2012
WASSER;GEW_WIESE_HOCHBERGER165_R_UFER;47.58222784022979, 7.589888642709256;2611380;1270181;09.10.2012;;STICHPROBE;202400;PFAS;Perfluordekansäure(PFDA);0.005;<0.005;;µg/L;12012100807;22012100083;402443554;False;335-76-2;PFDA;SpurenstoffeOrganisch;2012-10-09;2012
WASSER;GEW_WIESE_HOCHBERGER165_R_UFER;47.58222784022979, 7.589888642709256;2611380;1270181;09.10.2012;;STICHPROBE;202800;PFAS;Perfluorhexansulfonsäure(PFHS);0.005;<0.005;;µg/L;12012100807;22012100083;402443550;False;355-46-4;PFHxS;SpurenstoffeOrganisch;2012-10-09;2012
WASSER;GEW_WIESE_HOCHBERGER165_R_UFER;47.58222784022979, 7.589888642709256;2611380;1270181;09.10.2012;;STICHPROBE;203100;PFAS;Perfluoroctansulfonsäure(PFOS);0.005;<0.005;;µg/L;12012100807;22012100083;402443552;False;1763-23-1;PFOS;SpurenstoffeOrganisch;2012-10-09;2012
WASSER;GEW_WIESE_HOCHBERGER165_R_UFER;47.58222784022979, 7.589888642709256;2611380;1270181;09.10.2012;;STICHPROBE;202700;PFAS;Perfluorhexansäure(PFHA);0.005;<0.005;;µg/L;12012100807;22012100083;402443548;False;307-24-4;PFHxA;SpurenstoffeOrganisch;2012-10-09;2012
WASSER;GEW_WIESE_HOCHBERGER165_R_UFER;47.58222784022979, 7.589888642709256;2611380;1270181;09.10.2012;;STICHPROBE;203150;PFAS;Perfluorpentansäure(PFPEA);0.005;<0.005;;µg/L;12012100807;22012100083;402443546;False;2706-90-3;PFPeA;SpurenstoffeOrganisch;2012-10-09;2012
WASSER;GEW_RHEIN_IWB;47.56209433302646, 7.630371436664465;2614431;1267949;28.12.2009;08:00;STICHPROBE;202525;PFAS;Perfluorbutansäure(PFBA);0.005;<0.005;;µg/L;12009122802;22009120212;401842378;False;375-22-4;PFBA;SpurenstoffeOrganisch;2009-12-28;2009
WASSER;GEW_RHEIN_IWB;47.56209433302646, 7.630371436664465;2614431;1267949;28.12.2009;08:00;STICHPROBE;202575;PFAS;Perfluordekansäure(PFDA);0.005;<0.005;;µg/L;12009122802;22009120212;401842387;False;335-76-2;PFDA;SpurenstoffeOrganisch;2009-12-28;2009
WASSER;GEW_RHEIN_IWB;47.56209433302646, 7.630371436664465;2614431;1267949;28.12.2009;08:00;STICHPROBE;202675;PFAS;Perfluorheptansäure(PFHPA);0.005;<0.005;;µg/L;12009122802;22009120212;401842382;False;375-85-9;PFHpA;SpurenstoffeOrganisch;2009-12-28;2009
WASSER;GEW_RHEIN_IWB;47.56209433302646, 7.630371436664465;2614431;1267949;28.12.2009;08:00;STICHPROBE;202775;PFAS;Perfluorhexansulfonsäure(PFHS);0.005;<0.005;;µg/L;12009122802;22009120212;401842383;False;355-46-4;PFHxS;SpurenstoffeOrganisch;2009-12-28;2009
WASSER;GEW_RHEIN_IWB;47.56209433302646, 7.630371436664465;2614431;1267949;28.12.2009;08:00;STICHPROBE;202800;PFAS;Perfluornonansäure(PFNA);0.005;<0.005;;µg/L;12009122802;22009120212;401842386;False;375-95-1;PFNA;SpurenstoffeOrganisch;2009-12-28;2009
WASSER;GEW_RHEIN_IWB;47.56209433302646, 7.630371436664465;2614431;1267949;28.12.2009;08:00;STICHPROBE;202875;PFAS;Perfluoroctansäure(PFOA);0.005;<0.005;;µg/L;12009122802;22009120212;401842384;False;335-67-1;PFOA;SpurenstoffeOrganisch;2009-12-28;2009
WASSER;GEW_RHEIN_IWB;47.56209433302646, 7.630371436664465;2614431;1267949;28.12.2009;08:00;STICHPROBE;202550;PFAS;Perfluorbutansulfonsäure(PFBS);0.005;<0.005;;µg/L;12009122802;22009120212;401842380;False;375-73-5;PFBS;SpurenstoffeOrganisch;2009-12-28;2009
WASSER;GEW_RHEIN_IWB;47.56209433302646, 7.630371436664465;2614431;1267949;28.12.2009;08:00;STICHPROBE;202950;PFAS;Perfluorpentansäure(PFPEA);0.005;<0.005;;µg/L;12009122802;22009120212;401842379;False;2706-90-3;PFPeA;SpurenstoffeOrganisch;2009-12-28;2009
WASSER;GEW_RHEIN_IWB;47.56209433302646, 7.630371436664465;2614431;1267949;28.12.2009;08:00;STICHPROBE;202750;PFAS;Perfluorhexansäure(PFHA);0.005;<0.005;;µg/L;12009122802;22009120212;401842381;False;307-24-4;PFHxA;SpurenstoffeOrganisch;2009-12-28;2009
WASSER;GEW_RHEIN_IWB;47.56209433302646, 7.630371436664465;2614431;1267949;28.12.2009;08:00;STICHPROBE;202925;PFAS;Perfluoroctansulfonsäure(PFOS);0.01;<0.010;;µg/L;12009122802;22009120212;401842385;False;1763-23-1;PFOS;SpurenstoffeOrganisch;2009-12-28;2009
WASSER;GEW_RHEIN_IWB;47.56209433302646, 7.630371436664465;2614431;1267949;03.12.2009;08:00;STICHPROBE;202575;PFAS;Perfluordekansäure(PFDA);0.005;<0.005;;µg/L;12009120202;22009120070;401834266;False;335-76-2;PFDA;SpurenstoffeOrganisch;2009-12-03;2009
WASSER;GEW_RHEIN_IWB;47.56209433302646, 7.630371436664465;2614431;1267949;03.12.2009;08:00;STICHPROBE;202675;PFAS;Perfluorheptansäure(PFHPA);0.005;<0.005;;µg/L;12009120202;22009120070;401834261;False;375-85-9;PFHpA;SpurenstoffeOrganisch;2009-12-03;2009
WASSER;GEW_RHEIN_IWB;47.56209433302646, 7.630371436664465;2614431;1267949;03.12.2009;08:00;STICHPROBE;202800;PFAS;Perfluornonansäure(PFNA);0.005;<0.005;;µg/L;12009120202;22009120070;401834265;False;375-95-1;PFNA;SpurenstoffeOrganisch;2009-12-03;2009
WASSER;GEW_RHEIN_IWB;47.56209433302646, 7.630371436664465;2614431;1267949;03.12.2009;08:00;STICHPROBE;202875;PFAS;Perfluoroctansäure(PFOA);0.005;<0.005;;µg/L;12009120202;22009120070;401834263;False;335-67-1;PFOA;SpurenstoffeOrganisch;2009-12-03;2009
WASSER;GEW_RHEIN_IWB;47.56209433302646, 7.630371436664465;2614431;1267949;03.12.2009;08:00;STICHPROBE;202950;PFAS;Perfluorpentansäure(PFPEA);0.005;<0.005;;µg/L;12009120202;22009120070;401834258;False;2706-90-3;PFPeA;SpurenstoffeOrganisch;2009-12-03;2009
WASSER;GEW_RHEIN_IWB;47.56209433302646, 7.630371436664465;2614431;1267949;03.12.2009;08:00;STICHPROBE;202525;PFAS;Perfluorbutansäure(PFBA);0.005;<0.005;;µg/L;12009120202;22009120070;401834257;False;375-22-4;PFBA;SpurenstoffeOrganisch;2009-12-03;2009
WASSER;GEW_RHEIN_IWB;47.56209433302646, 7.630371436664465;2614431;1267949;03.12.2009;08:00;STICHPROBE;202550;PFAS;Perfluorbutansulfonsäure(PFBS);0.005;<0.005;;µg/L;12009120202;22009120070;401834259;False;375-73-5;PFBS;SpurenstoffeOrganisch;2009-12-03;2009
WASSER;GEW_RHEIN_IWB;47.56209433302646, 7.630371436664465;2614431;1267949;03.12.2009;08:00;STICHPROBE;202925;PFAS;Perfluoroctansulfonsäure(PFOS);0.01;0.016;0.016;µg/L;12009120202;22009120070;401834264;False;1763-23-1;PFOS;SpurenstoffeOrganisch;2009-12-03;2009
WASSER;GEW_RHEIN_IWB;47.56209433302646, 7.630371436664465;2614431;1267949;03.12.2009;08:00;STICHPROBE;202750;PFAS;Perfluorhexansäure(PFHA);0.005;<0.005;;µg/L;12009120202;22009120070;401834260;False;307-24-4;PFHxA;SpurenstoffeOrganisch;2009-12-03;2009
WASSER;GEW_RHEIN_IWB;47.56209433302646, 7.630371436664465;2614431;1267949;03.12.2009;08:00;STICHPROBE;202775;PFAS;Perfluorhexansulfonsäure(PFHS);0.005;<0.005;;µg/L;12009120202;22009120070;401834262;False;355-46-4;PFHxS;SpurenstoffeOrganisch;2009-12-03;2009
WASSER;GEW_RHEIN_IWB;47.56209433302646, 7.630371436664465;2614431;1267949;03.11.2009;08:15;STICHPROBE;202575;PFAS;Perfluordekansäure(PFDA);0.005;<0.005;;µg/L;12009110202;22009110005;401820301;False;335-76-2;PFDA;SpurenstoffeOrganisch;2009-11-03;2009
WASSER;GEW_RHEIN_IWB;47.56209433302646, 7.630371436664465;2614431;1267949;03.11.2009;08:15;STICHPROBE;202675;PFAS;Perfluorheptansäure(PFHPA);0.005;<0.005;;µg/L;12009110202;22009110005;401820296;False;375-85-9;PFHpA;SpurenstoffeOrganisch;2009-11-03;2009
WASSER;GEW_RHEIN_IWB;47.56209433302646, 7.630371436664465;2614431;1267949;03.11.2009;08:15;STICHPROBE;202750;PFAS;Perfluorhexansäure(PFHA);0.005;<0.005;;µg/L;12009110202;22009110005;401820295;False;307-24-4;PFHxA;SpurenstoffeOrganisch;2009-11-03;2009
WASSER;GEW_RHEIN_IWB;47.56209433302646, 7.630371436664465;2614431;1267949;03.11.2009;08:15;STICHPROBE;202775;PFAS;Perfluorhexansulfonsäure(PFHS);0.005;<0.005;;µg/L;12009110202;22009110005;401820297;False;355-46-4;PFHxS;SpurenstoffeOrganisch;2009-11-03;2009
WASSER;GEW_RHEIN_IWB;47.56209433302646, 7.630371436664465;2614431;1267949;03.11.2009;08:15;STICHPROBE;202950;PFAS;Perfluorpentansäure(PFPEA);0.005;<0.005;;µg/L;12009110202;22009110005;401820293;False;2706-90-3;PFPeA;SpurenstoffeOrganisch;2009-11-03;2009
WASSER;GEW_RHEIN_IWB;47.56209433302646, 7.630371436664465;2614431;1267949;03.11.2009;08:15;STICHPROBE;202525;PFAS;Perfluorbutansäure(PFBA);0.005;<0.005;;µg/L;12009110202;22009110005;401820292;False;375-22-4;PFBA;SpurenstoffeOrganisch;2009-11-03;2009
WASSER;GEW_RHEIN_IWB;47.56209433302646, 7.630371436664465;2614431;1267949;03.11.2009;08:15;STICHPROBE;202550;PFAS;Perfluorbutansulfonsäure(PFBS);0.005;<0.005;;µg/L;12009110202;22009110005;401820294;False;375-73-5;PFBS;SpurenstoffeOrganisch;2009-11-03;2009
WASSER;GEW_RHEIN_IWB;47.56209433302646, 7.630371436664465;2614431;1267949;03.11.2009;08:15;STICHPROBE;202800;PFAS;Perfluornonansäure(PFNA);0.005;<0.005;;µg/L;12009110202;22009110005;401820300;False;375-95-1;PFNA;SpurenstoffeOrganisch;2009-11-03;2009
WASSER;GEW_RHEIN_IWB;47.56209433302646, 7.630371436664465;2614431;1267949;03.11.2009;08:15;STICHPROBE;202875;PFAS;Perfluoroctansäure(PFOA);0.005;<0.005;;µg/L;12009110202;22009110005;401820298;False;335-67-1;PFOA;SpurenstoffeOrganisch;2009-11-03;2009
WASSER;GEW_RHEIN_IWB;47.56209433302646, 7.630371436664465;2614431;1267949;03.11.2009;08:15;STICHPROBE;202925;PFAS;Perfluoroctansulfonsäure(PFOS);0.01;<0.010;;µg/L;12009110202;22009110005;401820299;False;1763-23-1;PFOS;SpurenstoffeOrganisch;2009-11-03;2009
WASSER;GEW_RHEIN_IWB;47.56209433302646, 7.630371436664465;2614431;1267949;09.10.2009;08:40;STICHPROBE;202525;PFAS;Perfluorbutansäure(PFBA);0.005;<0.005;;µg/L;12009100802;22009100068;401808907;False;375-22-4;PFBA;SpurenstoffeOrganisch;2009-10-09;2009
WASSER;GEW_RHEIN_IWB;47.56209433302646, 7.630371436664465;2614431;1267949;09.10.2009;08:40;STICHPROBE;202750;PFAS;Perfluorhexansäure(PFHA);0.005;<0.005;;µg/L;12009100802;22009100068;401808910;False;307-24-4;PFHxA;SpurenstoffeOrganisch;2009-10-09;2009
WASSER;GEW_RHEIN_IWB;47.56209433302646, 7.630371436664465;2614431;1267949;09.10.2009;08:40;STICHPROBE;202950;PFAS;Perfluorpentansäure(PFPEA);0.005;<0.005;;µg/L;12009100802;22009100068;401808908;False;2706-90-3;PFPeA;SpurenstoffeOrganisch;2009-10-09;2009
WASSER;GEW_RHEIN_IWB;47.56209433302646, 7.630371436664465;2614431;1267949;09.10.2009;08:40;STICHPROBE;202575;PFAS;Perfluordekansäure(PFDA);0.005;<0.005;;µg/L;12009100802;22009100068;401808916;False;335-76-2;PFDA;SpurenstoffeOrganisch;2009-10-09;2009
WASSER;GEW_RHEIN_IWB;47.56209433302646, 7.630371436664465;2614431;1267949;09.10.2009;08:40;STICHPROBE;202800;PFAS;Perfluornonansäure(PFNA);0.005;<0.005;;µg/L;12009100802;22009100068;401808915;False;375-95-1;PFNA;SpurenstoffeOrganisch;2009-10-09;2009
WASSER;GEW_RHEIN_IWB;47.56209433302646, 7.630371436664465;2614431;1267949;09.10.2009;08:40;STICHPROBE;202875;PFAS;Perfluoroctansäure(PFOA);0.005;<0.005;;µg/L;12009100802;22009100068;401808913;False;335-67-1;PFOA;SpurenstoffeOrganisch;2009-10-09;2009
WASSER;GEW_RHEIN_IWB;47.56209433302646, 7.630371436664465;2614431;1267949;09.10.2009;08:40;STICHPROBE;202550;PFAS;Perfluorbutansulfonsäure(PFBS);0.005;<0.005;;µg/L;12009100802;22009100068;401808909;False;375-73-5;PFBS;SpurenstoffeOrganisch;2009-10-09;2009
WASSER;GEW_RHEIN_IWB;47.56209433302646, 7.630371436664465;2614431;1267949;09.10.2009;08:40;STICHPROBE;202675;PFAS;Perfluorheptansäure(PFHPA);0.005;<0.005;;µg/L;12009100802;22009100068;401808911;False;375-85-9;PFHpA;SpurenstoffeOrganisch;2009-10-09;2009
WASSER;GEW_RHEIN_IWB;47.56209433302646, 7.630371436664465;2614431;1267949;09.10.2009;08:40;STICHPROBE;202775;PFAS;Perfluorhexansulfonsäure(PFHS);0.005;<0.005;;µg/L;12009100802;22009100068;401808912;False;355-46-4;PFHxS;SpurenstoffeOrganisch;2009-10-09;2009
WASSER;GEW_RHEIN_IWB;47.56209433302646, 7.630371436664465;2614431;1267949;09.10.2009;08:40;STICHPROBE;202925;PFAS;Perfluoroctansulfonsäure(PFOS);0.01;0.01;0.01;µg/L;12009100802;22009100068;401808914;False;1763-23-1;PFOS;SpurenstoffeOrganisch;2009-10-09;2009
WASSER;GEW_RHEIN_IWB;47.56209433302646, 7.630371436664465;2614431;1267949;09.09.2009;08:40;STICHPROBE;202575;PFAS;Perfluordekansäure(PFDA);0.005;<0.005;;µg/L;12009083106;22009090069;401800427;False;335-76-2;PFDA;SpurenstoffeOrganisch;2009-09-09;2009
WASSER;GEW_RHEIN_IWB;47.56209433302646, 7.630371436664465;2614431;1267949;09.09.2009;08:40;STICHPROBE;202625;PFAS;Perfluordodekansäure(PFDDA);0.005;<0.005;;µg/L;12009083106;22009090069;401800428;False;307-55-1;PFDoA;SpurenstoffeOrganisch;2009-09-09;2009
WASSER;GEW_RHEIN_IWB;47.56209433302646, 7.630371436664465;2614431;1267949;09.09.2009;08:40;STICHPROBE;202800;PFAS;Perfluornonansäure(PFNA);0.005;<0.005;;µg/L;12009083106;22009090069;401800426;False;375-95-1;PFNA;SpurenstoffeOrganisch;2009-09-09;2009
WASSER;GEW_RHEIN_IWB;47.56209433302646, 7.630371436664465;2614431;1267949;09.09.2009;08:40;STICHPROBE;202675;PFAS;Perfluorheptansäure(PFHPA);0.005;<0.005;;µg/L;12009083106;22009090069;401800422;False;375-85-9;PFHpA;SpurenstoffeOrganisch;2009-09-09;2009
WASSER;GEW_RHEIN_IWB;47.56209433302646, 7.630371436664465;2614431;1267949;09.09.2009;08:40;STICHPROBE;202750;PFAS;Perfluorhexansäure(PFHA);0.005;<0.005;;µg/L;12009083106;22009090069;401800421;False;307-24-4;PFHxA;SpurenstoffeOrganisch;2009-09-09;2009
WASSER;GEW_RHEIN_IWB;47.56209433302646, 7.630371436664465;2614431;1267949;09.09.2009;08:40;STICHPROBE;202775;PFAS;Perfluorhexansulfonsäure(PFHS);0.005;<0.005;;µg/L;12009083106;22009090069;401800423;False;355-46-4;PFHxS;SpurenstoffeOrganisch;2009-09-09;2009
WASSER;GEW_RHEIN_IWB;47.56209433302646, 7.630371436664465;2614431;1267949;09.09.2009;08:40;STICHPROBE;202525;PFAS;Perfluorbutansäure(PFBA);0.005;<0.005;;µg/L;12009083106;22009090069;401800418;False;375-22-4;PFBA;SpurenstoffeOrganisch;2009-09-09;2009
WASSER;GEW_RHEIN_IWB;47.56209433302646, 7.630371436664465;2614431;1267949;09.09.2009;08:40;STICHPROBE;202550;PFAS;Perfluorbutansulfonsäure(PFBS);0.005;<0.005;;µg/L;12009083106;22009090069;401800420;False;375-73-5;PFBS;SpurenstoffeOrganisch;2009-09-09;2009
WASSER;GEW_RHEIN_IWB;47.56209433302646, 7.630371436664465;2614431;1267949;09.09.2009;08:40;STICHPROBE;202875;PFAS;Perfluoroctansäure(PFOA);0.01;<0.010;;µg/L;12009083106;22009090069;401800424;False;335-67-1;PFOA;SpurenstoffeOrganisch;2009-09-09;2009
WASSER;GEW_RHEIN_IWB;47.56209433302646, 7.630371436664465;2614431;1267949;09.09.2009;08:40;STICHPROBE;202925;PFAS;Perfluoroctansulfonsäure(PFOS);0.01;<0.010;;µg/L;12009083106;22009090069;401800425;False;1763-23-1;PFOS;SpurenstoffeOrganisch;2009-09-09;2009
WASSER;GEW_RHEIN_IWB;47.56209433302646, 7.630371436664465;2614431;1267949;09.09.2009;08:40;STICHPROBE;202950;PFAS;Perfluorpentansäure(PFPEA);0.005;<0.005;;µg/L;12009083106;22009090069;401800419;False;2706-90-3;PFPeA;SpurenstoffeOrganisch;2009-09-09;2009
WASSER;GEW_BETTINGERBACH_BRUEHLM;47.5827180635645, 7.645439624720273;2615559;1270245;01.09.2009;15:25;STICHPROBE;202525;PFAS;Perfluorbutansäure(PFBA);0.005;<0.005;;µg/L;12009083106;22009080177;401795342;False;375-22-4;PFBA;SpurenstoffeOrganisch;2009-09-01;2009
WASSER;GEW_ST_ALBANTEICH_MUEHLEGRABEN;47.553653455429334, 7.604155814845382;2612460;1267006;01.09.2009;10:25;STICHPROBE;202525;PFAS;Perfluorbutansäure(PFBA);0.005;<0.005;;µg/L;12009083106;22009080180;401796155;False;375-22-4;PFBA;SpurenstoffeOrganisch;2009-09-01;2009
WASSER;GEW_DORENBACH_ALLSCHWILERW;47.54426898948503, 7.555444837706313;2608795;1265956;01.09.2009;11:35;STICHPROBE;202550;PFAS;Perfluorbutansulfonsäure(PFBS);0.005;<0.005;;µg/L;12009083106;22009080181;401796428;False;375-73-5;PFBS;SpurenstoffeOrganisch;2009-09-01;2009
WASSER;GEW_WIESE_GAERTNERSTR;47.58129766746938, 7.592810289179551;2611600;1270078;01.09.2009;09:18;STICHPROBE;202550;PFAS;Perfluorbutansulfonsäure(PFBS);0.005;<0.005;;µg/L;12009083106;22009080171;401793684;False;375-73-5;PFBS;SpurenstoffeOrganisch;2009-09-01;2009
WASSER;GEW_BACHGRABEN_SCHWIMM;47.56165132367818, 7.557980791390445;2608983;1267889;01.09.2009;12:00;STICHPROBE;202550;PFAS;Perfluorbutansulfonsäure(PFBS);0.005;<0.005;;µg/L;12009083106;22009080173;401794258;False;375-73-5;PFBS;SpurenstoffeOrganisch;2009-09-01;2009
WASSER;GEW_NEUER_TEICH_BREITMATT;47.57899494441358, 7.629488511667779;2614360;1269828;01.09.2009;15:45;STICHPROBE;202550;PFAS;Perfluorbutansulfonsäure(PFBS);0.005;<0.005;;µg/L;12009083106;22009080179;401795886;False;375-73-5;PFBS;SpurenstoffeOrganisch;2009-09-01;2009
WASSER;GEW_BIRSIG_HEUW;47.55097972327865, 7.585987477644601;2611093;1266706;01.09.2009;11:00;STICHPROBE;202575;PFAS;Perfluordekansäure(PFDA);0.005;<0.005;;µg/L;12009083106;22009080175;401794809;False;335-76-2;PFDA;SpurenstoffeOrganisch;2009-09-01;2009
WASSER;GEW_BACHGRABEN_SCHWIMM;47.56165132367818, 7.557980791390445;2608983;1267889;01.09.2009;12:00;STICHPROBE;202575;PFAS;Perfluordekansäure(PFDA);0.005;<0.005;;µg/L;12009083106;22009080173;401794265;False;335-76-2;PFDA;SpurenstoffeOrganisch;2009-09-01;2009
WASSER;GEW_NEUER_TEICH_BREITMATT;47.57899494441358, 7.629488511667779;2614360;1269828;01.09.2009;15:45;STICHPROBE;202575;PFAS;Perfluordekansäure(PFDA);0.005;<0.005;;µg/L;12009083106;22009080179;401795893;False;335-76-2;PFDA;SpurenstoffeOrganisch;2009-09-01;2009
WASSER;GEW_BIRS_BIRSK;47.55697000773648, 7.617757783797172;2613483;1267377;01.09.2009;09:40;STICHPROBE;202625;PFAS;Perfluordodekansäure(PFDDA);0.005;<0.005;;µg/L;12009083106;22009080174;401794539;False;307-55-1;PFDoA;SpurenstoffeOrganisch;2009-09-01;2009
WASSER;GEW_BIRSIG_HEUW;47.55097972327865, 7.585987477644601;2611093;1266706;01.09.2009;11:00;STICHPROBE;202625;PFAS;Perfluordodekansäure(PFDDA);0.005;<0.005;;µg/L;12009083106;22009080175;401794810;False;307-55-1;PFDoA;SpurenstoffeOrganisch;2009-09-01;2009
WASSER;GEW_AUBACH_IN_DER_AU;47.58575070322978, 7.659170111406881;2616591;1270585;01.09.2009;15:05;STICHPROBE;202625;PFAS;Perfluordodekansäure(PFDDA);0.005;<0.005;;µg/L;12009083106;22009080172;401793983;False;307-55-1;PFDoA;SpurenstoffeOrganisch;2009-09-01;2009
WASSER;GEW_DORENBACH_ALLSCHWILERW;47.54426898948503, 7.555444837706313;2608795;1265956;01.09.2009;11:35;STICHPROBE;202675;PFAS;Perfluorheptansäure(PFHPA);0.005;<0.005;;µg/L;12009083106;22009080181;401796430;False;375-85-9;PFHpA;SpurenstoffeOrganisch;2009-09-01;2009
WASSER;GEW_WIESE_GAERTNERSTR;47.58129766746938, 7.592810289179551;2611600;1270078;01.09.2009;09:18;STICHPROBE;202675;PFAS;Perfluorheptansäure(PFHPA);0.005;<0.005;;µg/L;12009083106;22009080171;401793686;False;375-85-9;PFHpA;SpurenstoffeOrganisch;2009-09-01;2009
WASSER;GEW_BIRS_BIRSK;47.55697000773648, 7.617757783797172;2613483;1267377;01.09.2009;09:40;STICHPROBE;202675;PFAS;Perfluorheptansäure(PFHPA);0.005;<0.005;;µg/L;12009083106;22009080174;401794533;False;375-85-9;PFHpA;SpurenstoffeOrganisch;2009-09-01;2009
WASSER;GEW_BETTINGERBACH_BRUEHLM;47.5827180635645, 7.645439624720273;2615559;1270245;01.09.2009;15:25;STICHPROBE;202675;PFAS;Perfluorheptansäure(PFHPA);0.005;<0.005;;µg/L;12009083106;22009080177;401795346;False;375-85-9;PFHpA;SpurenstoffeOrganisch;2009-09-01;2009
WASSER;GEW_DORENBACH_ALLSCHWILERW;47.54426898948503, 7.555444837706313;2608795;1265956;01.09.2009;11:35;STICHPROBE;202750;PFAS;Perfluorhexansäure(PFHA);0.005;<0.005;;µg/L;12009083106;22009080181;401796429;False;307-24-4;PFHxA;SpurenstoffeOrganisch;2009-09-01;2009
WASSER;GEW_BIRSIG_HEUW;47.55097972327865, 7.585987477644601;2611093;1266706;01.09.2009;11:00;STICHPROBE;202750;PFAS;Perfluorhexansäure(PFHA);0.005;<0.005;;µg/L;12009083106;22009080175;401794803;False;307-24-4;PFHxA;SpurenstoffeOrganisch;2009-09-01;2009
WASSER;GEW_BIRS_BIRSK;47.55697000773648, 7.617757783797172;2613483;1267377;01.09.2009;09:40;STICHPROBE;202750;PFAS;Perfluorhexansäure(PFHA);0.005;<0.005;;µg/L;12009083106;22009080174;401794532;False;307-24-4;PFHxA;SpurenstoffeOrganisch;2009-09-01;2009
WASSER;GEW_BACHGRABEN_SCHWIMM;47.56165132367818, 7.557980791390445;2608983;1267889;01.09.2009;12:00;STICHPROBE;202750;PFAS;Perfluorhexansäure(PFHA);0.005;0.007;0.007;µg/L;12009083106;22009080173;401794259;False;307-24-4;PFHxA;SpurenstoffeOrganisch;2009-09-01;2009
WASSER;GEW_WIESE_GAERTNERSTR;47.58129766746938, 7.592810289179551;2611600;1270078;01.09.2009;09:18;STICHPROBE;202775;PFAS;Perfluorhexansulfonsäure(PFHS);0.005;<0.005;;µg/L;12009083106;22009080171;401793687;False;355-46-4;PFHxS;SpurenstoffeOrganisch;2009-09-01;2009
WASSER;GEW_BETTINGERBACH_BRUEHLM;47.5827180635645, 7.645439624720273;2615559;1270245;01.09.2009;15:25;STICHPROBE;202775;PFAS;Perfluorhexansulfonsäure(PFHS);0.005;<0.005;;µg/L;12009083106;22009080177;401795347;False;355-46-4;PFHxS;SpurenstoffeOrganisch;2009-09-01;2009
WASSER;GEW_IMMENB_DINKELBERGSTR;47.58139034342768, 7.658341235214724;2616530;1270100;01.09.2009;14:40;STICHPROBE;202775;PFAS;Perfluorhexansulfonsäure(PFHS);0.005;<0.005;;µg/L;12009083106;22009080178;401795618;False;355-46-4;PFHxS;SpurenstoffeOrganisch;2009-09-01;2009
WASSER;GEW_AUBACH_IN_DER_AU;47.58575070322978, 7.659170111406881;2616591;1270585;01.09.2009;15:05;STICHPROBE;202775;PFAS;Perfluorhexansulfonsäure(PFHS);0.005;<0.005;;µg/L;12009083106;22009080172;401793978;False;355-46-4;PFHxS;SpurenstoffeOrganisch;2009-09-01;2009
WASSER;GEW_IMMENB_DINKELBERGSTR;47.58139034342768, 7.658341235214724;2616530;1270100;01.09.2009;14:40;STICHPROBE;202800;PFAS;Perfluornonansäure(PFNA);0.005;<0.005;;µg/L;12009083106;22009080178;401795621;False;375-95-1;PFNA;SpurenstoffeOrganisch;2009-09-01;2009
WASSER;GEW_AUBACH_IN_DER_AU;47.58575070322978, 7.659170111406881;2616591;1270585;01.09.2009;15:05;STICHPROBE;202800;PFAS;Perfluornonansäure(PFNA);0.005;<0.005;;µg/L;12009083106;22009080172;401793981;False;375-95-1;PFNA;SpurenstoffeOrganisch;2009-09-01;2009
WASSER;GEW_WIESE_GAERTNERSTR;47.58129766746938, 7.592810289179551;2611600;1270078;01.09.2009;09:18;STICHPROBE;202875;PFAS;Perfluoroctansäure(PFOA);0.01;<0.010;;µg/L;12009083106;22009080171;401793688;False;335-67-1;PFOA;SpurenstoffeOrganisch;2009-09-01;2009
WASSER;GEW_BIRSIG_HEUW;47.55097972327865, 7.585987477644601;2611093;1266706;01.09.2009;11:00;STICHPROBE;202875;PFAS;Perfluoroctansäure(PFOA);0.01;<0.010;;µg/L;12009083106;22009080175;401794806;False;335-67-1;PFOA;SpurenstoffeOrganisch;2009-09-01;2009
WASSER;GEW_AUBACH_IN_DER_AU;47.58575070322978, 7.659170111406881;2616591;1270585;01.09.2009;15:05;STICHPROBE;202875;PFAS;Perfluoroctansäure(PFOA);0.005;<0.005;;µg/L;12009083106;22009080172;401793979;False;335-67-1;PFOA;SpurenstoffeOrganisch;2009-09-01;2009
WASSER;GEW_NEUER_TEICH_BREITMATT;47.57899494441358, 7.629488511667779;2614360;1269828;01.09.2009;15:45;STICHPROBE;202875;PFAS;Perfluoroctansäure(PFOA);0.005;<0.005;;µg/L;12009083106;22009080179;401795890;False;335-67-1;PFOA;SpurenstoffeOrganisch;2009-09-01;2009
WASSER;GEW_BACHGRABEN_SCHWIMM;47.56165132367818, 7.557980791390445;2608983;1267889;01.09.2009;12:00;STICHPROBE;202925;PFAS;Perfluoroctansulfonsäure(PFOS);0.005;<0.005;;µg/L;12009083106;22009080173;401794263;False;1763-23-1;PFOS;SpurenstoffeOrganisch;2009-09-01;2009
WASSER;GEW_AUBACH_IN_DER_AU;47.58575070322978, 7.659170111406881;2616591;1270585;01.09.2009;15:05;STICHPROBE;202925;PFAS;Perfluoroctansulfonsäure(PFOS);0.005;<0.005;;µg/L;12009083106;22009080172;401793980;False;1763-23-1;PFOS;SpurenstoffeOrganisch;2009-09-01;2009
WASSER;GEW_NEUER_TEICH_BREITMATT;47.57899494441358, 7.629488511667779;2614360;1269828;01.09.2009;15:45;STICHPROBE;202925;PFAS;Perfluoroctansulfonsäure(PFOS);0.005;<0.005;;µg/L;12009083106;22009080179;401795891;False;1763-23-1;PFOS;SpurenstoffeOrganisch;2009-09-01;2009
WASSER;GEW_DORENBACH_ALLSCHWILERW;47.54426898948503, 7.555444837706313;2608795;1265956;01.09.2009;11:35;STICHPROBE;202950;PFAS;Perfluorpentansäure(PFPEA);0.005;<0.005;;µg/L;12009083106;22009080181;401796427;False;2706-90-3;PFPeA;SpurenstoffeOrganisch;2009-09-01;2009
WASSER;GEW_WIESE_GAERTNERSTR;47.58129766746938, 7.592810289179551;2611600;1270078;01.09.2009;09:18;STICHPROBE;202950;PFAS;Perfluorpentansäure(PFPEA);0.005;<0.005;;µg/L;12009083106;22009080171;401793683;False;2706-90-3;PFPeA;SpurenstoffeOrganisch;2009-09-01;2009
WASSER;GEW_BIRSIG_HEUW;47.55097972327865, 7.585987477644601;2611093;1266706;01.09.2009;11:00;STICHPROBE;202950;PFAS;Perfluorpentansäure(PFPEA);0.005;<0.005;;µg/L;12009083106;22009080175;401794801;False;2706-90-3;PFPeA;SpurenstoffeOrganisch;2009-09-01;2009
WASSER;GEW_BIRS_BIRSK;47.55697000773648, 7.617757783797172;2613483;1267377;01.09.2009;09:40;STICHPROBE;202950;PFAS;Perfluorpentansäure(PFPEA);0.005;<0.005;;µg/L;12009083106;22009080174;401794530;False;2706-90-3;PFPeA;SpurenstoffeOrganisch;2009-09-01;2009
WASSER;GEW_IMMENB_DINKELBERGSTR;47.58139034342768, 7.658341235214724;2616530;1270100;01.09.2009;14:40;STICHPROBE;202950;PFAS;Perfluorpentansäure(PFPEA);0.005;<0.005;;µg/L;12009083106;22009080178;401795614;False;2706-90-3;PFPeA;SpurenstoffeOrganisch;2009-09-01;2009
WASSER;GEW_DORENBACH_ALLSCHWILERW;47.54426898948503, 7.555444837706313;2608795;1265956;01.09.2009;11:35;STICHPROBE;202525;PFAS;Perfluorbutansäure(PFBA);0.005;<0.005;;µg/L;12009083106;22009080181;401796426;False;375-22-4;PFBA;SpurenstoffeOrganisch;2009-09-01;2009
WASSER;GEW_BIRSIG_HEUW;47.55097972327865, 7.585987477644601;2611093;1266706;01.09.2009;11:00;STICHPROBE;202525;PFAS;Perfluorbutansäure(PFBA);0.005;<0.005;;µg/L;12009083106;22009080175;401794800;False;375-22-4;PFBA;SpurenstoffeOrganisch;2009-09-01;2009
WASSER;GEW_AUBACH_IN_DER_AU;47.58575070322978, 7.659170111406881;2616591;1270585;01.09.2009;15:05;STICHPROBE;202525;PFAS;Perfluorbutansäure(PFBA);0.005;<0.005;;µg/L;12009083106;22009080172;401793973;False;375-22-4;PFBA;SpurenstoffeOrganisch;2009-09-01;2009
WASSER;GEW_NEUER_TEICH_BREITMATT;47.57899494441358, 7.629488511667779;2614360;1269828;01.09.2009;15:45;STICHPROBE;202525;PFAS;Perfluorbutansäure(PFBA);0.005;<0.005;;µg/L;12009083106;22009080179;401795884;False;375-22-4;PFBA;SpurenstoffeOrganisch;2009-09-01;2009
WASSER;GEW_ST_ALBANTEICH_MUEHLEGRABEN;47.553653455429334, 7.604155814845382;2612460;1267006;01.09.2009;10:25;STICHPROBE;202550;PFAS;Perfluorbutansulfonsäure(PFBS);0.005;<0.005;;µg/L;12009083106;22009080180;401796157;False;375-73-5;PFBS;SpurenstoffeOrganisch;2009-09-01;2009
WASSER;GEW_WIESE_GAERTNERSTR;47.58129766746938, 7.592810289179551;2611600;1270078;01.09.2009;09:18;STICHPROBE;202575;PFAS;Perfluordekansäure(PFDA);0.005;<0.005;;µg/L;12009083106;22009080171;401793691;False;335-76-2;PFDA;SpurenstoffeOrganisch;2009-09-01;2009
WASSER;GEW_BIRS_BIRSK;47.55697000773648, 7.617757783797172;2613483;1267377;01.09.2009;09:40;STICHPROBE;202575;PFAS;Perfluordekansäure(PFDA);0.005;<0.005;;µg/L;12009083106;22009080174;401794538;False;335-76-2;PFDA;SpurenstoffeOrganisch;2009-09-01;2009
WASSER;GEW_BETTINGERBACH_BRUEHLM;47.5827180635645, 7.645439624720273;2615559;1270245;01.09.2009;15:25;STICHPROBE;202575;PFAS;Perfluordekansäure(PFDA);0.005;<0.005;;µg/L;12009083106;22009080177;401795351;False;335-76-2;PFDA;SpurenstoffeOrganisch;2009-09-01;2009
WASSER;GEW_IMMENB_DINKELBERGSTR;47.58139034342768, 7.658341235214724;2616530;1270100;01.09.2009;14:40;STICHPROBE;202575;PFAS;Perfluordekansäure(PFDA);0.005;<0.005;;µg/L;12009083106;22009080178;401795622;False;335-76-2;PFDA;SpurenstoffeOrganisch;2009-09-01;2009
WASSER;GEW_AUBACH_IN_DER_AU;47.58575070322978, 7.659170111406881;2616591;1270585;01.09.2009;15:05;STICHPROBE;202575;PFAS;Perfluordekansäure(PFDA);0.005;<0.005;;µg/L;12009083106;22009080172;401793982;False;335-76-2;PFDA;SpurenstoffeOrganisch;2009-09-01;2009
WASSER;GEW_DORENBACH_ALLSCHWILERW;47.54426898948503, 7.555444837706313;2608795;1265956;01.09.2009;11:35;STICHPROBE;202625;PFAS;Perfluordodekansäure(PFDDA);0.005;<0.005;;µg/L;12009083106;22009080181;401796436;False;307-55-1;PFDoA;SpurenstoffeOrganisch;2009-09-01;2009
WASSER;GEW_BETTINGERBACH_BRUEHLM;47.5827180635645, 7.645439624720273;2615559;1270245;01.09.2009;15:25;STICHPROBE;202625;PFAS;Perfluordodekansäure(PFDDA);0.005;<0.005;;µg/L;12009083106;22009080177;401795352;False;307-55-1;PFDoA;SpurenstoffeOrganisch;2009-09-01;2009
WASSER;GEW_NEUER_TEICH_BREITMATT;47.57899494441358, 7.629488511667779;2614360;1269828;01.09.2009;15:45;STICHPROBE;202625;PFAS;Perfluordodekansäure(PFDDA);0.005;<0.005;;µg/L;12009083106;22009080179;401795894;False;307-55-1;PFDoA;SpurenstoffeOrganisch;2009-09-01;2009
WASSER;GEW_BETTINGERBACH_BRUEHLM;47.5827180635645, 7.645439624720273;2615559;1270245;01.09.2009;15:25;STICHPROBE;202750;PFAS;Perfluorhexansäure(PFHA);0.005;<0.005;;µg/L;12009083106;22009080177;401795345;False;307-24-4;PFHxA;SpurenstoffeOrganisch;2009-09-01;2009
WASSER;GEW_IMMENB_DINKELBERGSTR;47.58139034342768, 7.658341235214724;2616530;1270100;01.09.2009;14:40;STICHPROBE;202750;PFAS;Perfluorhexansäure(PFHA);0.005;<0.005;;µg/L;12009083106;22009080178;401795616;False;307-24-4;PFHxA;SpurenstoffeOrganisch;2009-09-01;2009
WASSER;GEW_AUBACH_IN_DER_AU;47.58575070322978, 7.659170111406881;2616591;1270585;01.09.2009;15:05;STICHPROBE;202750;PFAS;Perfluorhexansäure(PFHA);0.005;<0.005;;µg/L;12009083106;22009080172;401793976;False;307-24-4;PFHxA;SpurenstoffeOrganisch;2009-09-01;2009
WASSER;GEW_DORENBACH_ALLSCHWILERW;47.54426898948503, 7.555444837706313;2608795;1265956;01.09.2009;11:35;STICHPROBE;202775;PFAS;Perfluorhexansulfonsäure(PFHS);0.005;<0.005;;µg/L;12009083106;22009080181;401796431;False;355-46-4;PFHxS;SpurenstoffeOrganisch;2009-09-01;2009
WASSER;GEW_BIRSIG_HEUW;47.55097972327865, 7.585987477644601;2611093;1266706;01.09.2009;11:00;STICHPROBE;202775;PFAS;Perfluorhexansulfonsäure(PFHS);0.005;<0.005;;µg/L;12009083106;22009080175;401794805;False;355-46-4;PFHxS;SpurenstoffeOrganisch;2009-09-01;2009
WASSER;GEW_BIRS_BIRSK;47.55697000773648, 7.617757783797172;2613483;1267377;01.09.2009;09:40;STICHPROBE;202775;PFAS;Perfluorhexansulfonsäure(PFHS);0.005;<0.005;;µg/L;12009083106;22009080174;401794534;False;355-46-4;PFHxS;SpurenstoffeOrganisch;2009-09-01;2009
WASSER;GEW_ST_ALBANTEICH_MUEHLEGRABEN;47.553653455429334, 7.604155814845382;2612460;1267006;01.09.2009;10:25;STICHPROBE;202775;PFAS;Perfluorhexansulfonsäure(PFHS);0.005;<0.005;;µg/L;12009083106;22009080180;401796160;False;355-46-4;PFHxS;SpurenstoffeOrganisch;2009-09-01;2009
WASSER;GEW_DORENBACH_ALLSCHWILERW;47.54426898948503, 7.555444837706313;2608795;1265956;01.09.2009;11:35;STICHPROBE;202800;PFAS;Perfluornonansäure(PFNA);0.005;<0.005;;µg/L;12009083106;22009080181;401796434;False;375-95-1;PFNA;SpurenstoffeOrganisch;2009-09-01;2009
WASSER;GEW_BACHGRABEN_SCHWIMM;47.56165132367818, 7.557980791390445;2608983;1267889;01.09.2009;12:00;STICHPROBE;202800;PFAS;Perfluornonansäure(PFNA);0.005;<0.005;;µg/L;12009083106;22009080173;401794264;False;375-95-1;PFNA;SpurenstoffeOrganisch;2009-09-01;2009
WASSER;GEW_ST_ALBANTEICH_MUEHLEGRABEN;47.553653455429334, 7.604155814845382;2612460;1267006;01.09.2009;10:25;STICHPROBE;202800;PFAS;Perfluornonansäure(PFNA);0.005;<0.005;;µg/L;12009083106;22009080180;401796163;False;375-95-1;PFNA;SpurenstoffeOrganisch;2009-09-01;2009
WASSER;GEW_DORENBACH_ALLSCHWILERW;47.54426898948503, 7.555444837706313;2608795;1265956;01.09.2009;11:35;STICHPROBE;202875;PFAS;Perfluoroctansäure(PFOA);0.005;<0.005;;µg/L;12009083106;22009080181;401796432;False;335-67-1;PFOA;SpurenstoffeOrganisch;2009-09-01;2009
WASSER;GEW_BIRS_BIRSK;47.55697000773648, 7.617757783797172;2613483;1267377;01.09.2009;09:40;STICHPROBE;202875;PFAS;Perfluoroctansäure(PFOA);0.005;<0.005;;µg/L;12009083106;22009080174;401794535;False;335-67-1;PFOA;SpurenstoffeOrganisch;2009-09-01;2009
WASSER;GEW_IMMENB_DINKELBERGSTR;47.58139034342768, 7.658341235214724;2616530;1270100;01.09.2009;14:40;STICHPROBE;202875;PFAS;Perfluoroctansäure(PFOA);0.005;<0.005;;µg/L;12009083106;22009080178;401795619;False;335-67-1;PFOA;SpurenstoffeOrganisch;2009-09-01;2009
WASSER;GEW_WIESE_GAERTNERSTR;47.58129766746938, 7.592810289179551;2611600;1270078;01.09.2009;09:18;STICHPROBE;202925;PFAS;Perfluoroctansulfonsäure(PFOS);0.01;<0.010;;µg/L;12009083106;22009080171;401793689;False;1763-23-1;PFOS;SpurenstoffeOrganisch;2009-09-01;2009
WASSER;GEW_BIRSIG_HEUW;47.55097972327865, 7.585987477644601;2611093;1266706;01.09.2009;11:00;STICHPROBE;202925;PFAS;Perfluoroctansulfonsäure(PFOS);0.005;<0.005;;µg/L;12009083106;22009080175;401794807;False;1763-23-1;PFOS;SpurenstoffeOrganisch;2009-09-01;2009
WASSER;GEW_BIRS_BIRSK;47.55697000773648, 7.617757783797172;2613483;1267377;01.09.2009;09:40;STICHPROBE;202925;PFAS;Perfluoroctansulfonsäure(PFOS);0.005;<0.005;;µg/L;12009083106;22009080174;401794536;False;1763-23-1;PFOS;SpurenstoffeOrganisch;2009-09-01;2009
WASSER;GEW_BETTINGERBACH_BRUEHLM;47.5827180635645, 7.645439624720273;2615559;1270245;01.09.2009;15:25;STICHPROBE;202925;PFAS;Perfluoroctansulfonsäure(PFOS);0.005;<0.005;;µg/L;12009083106;22009080177;401795349;False;1763-23-1;PFOS;SpurenstoffeOrganisch;2009-09-01;2009
WASSER;GEW_BETTINGERBACH_BRUEHLM;47.5827180635645, 7.645439624720273;2615559;1270245;01.09.2009;15:25;STICHPROBE;202950;PFAS;Perfluorpentansäure(PFPEA);0.005;<0.005;;µg/L;12009083106;22009080177;401795343;False;2706-90-3;PFPeA;SpurenstoffeOrganisch;2009-09-01;2009
WASSER;GEW_AUBACH_IN_DER_AU;47.58575070322978, 7.659170111406881;2616591;1270585;01.09.2009;15:05;STICHPROBE;202950;PFAS;Perfluorpentansäure(PFPEA);0.005;<0.005;;µg/L;12009083106;22009080172;401793974;False;2706-90-3;PFPeA;SpurenstoffeOrganisch;2009-09-01;2009
WASSER;GEW_WIESE_GAERTNERSTR;47.58129766746938, 7.592810289179551;2611600;1270078;01.09.2009;09:18;STICHPROBE;202525;PFAS;Perfluorbutansäure(PFBA);0.005;<0.005;;µg/L;12009083106;22009080171;401793682;False;375-22-4;PFBA;SpurenstoffeOrganisch;2009-09-01;2009
WASSER;GEW_BIRS_BIRSK;47.55697000773648, 7.617757783797172;2613483;1267377;01.09.2009;09:40;STICHPROBE;202525;PFAS;Perfluorbutansäure(PFBA);0.005;<0.005;;µg/L;12009083106;22009080174;401794529;False;375-22-4;PFBA;SpurenstoffeOrganisch;2009-09-01;2009
WASSER;GEW_BACHGRABEN_SCHWIMM;47.56165132367818, 7.557980791390445;2608983;1267889;01.09.2009;12:00;STICHPROBE;202525;PFAS;Perfluorbutansäure(PFBA);0.005;<0.005;;µg/L;12009083106;22009080173;401794256;False;375-22-4;PFBA;SpurenstoffeOrganisch;2009-09-01;2009
WASSER;GEW_IMMENB_DINKELBERGSTR;47.58139034342768, 7.658341235214724;2616530;1270100;01.09.2009;14:40;STICHPROBE;202525;PFAS;Perfluorbutansäure(PFBA);0.005;<0.005;;µg/L;12009083106;22009080178;401795613;False;375-22-4;PFBA;SpurenstoffeOrganisch;2009-09-01;2009
WASSER;GEW_BIRS_BIRSK;47.55697000773648, 7.617757783797172;2613483;1267377;01.09.2009;09:40;STICHPROBE;202550;PFAS;Perfluorbutansulfonsäure(PFBS);0.005;<0.005;;µg/L;12009083106;22009080174;401794531;False;375-73-5;PFBS;SpurenstoffeOrganisch;2009-09-01;2009
WASSER;GEW_BIRSIG_HEUW;47.55097972327865, 7.585987477644601;2611093;1266706;01.09.2009;11:00;STICHPROBE;202550;PFAS;Perfluorbutansulfonsäure(PFBS);0.005;<0.005;;µg/L;12009083106;22009080175;401794802;False;375-73-5;PFBS;SpurenstoffeOrganisch;2009-09-01;2009
WASSER;GEW_BETTINGERBACH_BRUEHLM;47.5827180635645, 7.645439624720273;2615559;1270245;01.09.2009;15:25;STICHPROBE;202550;PFAS;Perfluorbutansulfonsäure(PFBS);0.005;<0.005;;µg/L;12009083106;22009080177;401795344;False;375-73-5;PFBS;SpurenstoffeOrganisch;2009-09-01;2009
WASSER;GEW_IMMENB_DINKELBERGSTR;47.58139034342768, 7.658341235214724;2616530;1270100;01.09.2009;14:40;STICHPROBE;202550;PFAS;Perfluorbutansulfonsäure(PFBS);0.005;<0.005;;µg/L;12009083106;22009080178;401795615;False;375-73-5;PFBS;SpurenstoffeOrganisch;2009-09-01;2009
WASSER;GEW_AUBACH_IN_DER_AU;47.58575070322978, 7.659170111406881;2616591;1270585;01.09.2009;15:05;STICHPROBE;202550;PFAS;Perfluorbutansulfonsäure(PFBS);0.005;<0.005;;µg/L;12009083106;22009080172;401793975;False;375-73-5;PFBS;SpurenstoffeOrganisch;2009-09-01;2009
WASSER;GEW_DORENBACH_ALLSCHWILERW;47.54426898948503, 7.555444837706313;2608795;1265956;01.09.2009;11:35;STICHPROBE;202575;PFAS;Perfluordekansäure(PFDA);0.005;<0.005;;µg/L;12009083106;22009080181;401796435;False;335-76-2;PFDA;SpurenstoffeOrganisch;2009-09-01;2009
WASSER;GEW_ST_ALBANTEICH_MUEHLEGRABEN;47.553653455429334, 7.604155814845382;2612460;1267006;01.09.2009;10:25;STICHPROBE;202575;PFAS;Perfluordekansäure(PFDA);0.005;<0.005;;µg/L;12009083106;22009080180;401796164;False;335-76-2;PFDA;SpurenstoffeOrganisch;2009-09-01;2009
WASSER;GEW_WIESE_GAERTNERSTR;47.58129766746938, 7.592810289179551;2611600;1270078;01.09.2009;09:18;STICHPROBE;202625;PFAS;Perfluordodekansäure(PFDDA);0.005;<0.005;;µg/L;12009083106;22009080171;401793692;False;307-55-1;PFDoA;SpurenstoffeOrganisch;2009-09-01;2009
WASSER;GEW_BACHGRABEN_SCHWIMM;47.56165132367818, 7.557980791390445;2608983;1267889;01.09.2009;12:00;STICHPROBE;202625;PFAS;Perfluordodekansäure(PFDDA);0.005;<0.005;;µg/L;12009083106;22009080173;401794266;False;307-55-1;PFDoA;SpurenstoffeOrganisch;2009-09-01;2009
WASSER;GEW_IMMENB_DINKELBERGSTR;47.58139034342768, 7.658341235214724;2616530;1270100;01.09.2009;14:40;STICHPROBE;202625;PFAS;Perfluordodekansäure(PFDDA);0.005;<0.005;;µg/L;12009083106;22009080178;401795623;False;307-55-1;PFDoA;SpurenstoffeOrganisch;2009-09-01;2009
WASSER;GEW_ST_ALBANTEICH_MUEHLEGRABEN;47.553653455429334, 7.604155814845382;2612460;1267006;01.09.2009;10:25;STICHPROBE;202625;PFAS;Perfluordodekansäure(PFDDA);0.005;<0.005;;µg/L;12009083106;22009080180;401796165;False;307-55-1;PFDoA;SpurenstoffeOrganisch;2009-09-01;2009
WASSER;GEW_BIRSIG_HEUW;47.55097972327865, 7.585987477644601;2611093;1266706;01.09.2009;11:00;STICHPROBE;202675;PFAS;Perfluorheptansäure(PFHPA);0.005;<0.005;;µg/L;12009083106;22009080175;401794804;False;375-85-9;PFHpA;SpurenstoffeOrganisch;2009-09-01;2009
WASSER;GEW_BACHGRABEN_SCHWIMM;47.56165132367818, 7.557980791390445;2608983;1267889;01.09.2009;12:00;STICHPROBE;202675;PFAS;Perfluorheptansäure(PFHPA);0.005;<0.005;;µg/L;12009083106;22009080173;401794260;False;375-85-9;PFHpA;SpurenstoffeOrganisch;2009-09-01;2009
WASSER;GEW_IMMENB_DINKELBERGSTR;47.58139034342768, 7.658341235214724;2616530;1270100;01.09.2009;14:40;STICHPROBE;202675;PFAS;Perfluorheptansäure(PFHPA);0.005;<0.005;;µg/L;12009083106;22009080178;401795617;False;375-85-9;PFHpA;SpurenstoffeOrganisch;2009-09-01;2009
WASSER;GEW_AUBACH_IN_DER_AU;47.58575070322978, 7.659170111406881;2616591;1270585;01.09.2009;15:05;STICHPROBE;202675;PFAS;Perfluorheptansäure(PFHPA);0.005;<0.005;;µg/L;12009083106;22009080172;401793977;False;375-85-9;PFHpA;SpurenstoffeOrganisch;2009-09-01;2009
WASSER;GEW_NEUER_TEICH_BREITMATT;47.57899494441358, 7.629488511667779;2614360;1269828;01.09.2009;15:45;STICHPROBE;202675;PFAS;Perfluorheptansäure(PFHPA);0.005;<0.005;;µg/L;12009083106;22009080179;401795888;False;375-85-9;PFHpA;SpurenstoffeOrganisch;2009-09-01;2009
WASSER;GEW_ST_ALBANTEICH_MUEHLEGRABEN;47.553653455429334, 7.604155814845382;2612460;1267006;01.09.2009;10:25;STICHPROBE;202675;PFAS;Perfluorheptansäure(PFHPA);0.005;<0.005;;µg/L;12009083106;22009080180;401796159;False;375-85-9;PFHpA;SpurenstoffeOrganisch;2009-09-01;2009
WASSER;GEW_WIESE_GAERTNERSTR;47.58129766746938, 7.592810289179551;2611600;1270078;01.09.2009;09:18;STICHPROBE;202750;PFAS;Perfluorhexansäure(PFHA);0.005;<0.005;;µg/L;12009083106;22009080171;401793685;False;307-24-4;PFHxA;SpurenstoffeOrganisch;2009-09-01;2009
WASSER;GEW_NEUER_TEICH_BREITMATT;47.57899494441358, 7.629488511667779;2614360;1269828;01.09.2009;15:45;STICHPROBE;202750;PFAS;Perfluorhexansäure(PFHA);0.005;<0.005;;µg/L;12009083106;22009080179;401795887;False;307-24-4;PFHxA;SpurenstoffeOrganisch;2009-09-01;2009
WASSER;GEW_ST_ALBANTEICH_MUEHLEGRABEN;47.553653455429334, 7.604155814845382;2612460;1267006;01.09.2009;10:25;STICHPROBE;202750;PFAS;Perfluorhexansäure(PFHA);0.005;<0.005;;µg/L;12009083106;22009080180;401796158;False;307-24-4;PFHxA;SpurenstoffeOrganisch;2009-09-01;2009
WASSER;GEW_BACHGRABEN_SCHWIMM;47.56165132367818, 7.557980791390445;2608983;1267889;01.09.2009;12:00;STICHPROBE;202775;PFAS;Perfluorhexansulfonsäure(PFHS);0.005;0.017;0.017;µg/L;12009083106;22009080173;401794261;False;355-46-4;PFHxS;SpurenstoffeOrganisch;2009-09-01;2009
WASSER;GEW_NEUER_TEICH_BREITMATT;47.57899494441358, 7.629488511667779;2614360;1269828;01.09.2009;15:45;STICHPROBE;202775;PFAS;Perfluorhexansulfonsäure(PFHS);0.005;<0.005;;µg/L;12009083106;22009080179;401795889;False;355-46-4;PFHxS;SpurenstoffeOrganisch;2009-09-01;2009
WASSER;GEW_WIESE_GAERTNERSTR;47.58129766746938, 7.592810289179551;2611600;1270078;01.09.2009;09:18;STICHPROBE;202800;PFAS;Perfluornonansäure(PFNA);0.005;<0.005;;µg/L;12009083106;22009080171;401793690;False;375-95-1;PFNA;SpurenstoffeOrganisch;2009-09-01;2009
WASSER;GEW_BIRSIG_HEUW;47.55097972327865, 7.585987477644601;2611093;1266706;01.09.2009;11:00;STICHPROBE;202800;PFAS;Perfluornonansäure(PFNA);0.005;<0.005;;µg/L;12009083106;22009080175;401794808;False;375-95-1;PFNA;SpurenstoffeOrganisch;2009-09-01;2009
WASSER;GEW_BIRS_BIRSK;47.55697000773648, 7.617757783797172;2613483;1267377;01.09.2009;09:40;STICHPROBE;202800;PFAS;Perfluornonansäure(PFNA);0.005;<0.005;;µg/L;12009083106;22009080174;401794537;False;375-95-1;PFNA;SpurenstoffeOrganisch;2009-09-01;2009
WASSER;GEW_BETTINGERBACH_BRUEHLM;47.5827180635645, 7.645439624720273;2615559;1270245;01.09.2009;15:25;STICHPROBE;202800;PFAS;Perfluornonansäure(PFNA);0.005;<0.005;;µg/L;12009083106;22009080177;401795350;False;375-95-1;PFNA;SpurenstoffeOrganisch;2009-09-01;2009
WASSER;GEW_NEUER_TEICH_BREITMATT;47.57899494441358, 7.629488511667779;2614360;1269828;01.09.2009;15:45;STICHPROBE;202800;PFAS;Perfluornonansäure(PFNA);0.005;<0.005;;µg/L;12009083106;22009080179;401795892;False;375-95-1;PFNA;SpurenstoffeOrganisch;2009-09-01;2009
WASSER;GEW_BACHGRABEN_SCHWIMM;47.56165132367818, 7.557980791390445;2608983;1267889;01.09.2009;12:00;STICHPROBE;202875;PFAS;Perfluoroctansäure(PFOA);0.01;0.02;0.02;µg/L;12009083106;22009080173;401794262;False;335-67-1;PFOA;SpurenstoffeOrganisch;2009-09-01;2009
WASSER;GEW_BETTINGERBACH_BRUEHLM;47.5827180635645, 7.645439624720273;2615559;1270245;01.09.2009;15:25;STICHPROBE;202875;PFAS;Perfluoroctansäure(PFOA);0.005;<0.005;;µg/L;12009083106;22009080177;401795348;False;335-67-1;PFOA;SpurenstoffeOrganisch;2009-09-01;2009
WASSER;GEW_ST_ALBANTEICH_MUEHLEGRABEN;47.553653455429334, 7.604155814845382;2612460;1267006;01.09.2009;10:25;STICHPROBE;202875;PFAS;Perfluoroctansäure(PFOA);0.005;<0.005;;µg/L;12009083106;22009080180;401796161;False;335-67-1;PFOA;SpurenstoffeOrganisch;2009-09-01;2009
WASSER;GEW_DORENBACH_ALLSCHWILERW;47.54426898948503, 7.555444837706313;2608795;1265956;01.09.2009;11:35;STICHPROBE;202925;PFAS;Perfluoroctansulfonsäure(PFOS);0.005;<0.005;;µg/L;12009083106;22009080181;401796433;False;1763-23-1;PFOS;SpurenstoffeOrganisch;2009-09-01;2009
WASSER;GEW_IMMENB_DINKELBERGSTR;47.58139034342768, 7.658341235214724;2616530;1270100;01.09.2009;14:40;STICHPROBE;202925;PFAS;Perfluoroctansulfonsäure(PFOS);0.005;<0.005;;µg/L;12009083106;22009080178;401795620;False;1763-23-1;PFOS;SpurenstoffeOrganisch;2009-09-01;2009
WASSER;GEW_ST_ALBANTEICH_MUEHLEGRABEN;47.553653455429334, 7.604155814845382;2612460;1267006;01.09.2009;10:25;STICHPROBE;202925;PFAS;Perfluoroctansulfonsäure(PFOS);0.005;<0.005;;µg/L;12009083106;22009080180;401796162;False;1763-23-1;PFOS;SpurenstoffeOrganisch;2009-09-01;2009
WASSER;GEW_BACHGRABEN_SCHWIMM;47.56165132367818, 7.557980791390445;2608983;1267889;01.09.2009;12:00;STICHPROBE;202950;PFAS;Perfluorpentansäure(PFPEA);0.005;<0.005;;µg/L;12009083106;22009080173;401794257;False;2706-90-3;PFPeA;SpurenstoffeOrganisch;2009-09-01;2009
WASSER;GEW_NEUER_TEICH_BREITMATT;47.57899494441358, 7.629488511667779;2614360;1269828;01.09.2009;15:45;STICHPROBE;202950;PFAS;Perfluorpentansäure(PFPEA);0.005;<0.005;;µg/L;12009083106;22009080179;401795885;False;2706-90-3;PFPeA;SpurenstoffeOrganisch;2009-09-01;2009
WASSER;GEW_ST_ALBANTEICH_MUEHLEGRABEN;47.553653455429334, 7.604155814845382;2612460;1267006;01.09.2009;10:25;STICHPROBE;202950;PFAS;Perfluorpentansäure(PFPEA);0.005;<0.005;;µg/L;12009083106;22009080180;401796156;False;2706-90-3;PFPeA;SpurenstoffeOrganisch;2009-09-01;2009
WASSER;GEW_RHEIN_IWB;47.56209433302646, 7.630371436664465;2614431;1267949;10.08.2009;08:30;STICHPROBE;202550;PFAS;Perfluorbutansulfonsäure(PFBS);0.005;<0.005;;µg/L;12009081003;22009080045;401785491;False;375-73-5;PFBS;SpurenstoffeOrganisch;2009-08-10;2009
WASSER;GEW_RHEIN_IWB;47.56209433302646, 7.630371436664465;2614431;1267949;10.08.2009;08:30;STICHPROBE;202775;PFAS;Perfluorhexansulfonsäure(PFHS);0.005;<0.005;;µg/L;12009081003;22009080045;401785494;False;355-46-4;PFHxS;SpurenstoffeOrganisch;2009-08-10;2009
WASSER;GEW_RHEIN_IWB;47.56209433302646, 7.630371436664465;2614431;1267949;10.08.2009;08:30;STICHPROBE;202875;PFAS;Perfluoroctansäure(PFOA);0.01;<0.010;;µg/L;12009081003;22009080045;401785495;False;335-67-1;PFOA;SpurenstoffeOrganisch;2009-08-10;2009
WASSER;GEW_RHEIN_IWB;47.56209433302646, 7.630371436664465;2614431;1267949;10.08.2009;08:30;STICHPROBE;202950;PFAS;Perfluorpentansäure(PFPEA);0.005;<0.005;;µg/L;12009081003;22009080045;401785490;False;2706-90-3;PFPeA;SpurenstoffeOrganisch;2009-08-10;2009
WASSER;GEW_RHEIN_IWB;47.56209433302646, 7.630371436664465;2614431;1267949;10.08.2009;08:30;STICHPROBE;202675;PFAS;Perfluorheptansäure(PFHPA);0.005;<0.005;;µg/L;12009081003;22009080045;401785493;False;375-85-9;PFHpA;SpurenstoffeOrganisch;2009-08-10;2009
WASSER;GEW_RHEIN_IWB;47.56209433302646, 7.630371436664465;2614431;1267949;10.08.2009;08:30;STICHPROBE;202750;PFAS;Perfluorhexansäure(PFHA);0.005;<0.005;;µg/L;12009081003;22009080045;401785492;False;307-24-4;PFHxA;SpurenstoffeOrganisch;2009-08-10;2009
WASSER;GEW_RHEIN_IWB;47.56209433302646, 7.630371436664465;2614431;1267949;10.08.2009;08:30;STICHPROBE;202800;PFAS;Perfluornonansäure(PFNA);0.005;<0.005;;µg/L;12009081003;22009080045;401785497;False;375-95-1;PFNA;SpurenstoffeOrganisch;2009-08-10;2009
WASSER;GEW_RHEIN_IWB;47.56209433302646, 7.630371436664465;2614431;1267949;10.08.2009;08:30;STICHPROBE;202525;PFAS;Perfluorbutansäure(PFBA);0.005;<0.005;;µg/L;12009081003;22009080045;401785489;False;375-22-4;PFBA;SpurenstoffeOrganisch;2009-08-10;2009
WASSER;GEW_RHEIN_IWB;47.56209433302646, 7.630371436664465;2614431;1267949;10.08.2009;08:30;STICHPROBE;202575;PFAS;Perfluordekansäure(PFDA);0.005;<0.005;;µg/L;12009081003;22009080045;401785498;False;335-76-2;PFDA;SpurenstoffeOrganisch;2009-08-10;2009
WASSER;GEW_RHEIN_IWB;47.56209433302646, 7.630371436664465;2614431;1267949;10.08.2009;08:30;STICHPROBE;202625;PFAS;Perfluordodekansäure(PFDDA);0.005;<0.005;;µg/L;12009081003;22009080045;401785499;False;307-55-1;PFDoA;SpurenstoffeOrganisch;2009-08-10;2009
WASSER;GEW_RHEIN_IWB;47.56209433302646, 7.630371436664465;2614431;1267949;10.08.2009;08:30;STICHPROBE;202925;PFAS;Perfluoroctansulfonsäure(PFOS);0.01;<0.010;;µg/L;12009081003;22009080045;401785496;False;1763-23-1;PFOS;SpurenstoffeOrganisch;2009-08-10;2009
WASSER;GEW_WIESE_GAERTNERSTR;47.58129766746938, 7.592810289179551;2611600;1270078;21.07.2009;09:05;STICHPROBE;202550;PFAS;Perfluorbutansulfonsäure(PFBS);0.005;<0.005;;µg/L;12009071502;22009070104;401778385;False;375-73-5;PFBS;SpurenstoffeOrganisch;2009-07-21;2009
WASSER;GEW_WIESE_GAERTNERSTR;47.58129766746938, 7.592810289179551;2611600;1270078;21.07.2009;09:05;STICHPROBE;202575;PFAS;Perfluordekansäure(PFDA);0.005;<0.005;;µg/L;12009071502;22009070104;401778392;False;335-76-2;PFDA;SpurenstoffeOrganisch;2009-07-21;2009
WASSER;GEW_WIESE_GAERTNERSTR;47.58129766746938, 7.592810289179551;2611600;1270078;21.07.2009;09:05;STICHPROBE;202625;PFAS;Perfluordodekansäure(PFDDA);0.005;<0.005;;µg/L;12009071502;22009070104;401778393;False;307-55-1;PFDoA;SpurenstoffeOrganisch;2009-07-21;2009
WASSER;GEW_AUBACH_IN_DER_AU;47.58575070322978, 7.659170111406881;2616591;1270585;21.07.2009;14:00;STICHPROBE;202675;PFAS;Perfluorheptansäure(PFHPA);0.005;<0.005;;µg/L;12009071502;22009070105;401778678;False;375-85-9;PFHpA;SpurenstoffeOrganisch;2009-07-21;2009
WASSER;GEW_WIESE_GAERTNERSTR;47.58129766746938, 7.592810289179551;2611600;1270078;21.07.2009;09:05;STICHPROBE;202750;PFAS;Perfluorhexansäure(PFHA);0.005;<0.005;;µg/L;12009071502;22009070104;401778386;False;307-24-4;PFHxA;SpurenstoffeOrganisch;2009-07-21;2009
WASSER;GEW_WIESE_GAERTNERSTR;47.58129766746938, 7.592810289179551;2611600;1270078;21.07.2009;09:05;STICHPROBE;202775;PFAS;Perfluorhexansulfonsäure(PFHS);0.005;<0.005;;µg/L;12009071502;22009070104;401778388;False;355-46-4;PFHxS;SpurenstoffeOrganisch;2009-07-21;2009
WASSER;GEW_AUBACH_IN_DER_AU;47.58575070322978, 7.659170111406881;2616591;1270585;21.07.2009;14:00;STICHPROBE;202775;PFAS;Perfluorhexansulfonsäure(PFHS);0.005;<0.005;;µg/L;12009071502;22009070105;401778679;False;355-46-4;PFHxS;SpurenstoffeOrganisch;2009-07-21;2009
WASSER;GEW_WIESE_GAERTNERSTR;47.58129766746938, 7.592810289179551;2611600;1270078;21.07.2009;09:05;STICHPROBE;202875;PFAS;Perfluoroctansäure(PFOA);0.01;<0.010;;µg/L;12009071502;22009070104;401778389;False;335-67-1;PFOA;SpurenstoffeOrganisch;2009-07-21;2009
WASSER;GEW_AUBACH_IN_DER_AU;47.58575070322978, 7.659170111406881;2616591;1270585;21.07.2009;14:00;STICHPROBE;202875;PFAS;Perfluoroctansäure(PFOA);0.005;<0.005;;µg/L;12009071502;22009070105;401778680;False;335-67-1;PFOA;SpurenstoffeOrganisch;2009-07-21;2009
WASSER;GEW_AUBACH_IN_DER_AU;47.58575070322978, 7.659170111406881;2616591;1270585;21.07.2009;14:00;STICHPROBE;202925;PFAS;Perfluoroctansulfonsäure(PFOS);0.005;<0.005;;µg/L;12009071502;22009070105;401778681;False;1763-23-1;PFOS;SpurenstoffeOrganisch;2009-07-21;2009
WASSER;GEW_WIESE_GAERTNERSTR;47.58129766746938, 7.592810289179551;2611600;1270078;21.07.2009;09:05;STICHPROBE;202950;PFAS;Perfluorpentansäure(PFPEA);0.005;<0.005;;µg/L;12009071502;22009070104;401778384;False;2706-90-3;PFPeA;SpurenstoffeOrganisch;2009-07-21;2009
WASSER;GEW_AUBACH_IN_DER_AU;47.58575070322978, 7.659170111406881;2616591;1270585;21.07.2009;14:00;STICHPROBE;202950;PFAS;Perfluorpentansäure(PFPEA);0.005;<0.005;;µg/L;12009071502;22009070105;401778675;False;2706-90-3;PFPeA;SpurenstoffeOrganisch;2009-07-21;2009
WASSER;GEW_WIESE_GAERTNERSTR;47.58129766746938, 7.592810289179551;2611600;1270078;21.07.2009;09:05;STICHPROBE;202525;PFAS;Perfluorbutansäure(PFBA);0.005;<0.005;;µg/L;12009071502;22009070104;401778383;False;375-22-4;PFBA;SpurenstoffeOrganisch;2009-07-21;2009
WASSER;GEW_AUBACH_IN_DER_AU;47.58575070322978, 7.659170111406881;2616591;1270585;21.07.2009;14:00;STICHPROBE;202525;PFAS;Perfluorbutansäure(PFBA);0.005;<0.005;;µg/L;12009071502;22009070105;401778674;False;375-22-4;PFBA;SpurenstoffeOrganisch;2009-07-21;2009
WASSER;GEW_AUBACH_IN_DER_AU;47.58575070322978, 7.659170111406881;2616591;1270585;21.07.2009;14:00;STICHPROBE;202575;PFAS;Perfluordekansäure(PFDA);0.005;<0.005;;µg/L;12009071502;22009070105;401778683;False;335-76-2;PFDA;SpurenstoffeOrganisch;2009-07-21;2009
WASSER;GEW_WIESE_GAERTNERSTR;47.58129766746938, 7.592810289179551;2611600;1270078;21.07.2009;09:05;STICHPROBE;202675;PFAS;Perfluorheptansäure(PFHPA);0.005;<0.005;;µg/L;12009071502;22009070104;401778387;False;375-85-9;PFHpA;SpurenstoffeOrganisch;2009-07-21;2009
WASSER;GEW_WIESE_GAERTNERSTR;47.58129766746938, 7.592810289179551;2611600;1270078;21.07.2009;09:05;STICHPROBE;202800;PFAS;Perfluornonansäure(PFNA);0.005;<0.005;;µg/L;12009071502;22009070104;401778391;False;375-95-1;PFNA;SpurenstoffeOrganisch;2009-07-21;2009
WASSER;GEW_AUBACH_IN_DER_AU;47.58575070322978, 7.659170111406881;2616591;1270585;21.07.2009;14:00;STICHPROBE;202800;PFAS;Perfluornonansäure(PFNA);0.005;<0.005;;µg/L;12009071502;22009070105;401778682;False;375-95-1;PFNA;SpurenstoffeOrganisch;2009-07-21;2009
WASSER;GEW_AUBACH_IN_DER_AU;47.58575070322978, 7.659170111406881;2616591;1270585;21.07.2009;14:00;STICHPROBE;202550;PFAS;Perfluorbutansulfonsäure(PFBS);0.005;<0.005;;µg/L;12009071502;22009070105;401778676;False;375-73-5;PFBS;SpurenstoffeOrganisch;2009-07-21;2009
WASSER;GEW_AUBACH_IN_DER_AU;47.58575070322978, 7.659170111406881;2616591;1270585;21.07.2009;14:00;STICHPROBE;202625;PFAS;Perfluordodekansäure(PFDDA);0.005;<0.005;;µg/L;12009071502;22009070105;401778684;False;307-55-1;PFDoA;SpurenstoffeOrganisch;2009-07-21;2009
WASSER;GEW_AUBACH_IN_DER_AU;47.58575070322978, 7.659170111406881;2616591;1270585;21.07.2009;14:00;STICHPROBE;202750;PFAS;Perfluorhexansäure(PFHA);0.005;<0.005;;µg/L;12009071502;22009070105;401778677;False;307-24-4;PFHxA;SpurenstoffeOrganisch;2009-07-21;2009
WASSER;GEW_WIESE_GAERTNERSTR;47.58129766746938, 7.592810289179551;2611600;1270078;21.07.2009;09:05;STICHPROBE;202925;PFAS;Perfluoroctansulfonsäure(PFOS);0.01;<0.010;;µg/L;12009071502;22009070104;401778390;False;1763-23-1;PFOS;SpurenstoffeOrganisch;2009-07-21;2009
WASSER;GEW_RHEIN_IWB;47.56209433302646, 7.630371436664465;2614431;1267949;16.07.2009;10:55;STICHPROBE;202550;PFAS;Perfluorbutansulfonsäure(PFBS);0.005;<0.005;;µg/L;12009071502;22009070078;401777170;False;375-73-5;PFBS;SpurenstoffeOrganisch;2009-07-16;2009
WASSER;GEW_RHEIN_IWB;47.56209433302646, 7.630371436664465;2614431;1267949;16.07.2009;10:55;STICHPROBE;202675;PFAS;Perfluorheptansäure(PFHPA);0.005;<0.005;;µg/L;12009071502;22009070078;401777172;False;375-85-9;PFHpA;SpurenstoffeOrganisch;2009-07-16;2009
WASSER;GEW_RHEIN_IWB;47.56209433302646, 7.630371436664465;2614431;1267949;16.07.2009;10:55;STICHPROBE;202750;PFAS;Perfluorhexansäure(PFHA);0.005;<0.005;;µg/L;12009071502;22009070078;401777171;False;307-24-4;PFHxA;SpurenstoffeOrganisch;2009-07-16;2009
WASSER;GEW_RHEIN_IWB;47.56209433302646, 7.630371436664465;2614431;1267949;16.07.2009;10:55;STICHPROBE;202775;PFAS;Perfluorhexansulfonsäure(PFHS);0.005;<0.005;;µg/L;12009071502;22009070078;401777173;False;355-46-4;PFHxS;SpurenstoffeOrganisch;2009-07-16;2009
WASSER;GEW_RHEIN_IWB;47.56209433302646, 7.630371436664465;2614431;1267949;16.07.2009;10:55;STICHPROBE;202950;PFAS;Perfluorpentansäure(PFPEA);0.005;<0.005;;µg/L;12009071502;22009070078;401777169;False;2706-90-3;PFPeA;SpurenstoffeOrganisch;2009-07-16;2009
WASSER;GEW_RHEIN_IWB;47.56209433302646, 7.630371436664465;2614431;1267949;16.07.2009;10:55;STICHPROBE;202525;PFAS;Perfluorbutansäure(PFBA);0.005;<0.005;;µg/L;12009071502;22009070078;401777168;False;375-22-4;PFBA;SpurenstoffeOrganisch;2009-07-16;2009
WASSER;GEW_RHEIN_IWB;47.56209433302646, 7.630371436664465;2614431;1267949;16.07.2009;10:55;STICHPROBE;202800;PFAS;Perfluornonansäure(PFNA);0.005;<0.005;;µg/L;12009071502;22009070078;401777176;False;375-95-1;PFNA;SpurenstoffeOrganisch;2009-07-16;2009
WASSER;GEW_RHEIN_IWB;47.56209433302646, 7.630371436664465;2614431;1267949;16.07.2009;10:55;STICHPROBE;202875;PFAS;Perfluoroctansäure(PFOA);0.01;<0.010;;µg/L;12009071502;22009070078;401777174;False;335-67-1;PFOA;SpurenstoffeOrganisch;2009-07-16;2009
WASSER;GEW_RHEIN_IWB;47.56209433302646, 7.630371436664465;2614431;1267949;16.07.2009;10:55;STICHPROBE;202575;PFAS;Perfluordekansäure(PFDA);0.005;<0.005;;µg/L;12009071502;22009070078;401777177;False;335-76-2;PFDA;SpurenstoffeOrganisch;2009-07-16;2009
WASSER;GEW_RHEIN_IWB;47.56209433302646, 7.630371436664465;2614431;1267949;16.07.2009;10:55;STICHPROBE;202625;PFAS;Perfluordodekansäure(PFDDA);0.005;<0.005;;µg/L;12009071502;22009070078;401777178;False;307-55-1;PFDoA;SpurenstoffeOrganisch;2009-07-16;2009
WASSER;GEW_RHEIN_IWB;47.56209433302646, 7.630371436664465;2614431;1267949;16.07.2009;10:55;STICHPROBE;202925;PFAS;Perfluoroctansulfonsäure(PFOS);0.01;<0.010;;µg/L;12009071502;22009070078;401777175;False;1763-23-1;PFOS;SpurenstoffeOrganisch;2009-07-16;2009
WASSER;GEW_RHEIN_IWB;47.56209433302646, 7.630371436664465;2614431;1267949;15.06.2009;08:25;STICHPROBE;202550;PFAS;Perfluorbutansulfonsäure(PFBS);0.01;<0.010;;µg/L;12009060802;22009060088;401764209;False;375-73-5;PFBS;SpurenstoffeOrganisch;2009-06-15;2009
WASSER;GEW_RHEIN_IWB;47.56209433302646, 7.630371436664465;2614431;1267949;15.06.2009;08:25;STICHPROBE;202800;PFAS;Perfluornonansäure(PFNA);0.005;<0.005;;µg/L;12009060802;22009060088;401764215;False;375-95-1;PFNA;SpurenstoffeOrganisch;2009-06-15;2009
WASSER;GEW_RHEIN_IWB;47.56209433302646, 7.630371436664465;2614431;1267949;15.06.2009;08:25;STICHPROBE;202875;PFAS;Perfluoroctansäure(PFOA);0.01;<0.010;;µg/L;12009060802;22009060088;401764213;False;335-67-1;PFOA;SpurenstoffeOrganisch;2009-06-15;2009
WASSER;GEW_RHEIN_IWB;47.56209433302646, 7.630371436664465;2614431;1267949;15.06.2009;08:25;STICHPROBE;202925;PFAS;Perfluoroctansulfonsäure(PFOS);0.01;<0.010;;µg/L;12009060802;22009060088;401764214;False;1763-23-1;PFOS;SpurenstoffeOrganisch;2009-06-15;2009
WASSER;GEW_RHEIN_IWB;47.56209433302646, 7.630371436664465;2614431;1267949;15.06.2009;08:25;STICHPROBE;202525;PFAS;Perfluorbutansäure(PFBA);0.005;<0.005;;µg/L;12009060802;22009060088;401764207;False;375-22-4;PFBA;SpurenstoffeOrganisch;2009-06-15;2009
WASSER;GEW_RHEIN_IWB;47.56209433302646, 7.630371436664465;2614431;1267949;15.06.2009;08:25;STICHPROBE;202775;PFAS;Perfluorhexansulfonsäure(PFHS);0.01;<0.010;;µg/L;12009060802;22009060088;401764212;False;355-46-4;PFHxS;SpurenstoffeOrganisch;2009-06-15;2009
WASSER;GEW_RHEIN_IWB;47.56209433302646, 7.630371436664465;2614431;1267949;15.06.2009;08:25;STICHPROBE;202575;PFAS;Perfluordekansäure(PFDA);0.005;<0.005;;µg/L;12009060802;22009060088;401764216;False;335-76-2;PFDA;SpurenstoffeOrganisch;2009-06-15;2009
WASSER;GEW_RHEIN_IWB;47.56209433302646, 7.630371436664465;2614431;1267949;15.06.2009;08:25;STICHPROBE;202625;PFAS;Perfluordodekansäure(PFDDA);0.005;<0.005;;µg/L;12009060802;22009060088;401764217;False;307-55-1;PFDoA;SpurenstoffeOrganisch;2009-06-15;2009
WASSER;GEW_RHEIN_IWB;47.56209433302646, 7.630371436664465;2614431;1267949;15.06.2009;08:25;STICHPROBE;202675;PFAS;Perfluorheptansäure(PFHPA);0.005;<0.005;;µg/L;12009060802;22009060088;401764211;False;375-85-9;PFHpA;SpurenstoffeOrganisch;2009-06-15;2009
WASSER;GEW_RHEIN_IWB;47.56209433302646, 7.630371436664465;2614431;1267949;15.06.2009;08:25;STICHPROBE;202750;PFAS;Perfluorhexansäure(PFHA);0.005;<0.005;;µg/L;12009060802;22009060088;401764210;False;307-24-4;PFHxA;SpurenstoffeOrganisch;2009-06-15;2009
WASSER;GEW_RHEIN_IWB;47.56209433302646, 7.630371436664465;2614431;1267949;15.06.2009;08:25;STICHPROBE;202950;PFAS;Perfluorpentansäure(PFPEA);0.005;<0.005;;µg/L;12009060802;22009060088;401764208;False;2706-90-3;PFPeA;SpurenstoffeOrganisch;2009-06-15;2009
WASSER;GEW_AUBACH_IN_DER_AU;47.58575070322978, 7.659170111406881;2616591;1270585;08.06.2009;15:45;STICHPROBE;202525;PFAS;Perfluorbutansäure(PFBA);0.005;<0.005;;µg/L;12009060802;22009060045;401759046;False;375-22-4;PFBA;SpurenstoffeOrganisch;2009-06-08;2009
WASSER;GEW_BIRS_BIRSK;47.55697000773648, 7.617757783797172;2613483;1267377;08.06.2009;09:35;STICHPROBE;202525;PFAS;Perfluorbutansäure(PFBA);0.005;<0.005;;µg/L;12009060802;22009060047;401759603;False;375-22-4;PFBA;SpurenstoffeOrganisch;2009-06-08;2009
WASSER;GEW_BETTINGERBACH_BRUEHLM;47.5827180635645, 7.645439624720273;2615559;1270245;08.06.2009;16:10;STICHPROBE;202525;PFAS;Perfluorbutansäure(PFBA);0.005;<0.005;;µg/L;12009060802;22009060050;401760416;False;375-22-4;PFBA;SpurenstoffeOrganisch;2009-06-08;2009
WASSER;GEW_WIESE_GAERTNERSTR;47.58129766746938, 7.592810289179551;2611600;1270078;08.06.2009;10:00;STICHPROBE;202550;PFAS;Perfluorbutansulfonsäure(PFBS);0.01;<0.010;;µg/L;12009060802;22009060044;401758757;False;375-73-5;PFBS;SpurenstoffeOrganisch;2009-06-08;2009
WASSER;GEW_AUBACH_IN_DER_AU;47.58575070322978, 7.659170111406881;2616591;1270585;08.06.2009;15:45;STICHPROBE;202550;PFAS;Perfluorbutansulfonsäure(PFBS);0.01;<0.010;;µg/L;12009060802;22009060045;401759048;False;375-73-5;PFBS;SpurenstoffeOrganisch;2009-06-08;2009
WASSER;GEW_IMMENB_DINKELBERGSTR;47.58139034342768, 7.658341235214724;2616530;1270100;08.06.2009;15:20;STICHPROBE;202550;PFAS;Perfluorbutansulfonsäure(PFBS);0.01;<0.010;;µg/L;12009060802;22009060051;401760689;False;375-73-5;PFBS;SpurenstoffeOrganisch;2009-06-08;2009
WASSER;GEW_WIESE_GAERTNERSTR;47.58129766746938, 7.592810289179551;2611600;1270078;08.06.2009;10:00;STICHPROBE;202575;PFAS;Perfluordekansäure(PFDA);0.005;<0.005;;µg/L;12009060802;22009060044;401758764;False;335-76-2;PFDA;SpurenstoffeOrganisch;2009-06-08;2009
WASSER;GEW_AUBACH_IN_DER_AU;47.58575070322978, 7.659170111406881;2616591;1270585;08.06.2009;15:45;STICHPROBE;202575;PFAS;Perfluordekansäure(PFDA);0.005;<0.005;;µg/L;12009060802;22009060045;401759055;False;335-76-2;PFDA;SpurenstoffeOrganisch;2009-06-08;2009
WASSER;GEW_IMMENB_DINKELBERGSTR;47.58139034342768, 7.658341235214724;2616530;1270100;08.06.2009;15:20;STICHPROBE;202575;PFAS;Perfluordekansäure(PFDA);0.005;<0.005;;µg/L;12009060802;22009060051;401760696;False;335-76-2;PFDA;SpurenstoffeOrganisch;2009-06-08;2009
WASSER;GEW_ST_ALBANTEICH_MUEHLEGRABEN;47.553653455429334, 7.604155814845382;2612460;1267006;08.06.2009;10:20;STICHPROBE;202575;PFAS;Perfluordekansäure(PFDA);0.005;<0.005;;µg/L;12009060802;22009060053;401761238;False;335-76-2;PFDA;SpurenstoffeOrganisch;2009-06-08;2009
WASSER;GEW_DORENBACH_ALLSCHWILERW;47.54426898948503, 7.555444837706313;2608795;1265956;08.06.2009;12:20;STICHPROBE;202575;PFAS;Perfluordekansäure(PFDA);0.005;<0.005;;µg/L;12009060802;22009060054;401761509;False;335-76-2;PFDA;SpurenstoffeOrganisch;2009-06-08;2009
WASSER;GEW_BETTINGERBACH_BRUEHLM;47.5827180635645, 7.645439624720273;2615559;1270245;08.06.2009;16:10;STICHPROBE;202625;PFAS;Perfluordodekansäure(PFDDA);0.005;<0.005;;µg/L;12009060802;22009060050;401760426;False;307-55-1;PFDoA;SpurenstoffeOrganisch;2009-06-08;2009
WASSER;GEW_BACHGRABEN_SCHWIMM;47.56165132367818, 7.557980791390445;2608983;1267889;08.06.2009;12:45;STICHPROBE;202675;PFAS;Perfluorheptansäure(PFHPA);0.005;<0.005;;µg/L;12009060802;22009060046;401759333;False;375-85-9;PFHpA;SpurenstoffeOrganisch;2009-06-08;2009
WASSER;GEW_BETTINGERBACH_BRUEHLM;47.5827180635645, 7.645439624720273;2615559;1270245;08.06.2009;16:10;STICHPROBE;202675;PFAS;Perfluorheptansäure(PFHPA);0.005;<0.005;;µg/L;12009060802;22009060050;401760420;False;375-85-9;PFHpA;SpurenstoffeOrganisch;2009-06-08;2009
WASSER;GEW_IMMENB_DINKELBERGSTR;47.58139034342768, 7.658341235214724;2616530;1270100;08.06.2009;15:20;STICHPROBE;202675;PFAS;Perfluorheptansäure(PFHPA);0.005;<0.005;;µg/L;12009060802;22009060051;401760691;False;375-85-9;PFHpA;SpurenstoffeOrganisch;2009-06-08;2009
WASSER;GEW_AUBACH_IN_DER_AU;47.58575070322978, 7.659170111406881;2616591;1270585;08.06.2009;15:45;STICHPROBE;202750;PFAS;Perfluorhexansäure(PFHA);0.005;<0.005;;µg/L;12009060802;22009060045;401759049;False;307-24-4;PFHxA;SpurenstoffeOrganisch;2009-06-08;2009
WASSER;GEW_BACHGRABEN_SCHWIMM;47.56165132367818, 7.557980791390445;2608983;1267889;08.06.2009;12:45;STICHPROBE;202750;PFAS;Perfluorhexansäure(PFHA);0.005;0.01;0.01;µg/L;12009060802;22009060046;401759332;False;307-24-4;PFHxA;SpurenstoffeOrganisch;2009-06-08;2009
WASSER;GEW_BIRSIG_HEUW;47.55097972327865, 7.585987477644601;2611093;1266706;08.06.2009;11:40;STICHPROBE;202750;PFAS;Perfluorhexansäure(PFHA);0.005;<0.005;;µg/L;12009060802;22009060048;401759877;False;307-24-4;PFHxA;SpurenstoffeOrganisch;2009-06-08;2009
WASSER;GEW_BETTINGERBACH_BRUEHLM;47.5827180635645, 7.645439624720273;2615559;1270245;08.06.2009;16:10;STICHPROBE;202750;PFAS;Perfluorhexansäure(PFHA);0.005;<0.005;;µg/L;12009060802;22009060050;401760419;False;307-24-4;PFHxA;SpurenstoffeOrganisch;2009-06-08;2009
WASSER;GEW_WIESE_GAERTNERSTR;47.58129766746938, 7.592810289179551;2611600;1270078;08.06.2009;10:00;STICHPROBE;202775;PFAS;Perfluorhexansulfonsäure(PFHS);0.01;<0.010;;µg/L;12009060802;22009060044;401758760;False;355-46-4;PFHxS;SpurenstoffeOrganisch;2009-06-08;2009
WASSER;GEW_IMMENB_DINKELBERGSTR;47.58139034342768, 7.658341235214724;2616530;1270100;08.06.2009;15:20;STICHPROBE;202775;PFAS;Perfluorhexansulfonsäure(PFHS);0.01;<0.010;;µg/L;12009060802;22009060051;401760692;False;355-46-4;PFHxS;SpurenstoffeOrganisch;2009-06-08;2009
WASSER;GEW_NEUER_TEICH_BREITMATT;47.57899494441358, 7.629488511667779;2614360;1269828;08.06.2009;16:40;STICHPROBE;202775;PFAS;Perfluorhexansulfonsäure(PFHS);0.01;<0.010;;µg/L;12009060802;22009060052;401760963;False;355-46-4;PFHxS;SpurenstoffeOrganisch;2009-06-08;2009
WASSER;GEW_DORENBACH_ALLSCHWILERW;47.54426898948503, 7.555444837706313;2608795;1265956;08.06.2009;12:20;STICHPROBE;202775;PFAS;Perfluorhexansulfonsäure(PFHS);0.01;<0.010;;µg/L;12009060802;22009060054;401761505;False;355-46-4;PFHxS;SpurenstoffeOrganisch;2009-06-08;2009
WASSER;GEW_WIESE_GAERTNERSTR;47.58129766746938, 7.592810289179551;2611600;1270078;08.06.2009;10:00;STICHPROBE;202800;PFAS;Perfluornonansäure(PFNA);0.005;<0.005;;µg/L;12009060802;22009060044;401758763;False;375-95-1;PFNA;SpurenstoffeOrganisch;2009-06-08;2009
WASSER;GEW_BACHGRABEN_SCHWIMM;47.56165132367818, 7.557980791390445;2608983;1267889;08.06.2009;12:45;STICHPROBE;202800;PFAS;Perfluornonansäure(PFNA);0.005;<0.005;;µg/L;12009060802;22009060046;401759337;False;375-95-1;PFNA;SpurenstoffeOrganisch;2009-06-08;2009
WASSER;GEW_IMMENB_DINKELBERGSTR;47.58139034342768, 7.658341235214724;2616530;1270100;08.06.2009;15:20;STICHPROBE;202800;PFAS;Perfluornonansäure(PFNA);0.005;<0.005;;µg/L;12009060802;22009060051;401760695;False;375-95-1;PFNA;SpurenstoffeOrganisch;2009-06-08;2009
WASSER;GEW_BACHGRABEN_SCHWIMM;47.56165132367818, 7.557980791390445;2608983;1267889;08.06.2009;12:45;STICHPROBE;202875;PFAS;Perfluoroctansäure(PFOA);0.01;0.023;0.023;µg/L;12009060802;22009060046;401759335;False;335-67-1;PFOA;SpurenstoffeOrganisch;2009-06-08;2009
WASSER;GEW_BIRS_BIRSK;47.55697000773648, 7.617757783797172;2613483;1267377;08.06.2009;09:35;STICHPROBE;202875;PFAS;Perfluoroctansäure(PFOA);0.01;<0.010;;µg/L;12009060802;22009060047;401759609;False;335-67-1;PFOA;SpurenstoffeOrganisch;2009-06-08;2009
WASSER;GEW_BETTINGERBACH_BRUEHLM;47.5827180635645, 7.645439624720273;2615559;1270245;08.06.2009;16:10;STICHPROBE;202875;PFAS;Perfluoroctansäure(PFOA);0.005;<0.005;;µg/L;12009060802;22009060050;401760422;False;335-67-1;PFOA;SpurenstoffeOrganisch;2009-06-08;2009
WASSER;GEW_IMMENB_DINKELBERGSTR;47.58139034342768, 7.658341235214724;2616530;1270100;08.06.2009;15:20;STICHPROBE;202875;PFAS;Perfluoroctansäure(PFOA);0.005;<0.005;;µg/L;12009060802;22009060051;401760693;False;335-67-1;PFOA;SpurenstoffeOrganisch;2009-06-08;2009
WASSER;GEW_ST_ALBANTEICH_MUEHLEGRABEN;47.553653455429334, 7.604155814845382;2612460;1267006;08.06.2009;10:20;STICHPROBE;202875;PFAS;Perfluoroctansäure(PFOA);0.01;<0.010;;µg/L;12009060802;22009060053;401761235;False;335-67-1;PFOA;SpurenstoffeOrganisch;2009-06-08;2009
WASSER;GEW_BACHGRABEN_SCHWIMM;47.56165132367818, 7.557980791390445;2608983;1267889;08.06.2009;12:45;STICHPROBE;202925;PFAS;Perfluoroctansulfonsäure(PFOS);0.01;<0.010;;µg/L;12009060802;22009060046;401759336;False;1763-23-1;PFOS;SpurenstoffeOrganisch;2009-06-08;2009
WASSER;GEW_BIRSIG_HEUW;47.55097972327865, 7.585987477644601;2611093;1266706;08.06.2009;11:40;STICHPROBE;202925;PFAS;Perfluoroctansulfonsäure(PFOS);0.01;0.025;0.025;µg/L;12009060802;22009060048;401759881;False;1763-23-1;PFOS;SpurenstoffeOrganisch;2009-06-08;2009
WASSER;GEW_IMMENB_DINKELBERGSTR;47.58139034342768, 7.658341235214724;2616530;1270100;08.06.2009;15:20;STICHPROBE;202925;PFAS;Perfluoroctansulfonsäure(PFOS);0.01;<0.010;;µg/L;12009060802;22009060051;401760694;False;1763-23-1;PFOS;SpurenstoffeOrganisch;2009-06-08;2009
WASSER;GEW_DORENBACH_ALLSCHWILERW;47.54426898948503, 7.555444837706313;2608795;1265956;08.06.2009;12:20;STICHPROBE;202925;PFAS;Perfluoroctansulfonsäure(PFOS);0.01;<0.010;;µg/L;12009060802;22009060054;401761507;False;1763-23-1;PFOS;SpurenstoffeOrganisch;2009-06-08;2009
WASSER;GEW_BETTINGERBACH_BRUEHLM;47.5827180635645, 7.645439624720273;2615559;1270245;08.06.2009;16:10;STICHPROBE;202950;PFAS;Perfluorpentansäure(PFPEA);0.005;<0.005;;µg/L;12009060802;22009060050;401760417;False;2706-90-3;PFPeA;SpurenstoffeOrganisch;2009-06-08;2009
WASSER;GEW_ST_ALBANTEICH_MUEHLEGRABEN;47.553653455429334, 7.604155814845382;2612460;1267006;08.06.2009;10:20;STICHPROBE;202950;PFAS;Perfluorpentansäure(PFPEA);0.005;<0.005;;µg/L;12009060802;22009060053;401761230;False;2706-90-3;PFPeA;SpurenstoffeOrganisch;2009-06-08;2009
WASSER;GEW_WIESE_GAERTNERSTR;47.58129766746938, 7.592810289179551;2611600;1270078;08.06.2009;10:00;STICHPROBE;202525;PFAS;Perfluorbutansäure(PFBA);0.005;<0.005;;µg/L;12009060802;22009060044;401758755;False;375-22-4;PFBA;SpurenstoffeOrganisch;2009-06-08;2009
WASSER;GEW_IMMENB_DINKELBERGSTR;47.58139034342768, 7.658341235214724;2616530;1270100;08.06.2009;15:20;STICHPROBE;202525;PFAS;Perfluorbutansäure(PFBA);0.005;<0.005;;µg/L;12009060802;22009060051;401760687;False;375-22-4;PFBA;SpurenstoffeOrganisch;2009-06-08;2009
WASSER;GEW_NEUER_TEICH_BREITMATT;47.57899494441358, 7.629488511667779;2614360;1269828;08.06.2009;16:40;STICHPROBE;202525;PFAS;Perfluorbutansäure(PFBA);0.005;<0.005;;µg/L;12009060802;22009060052;401760958;False;375-22-4;PFBA;SpurenstoffeOrganisch;2009-06-08;2009
WASSER;GEW_ST_ALBANTEICH_MUEHLEGRABEN;47.553653455429334, 7.604155814845382;2612460;1267006;08.06.2009;10:20;STICHPROBE;202525;PFAS;Perfluorbutansäure(PFBA);0.005;<0.005;;µg/L;12009060802;22009060053;401761229;False;375-22-4;PFBA;SpurenstoffeOrganisch;2009-06-08;2009
WASSER;GEW_BIRS_BIRSK;47.55697000773648, 7.617757783797172;2613483;1267377;08.06.2009;09:35;STICHPROBE;202550;PFAS;Perfluorbutansulfonsäure(PFBS);0.01;<0.010;;µg/L;12009060802;22009060047;401759605;False;375-73-5;PFBS;SpurenstoffeOrganisch;2009-06-08;2009
WASSER;GEW_BIRSIG_HEUW;47.55097972327865, 7.585987477644601;2611093;1266706;08.06.2009;11:40;STICHPROBE;202550;PFAS;Perfluorbutansulfonsäure(PFBS);0.01;<0.010;;µg/L;12009060802;22009060048;401759876;False;375-73-5;PFBS;SpurenstoffeOrganisch;2009-06-08;2009
WASSER;GEW_NEUER_TEICH_BREITMATT;47.57899494441358, 7.629488511667779;2614360;1269828;08.06.2009;16:40;STICHPROBE;202550;PFAS;Perfluorbutansulfonsäure(PFBS);0.01;<0.010;;µg/L;12009060802;22009060052;401760960;False;375-73-5;PFBS;SpurenstoffeOrganisch;2009-06-08;2009
WASSER;GEW_ST_ALBANTEICH_MUEHLEGRABEN;47.553653455429334, 7.604155814845382;2612460;1267006;08.06.2009;10:20;STICHPROBE;202550;PFAS;Perfluorbutansulfonsäure(PFBS);0.01;<0.010;;µg/L;12009060802;22009060053;401761231;False;375-73-5;PFBS;SpurenstoffeOrganisch;2009-06-08;2009
WASSER;GEW_DORENBACH_ALLSCHWILERW;47.54426898948503, 7.555444837706313;2608795;1265956;08.06.2009;12:20;STICHPROBE;202550;PFAS;Perfluorbutansulfonsäure(PFBS);0.01;<0.010;;µg/L;12009060802;22009060054;401761502;False;375-73-5;PFBS;SpurenstoffeOrganisch;2009-06-08;2009
WASSER;GEW_BACHGRABEN_SCHWIMM;47.56165132367818, 7.557980791390445;2608983;1267889;08.06.2009;12:45;STICHPROBE;202575;PFAS;Perfluordekansäure(PFDA);0.005;<0.005;;µg/L;12009060802;22009060046;401759338;False;335-76-2;PFDA;SpurenstoffeOrganisch;2009-06-08;2009
WASSER;GEW_BETTINGERBACH_BRUEHLM;47.5827180635645, 7.645439624720273;2615559;1270245;08.06.2009;16:10;STICHPROBE;202575;PFAS;Perfluordekansäure(PFDA);0.005;<0.005;;µg/L;12009060802;22009060050;401760425;False;335-76-2;PFDA;SpurenstoffeOrganisch;2009-06-08;2009
WASSER;GEW_NEUER_TEICH_BREITMATT;47.57899494441358, 7.629488511667779;2614360;1269828;08.06.2009;16:40;STICHPROBE;202575;PFAS;Perfluordekansäure(PFDA);0.005;<0.005;;µg/L;12009060802;22009060052;401760967;False;335-76-2;PFDA;SpurenstoffeOrganisch;2009-06-08;2009
WASSER;GEW_AUBACH_IN_DER_AU;47.58575070322978, 7.659170111406881;2616591;1270585;08.06.2009;15:45;STICHPROBE;202625;PFAS;Perfluordodekansäure(PFDDA);0.005;<0.005;;µg/L;12009060802;22009060045;401759056;False;307-55-1;PFDoA;SpurenstoffeOrganisch;2009-06-08;2009
WASSER;GEW_BIRS_BIRSK;47.55697000773648, 7.617757783797172;2613483;1267377;08.06.2009;09:35;STICHPROBE;202625;PFAS;Perfluordodekansäure(PFDDA);0.005;<0.005;;µg/L;12009060802;22009060047;401759613;False;307-55-1;PFDoA;SpurenstoffeOrganisch;2009-06-08;2009
WASSER;GEW_BIRSIG_HEUW;47.55097972327865, 7.585987477644601;2611093;1266706;08.06.2009;11:40;STICHPROBE;202625;PFAS;Perfluordodekansäure(PFDDA);0.005;<0.005;;µg/L;12009060802;22009060048;401759884;False;307-55-1;PFDoA;SpurenstoffeOrganisch;2009-06-08;2009
WASSER;GEW_NEUER_TEICH_BREITMATT;47.57899494441358, 7.629488511667779;2614360;1269828;08.06.2009;16:40;STICHPROBE;202625;PFAS;Perfluordodekansäure(PFDDA);0.005;<0.005;;µg/L;12009060802;22009060052;401760968;False;307-55-1;PFDoA;SpurenstoffeOrganisch;2009-06-08;2009
WASSER;GEW_WIESE_GAERTNERSTR;47.58129766746938, 7.592810289179551;2611600;1270078;08.06.2009;10:00;STICHPROBE;202675;PFAS;Perfluorheptansäure(PFHPA);0.005;<0.005;;µg/L;12009060802;22009060044;401758759;False;375-85-9;PFHpA;SpurenstoffeOrganisch;2009-06-08;2009
WASSER;GEW_AUBACH_IN_DER_AU;47.58575070322978, 7.659170111406881;2616591;1270585;08.06.2009;15:45;STICHPROBE;202675;PFAS;Perfluorheptansäure(PFHPA);0.005;<0.005;;µg/L;12009060802;22009060045;401759050;False;375-85-9;PFHpA;SpurenstoffeOrganisch;2009-06-08;2009
WASSER;GEW_BIRS_BIRSK;47.55697000773648, 7.617757783797172;2613483;1267377;08.06.2009;09:35;STICHPROBE;202675;PFAS;Perfluorheptansäure(PFHPA);0.005;<0.005;;µg/L;12009060802;22009060047;401759607;False;375-85-9;PFHpA;SpurenstoffeOrganisch;2009-06-08;2009
WASSER;GEW_BIRSIG_HEUW;47.55097972327865, 7.585987477644601;2611093;1266706;08.06.2009;11:40;STICHPROBE;202675;PFAS;Perfluorheptansäure(PFHPA);0.005;<0.005;;µg/L;12009060802;22009060048;401759878;False;375-85-9;PFHpA;SpurenstoffeOrganisch;2009-06-08;2009
WASSER;GEW_ST_ALBANTEICH_MUEHLEGRABEN;47.553653455429334, 7.604155814845382;2612460;1267006;08.06.2009;10:20;STICHPROBE;202675;PFAS;Perfluorheptansäure(PFHPA);0.005;<0.005;;µg/L;12009060802;22009060053;401761233;False;375-85-9;PFHpA;SpurenstoffeOrganisch;2009-06-08;2009
WASSER;GEW_DORENBACH_ALLSCHWILERW;47.54426898948503, 7.555444837706313;2608795;1265956;08.06.2009;12:20;STICHPROBE;202675;PFAS;Perfluorheptansäure(PFHPA);0.005;<0.005;;µg/L;12009060802;22009060054;401761504;False;375-85-9;PFHpA;SpurenstoffeOrganisch;2009-06-08;2009
WASSER;GEW_WIESE_GAERTNERSTR;47.58129766746938, 7.592810289179551;2611600;1270078;08.06.2009;10:00;STICHPROBE;202750;PFAS;Perfluorhexansäure(PFHA);0.005;<0.005;;µg/L;12009060802;22009060044;401758758;False;307-24-4;PFHxA;SpurenstoffeOrganisch;2009-06-08;2009
WASSER;GEW_NEUER_TEICH_BREITMATT;47.57899494441358, 7.629488511667779;2614360;1269828;08.06.2009;16:40;STICHPROBE;202750;PFAS;Perfluorhexansäure(PFHA);0.005;<0.005;;µg/L;12009060802;22009060052;401760961;False;307-24-4;PFHxA;SpurenstoffeOrganisch;2009-06-08;2009
WASSER;GEW_ST_ALBANTEICH_MUEHLEGRABEN;47.553653455429334, 7.604155814845382;2612460;1267006;08.06.2009;10:20;STICHPROBE;202750;PFAS;Perfluorhexansäure(PFHA);0.005;<0.005;;µg/L;12009060802;22009060053;401761232;False;307-24-4;PFHxA;SpurenstoffeOrganisch;2009-06-08;2009
WASSER;GEW_BIRS_BIRSK;47.55697000773648, 7.617757783797172;2613483;1267377;08.06.2009;09:35;STICHPROBE;202775;PFAS;Perfluorhexansulfonsäure(PFHS);0.01;<0.010;;µg/L;12009060802;22009060047;401759608;False;355-46-4;PFHxS;SpurenstoffeOrganisch;2009-06-08;2009
WASSER;GEW_ST_ALBANTEICH_MUEHLEGRABEN;47.553653455429334, 7.604155814845382;2612460;1267006;08.06.2009;10:20;STICHPROBE;202775;PFAS;Perfluorhexansulfonsäure(PFHS);0.01;<0.010;;µg/L;12009060802;22009060053;401761234;False;355-46-4;PFHxS;SpurenstoffeOrganisch;2009-06-08;2009
WASSER;GEW_AUBACH_IN_DER_AU;47.58575070322978, 7.659170111406881;2616591;1270585;08.06.2009;15:45;STICHPROBE;202800;PFAS;Perfluornonansäure(PFNA);0.005;<0.005;;µg/L;12009060802;22009060045;401759054;False;375-95-1;PFNA;SpurenstoffeOrganisch;2009-06-08;2009
WASSER;GEW_BIRSIG_HEUW;47.55097972327865, 7.585987477644601;2611093;1266706;08.06.2009;11:40;STICHPROBE;202800;PFAS;Perfluornonansäure(PFNA);0.005;<0.005;;µg/L;12009060802;22009060048;401759882;False;375-95-1;PFNA;SpurenstoffeOrganisch;2009-06-08;2009
WASSER;GEW_BETTINGERBACH_BRUEHLM;47.5827180635645, 7.645439624720273;2615559;1270245;08.06.2009;16:10;STICHPROBE;202800;PFAS;Perfluornonansäure(PFNA);0.005;<0.005;;µg/L;12009060802;22009060050;401760424;False;375-95-1;PFNA;SpurenstoffeOrganisch;2009-06-08;2009
WASSER;GEW_ST_ALBANTEICH_MUEHLEGRABEN;47.553653455429334, 7.604155814845382;2612460;1267006;08.06.2009;10:20;STICHPROBE;202800;PFAS;Perfluornonansäure(PFNA);0.005;<0.005;;µg/L;12009060802;22009060053;401761237;False;375-95-1;PFNA;SpurenstoffeOrganisch;2009-06-08;2009
WASSER;GEW_DORENBACH_ALLSCHWILERW;47.54426898948503, 7.555444837706313;2608795;1265956;08.06.2009;12:20;STICHPROBE;202800;PFAS;Perfluornonansäure(PFNA);0.005;<0.005;;µg/L;12009060802;22009060054;401761508;False;375-95-1;PFNA;SpurenstoffeOrganisch;2009-06-08;2009
WASSER;GEW_BIRSIG_HEUW;47.55097972327865, 7.585987477644601;2611093;1266706;08.06.2009;11:40;STICHPROBE;202875;PFAS;Perfluoroctansäure(PFOA);0.01;0.011;0.011;µg/L;12009060802;22009060048;401759880;False;335-67-1;PFOA;SpurenstoffeOrganisch;2009-06-08;2009
WASSER;GEW_NEUER_TEICH_BREITMATT;47.57899494441358, 7.629488511667779;2614360;1269828;08.06.2009;16:40;STICHPROBE;202875;PFAS;Perfluoroctansäure(PFOA);0.005;<0.005;;µg/L;12009060802;22009060052;401760964;False;335-67-1;PFOA;SpurenstoffeOrganisch;2009-06-08;2009
WASSER;GEW_DORENBACH_ALLSCHWILERW;47.54426898948503, 7.555444837706313;2608795;1265956;08.06.2009;12:20;STICHPROBE;202875;PFAS;Perfluoroctansäure(PFOA);0.01;<0.010;;µg/L;12009060802;22009060054;401761506;False;335-67-1;PFOA;SpurenstoffeOrganisch;2009-06-08;2009
WASSER;GEW_WIESE_GAERTNERSTR;47.58129766746938, 7.592810289179551;2611600;1270078;08.06.2009;10:00;STICHPROBE;202925;PFAS;Perfluoroctansulfonsäure(PFOS);0.01;<0.010;;µg/L;12009060802;22009060044;401758762;False;1763-23-1;PFOS;SpurenstoffeOrganisch;2009-06-08;2009
WASSER;GEW_WIESE_GAERTNERSTR;47.58129766746938, 7.592810289179551;2611600;1270078;08.06.2009;10:00;STICHPROBE;202950;PFAS;Perfluorpentansäure(PFPEA);0.005;<0.005;;µg/L;12009060802;22009060044;401758756;False;2706-90-3;PFPeA;SpurenstoffeOrganisch;2009-06-08;2009
WASSER;GEW_BACHGRABEN_SCHWIMM;47.56165132367818, 7.557980791390445;2608983;1267889;08.06.2009;12:45;STICHPROBE;202950;PFAS;Perfluorpentansäure(PFPEA);0.005;<0.005;;µg/L;12009060802;22009060046;401759330;False;2706-90-3;PFPeA;SpurenstoffeOrganisch;2009-06-08;2009
WASSER;GEW_BIRS_BIRSK;47.55697000773648, 7.617757783797172;2613483;1267377;08.06.2009;09:35;STICHPROBE;202950;PFAS;Perfluorpentansäure(PFPEA);0.005;<0.005;;µg/L;12009060802;22009060047;401759604;False;2706-90-3;PFPeA;SpurenstoffeOrganisch;2009-06-08;2009
WASSER;GEW_DORENBACH_ALLSCHWILERW;47.54426898948503, 7.555444837706313;2608795;1265956;08.06.2009;12:20;STICHPROBE;202950;PFAS;Perfluorpentansäure(PFPEA);0.005;<0.005;;µg/L;12009060802;22009060054;401761501;False;2706-90-3;PFPeA;SpurenstoffeOrganisch;2009-06-08;2009
WASSER;GEW_BACHGRABEN_SCHWIMM;47.56165132367818, 7.557980791390445;2608983;1267889;08.06.2009;12:45;STICHPROBE;202525;PFAS;Perfluorbutansäure(PFBA);0.005;<0.005;;µg/L;12009060802;22009060046;401759329;False;375-22-4;PFBA;SpurenstoffeOrganisch;2009-06-08;2009
WASSER;GEW_BIRSIG_HEUW;47.55097972327865, 7.585987477644601;2611093;1266706;08.06.2009;11:40;STICHPROBE;202525;PFAS;Perfluorbutansäure(PFBA);0.005;<0.005;;µg/L;12009060802;22009060048;401759874;False;375-22-4;PFBA;SpurenstoffeOrganisch;2009-06-08;2009
WASSER;GEW_DORENBACH_ALLSCHWILERW;47.54426898948503, 7.555444837706313;2608795;1265956;08.06.2009;12:20;STICHPROBE;202525;PFAS;Perfluorbutansäure(PFBA);0.005;<0.005;;µg/L;12009060802;22009060054;401761500;False;375-22-4;PFBA;SpurenstoffeOrganisch;2009-06-08;2009
WASSER;GEW_BACHGRABEN_SCHWIMM;47.56165132367818, 7.557980791390445;2608983;1267889;08.06.2009;12:45;STICHPROBE;202550;PFAS;Perfluorbutansulfonsäure(PFBS);0.01;<0.010;;µg/L;12009060802;22009060046;401759331;False;375-73-5;PFBS;SpurenstoffeOrganisch;2009-06-08;2009
WASSER;GEW_BETTINGERBACH_BRUEHLM;47.5827180635645, 7.645439624720273;2615559;1270245;08.06.2009;16:10;STICHPROBE;202550;PFAS;Perfluorbutansulfonsäure(PFBS);0.01;<0.010;;µg/L;12009060802;22009060050;401760418;False;375-73-5;PFBS;SpurenstoffeOrganisch;2009-06-08;2009
WASSER;GEW_BIRS_BIRSK;47.55697000773648, 7.617757783797172;2613483;1267377;08.06.2009;09:35;STICHPROBE;202575;PFAS;Perfluordekansäure(PFDA);0.005;<0.005;;µg/L;12009060802;22009060047;401759612;False;335-76-2;PFDA;SpurenstoffeOrganisch;2009-06-08;2009
WASSER;GEW_BIRSIG_HEUW;47.55097972327865, 7.585987477644601;2611093;1266706;08.06.2009;11:40;STICHPROBE;202575;PFAS;Perfluordekansäure(PFDA);0.005;<0.005;;µg/L;12009060802;22009060048;401759883;False;335-76-2;PFDA;SpurenstoffeOrganisch;2009-06-08;2009
WASSER;GEW_WIESE_GAERTNERSTR;47.58129766746938, 7.592810289179551;2611600;1270078;08.06.2009;10:00;STICHPROBE;202625;PFAS;Perfluordodekansäure(PFDDA);0.005;<0.005;;µg/L;12009060802;22009060044;401758765;False;307-55-1;PFDoA;SpurenstoffeOrganisch;2009-06-08;2009
WASSER;GEW_BACHGRABEN_SCHWIMM;47.56165132367818, 7.557980791390445;2608983;1267889;08.06.2009;12:45;STICHPROBE;202625;PFAS;Perfluordodekansäure(PFDDA);0.005;<0.005;;µg/L;12009060802;22009060046;401759339;False;307-55-1;PFDoA;SpurenstoffeOrganisch;2009-06-08;2009
WASSER;GEW_IMMENB_DINKELBERGSTR;47.58139034342768, 7.658341235214724;2616530;1270100;08.06.2009;15:20;STICHPROBE;202625;PFAS;Perfluordodekansäure(PFDDA);0.005;<0.005;;µg/L;12009060802;22009060051;401760697;False;307-55-1;PFDoA;SpurenstoffeOrganisch;2009-06-08;2009
WASSER;GEW_ST_ALBANTEICH_MUEHLEGRABEN;47.553653455429334, 7.604155814845382;2612460;1267006;08.06.2009;10:20;STICHPROBE;202625;PFAS;Perfluordodekansäure(PFDDA);0.005;<0.005;;µg/L;12009060802;22009060053;401761239;False;307-55-1;PFDoA;SpurenstoffeOrganisch;2009-06-08;2009
WASSER;GEW_DORENBACH_ALLSCHWILERW;47.54426898948503, 7.555444837706313;2608795;1265956;08.06.2009;12:20;STICHPROBE;202625;PFAS;Perfluordodekansäure(PFDDA);0.005;<0.005;;µg/L;12009060802;22009060054;401761510;False;307-55-1;PFDoA;SpurenstoffeOrganisch;2009-06-08;2009
WASSER;GEW_NEUER_TEICH_BREITMATT;47.57899494441358, 7.629488511667779;2614360;1269828;08.06.2009;16:40;STICHPROBE;202675;PFAS;Perfluorheptansäure(PFHPA);0.005;<0.005;;µg/L;12009060802;22009060052;401760962;False;375-85-9;PFHpA;SpurenstoffeOrganisch;2009-06-08;2009
WASSER;GEW_BIRS_BIRSK;47.55697000773648, 7.617757783797172;2613483;1267377;08.06.2009;09:35;STICHPROBE;202750;PFAS;Perfluorhexansäure(PFHA);0.005;<0.005;;µg/L;12009060802;22009060047;401759606;False;307-24-4;PFHxA;SpurenstoffeOrganisch;2009-06-08;2009
WASSER;GEW_IMMENB_DINKELBERGSTR;47.58139034342768, 7.658341235214724;2616530;1270100;08.06.2009;15:20;STICHPROBE;202750;PFAS;Perfluorhexansäure(PFHA);0.005;<0.005;;µg/L;12009060802;22009060051;401760690;False;307-24-4;PFHxA;SpurenstoffeOrganisch;2009-06-08;2009
WASSER;GEW_DORENBACH_ALLSCHWILERW;47.54426898948503, 7.555444837706313;2608795;1265956;08.06.2009;12:20;STICHPROBE;202750;PFAS;Perfluorhexansäure(PFHA);0.005;0.008;0.008;µg/L;12009060802;22009060054;401761503;False;307-24-4;PFHxA;SpurenstoffeOrganisch;2009-06-08;2009
WASSER;GEW_AUBACH_IN_DER_AU;47.58575070322978, 7.659170111406881;2616591;1270585;08.06.2009;15:45;STICHPROBE;202775;PFAS;Perfluorhexansulfonsäure(PFHS);0.01;<0.010;;µg/L;12009060802;22009060045;401759051;False;355-46-4;PFHxS;SpurenstoffeOrganisch;2009-06-08;2009
WASSER;GEW_BACHGRABEN_SCHWIMM;47.56165132367818, 7.557980791390445;2608983;1267889;08.06.2009;12:45;STICHPROBE;202775;PFAS;Perfluorhexansulfonsäure(PFHS);0.01;<0.010;;µg/L;12009060802;22009060046;401759334;False;355-46-4;PFHxS;SpurenstoffeOrganisch;2009-06-08;2009
WASSER;GEW_BIRSIG_HEUW;47.55097972327865, 7.585987477644601;2611093;1266706;08.06.2009;11:40;STICHPROBE;202775;PFAS;Perfluorhexansulfonsäure(PFHS);0.01;<0.010;;µg/L;12009060802;22009060048;401759879;False;355-46-4;PFHxS;SpurenstoffeOrganisch;2009-06-08;2009
WASSER;GEW_BETTINGERBACH_BRUEHLM;47.5827180635645, 7.645439624720273;2615559;1270245;08.06.2009;16:10;STICHPROBE;202775;PFAS;Perfluorhexansulfonsäure(PFHS);0.01;<0.010;;µg/L;12009060802;22009060050;401760421;False;355-46-4;PFHxS;SpurenstoffeOrganisch;2009-06-08;2009
WASSER;GEW_BIRS_BIRSK;47.55697000773648, 7.617757783797172;2613483;1267377;08.06.2009;09:35;STICHPROBE;202800;PFAS;Perfluornonansäure(PFNA);0.005;<0.005;;µg/L;12009060802;22009060047;401759611;False;375-95-1;PFNA;SpurenstoffeOrganisch;2009-06-08;2009
WASSER;GEW_NEUER_TEICH_BREITMATT;47.57899494441358, 7.629488511667779;2614360;1269828;08.06.2009;16:40;STICHPROBE;202800;PFAS;Perfluornonansäure(PFNA);0.005;<0.005;;µg/L;12009060802;22009060052;401760966;False;375-95-1;PFNA;SpurenstoffeOrganisch;2009-06-08;2009
WASSER;GEW_WIESE_GAERTNERSTR;47.58129766746938, 7.592810289179551;2611600;1270078;08.06.2009;10:00;STICHPROBE;202875;PFAS;Perfluoroctansäure(PFOA);0.01;<0.010;;µg/L;12009060802;22009060044;401758761;False;335-67-1;PFOA;SpurenstoffeOrganisch;2009-06-08;2009
WASSER;GEW_AUBACH_IN_DER_AU;47.58575070322978, 7.659170111406881;2616591;1270585;08.06.2009;15:45;STICHPROBE;202875;PFAS;Perfluoroctansäure(PFOA);0.005;<0.005;;µg/L;12009060802;22009060045;401759052;False;335-67-1;PFOA;SpurenstoffeOrganisch;2009-06-08;2009
WASSER;GEW_AUBACH_IN_DER_AU;47.58575070322978, 7.659170111406881;2616591;1270585;08.06.2009;15:45;STICHPROBE;202925;PFAS;Perfluoroctansulfonsäure(PFOS);0.01;<0.010;;µg/L;12009060802;22009060045;401759053;False;1763-23-1;PFOS;SpurenstoffeOrganisch;2009-06-08;2009
WASSER;GEW_BIRS_BIRSK;47.55697000773648, 7.617757783797172;2613483;1267377;08.06.2009;09:35;STICHPROBE;202925;PFAS;Perfluoroctansulfonsäure(PFOS);0.01;<0.010;;µg/L;12009060802;22009060047;401759610;False;1763-23-1;PFOS;SpurenstoffeOrganisch;2009-06-08;2009
WASSER;GEW_BETTINGERBACH_BRUEHLM;47.5827180635645, 7.645439624720273;2615559;1270245;08.06.2009;16:10;STICHPROBE;202925;PFAS;Perfluoroctansulfonsäure(PFOS);0.01;<0.010;;µg/L;12009060802;22009060050;401760423;False;1763-23-1;PFOS;SpurenstoffeOrganisch;2009-06-08;2009
WASSER;GEW_NEUER_TEICH_BREITMATT;47.57899494441358, 7.629488511667779;2614360;1269828;08.06.2009;16:40;STICHPROBE;202925;PFAS;Perfluoroctansulfonsäure(PFOS);0.01;<0.010;;µg/L;12009060802;22009060052;401760965;False;1763-23-1;PFOS;SpurenstoffeOrganisch;2009-06-08;2009
WASSER;GEW_ST_ALBANTEICH_MUEHLEGRABEN;47.553653455429334, 7.604155814845382;2612460;1267006;08.06.2009;10:20;STICHPROBE;202925;PFAS;Perfluoroctansulfonsäure(PFOS);0.01;<0.010;;µg/L;12009060802;22009060053;401761236;False;1763-23-1;PFOS;SpurenstoffeOrganisch;2009-06-08;2009
WASSER;GEW_AUBACH_IN_DER_AU;47.58575070322978, 7.659170111406881;2616591;1270585;08.06.2009;15:45;STICHPROBE;202950;PFAS;Perfluorpentansäure(PFPEA);0.005;<0.005;;µg/L;12009060802;22009060045;401759047;False;2706-90-3;PFPeA;SpurenstoffeOrganisch;2009-06-08;2009
WASSER;GEW_BIRSIG_HEUW;47.55097972327865, 7.585987477644601;2611093;1266706;08.06.2009;11:40;STICHPROBE;202950;PFAS;Perfluorpentansäure(PFPEA);0.005;<0.005;;µg/L;12009060802;22009060048;401759875;False;2706-90-3;PFPeA;SpurenstoffeOrganisch;2009-06-08;2009
WASSER;GEW_IMMENB_DINKELBERGSTR;47.58139034342768, 7.658341235214724;2616530;1270100;08.06.2009;15:20;STICHPROBE;202950;PFAS;Perfluorpentansäure(PFPEA);0.005;<0.005;;µg/L;12009060802;22009060051;401760688;False;2706-90-3;PFPeA;SpurenstoffeOrganisch;2009-06-08;2009
WASSER;GEW_NEUER_TEICH_BREITMATT;47.57899494441358, 7.629488511667779;2614360;1269828;08.06.2009;16:40;STICHPROBE;202950;PFAS;Perfluorpentansäure(PFPEA);0.005;<0.005;;µg/L;12009060802;22009060052;401760959;False;2706-90-3;PFPeA;SpurenstoffeOrganisch;2009-06-08;2009
WASSER;GEW_RHEIN_IWB;47.56209433302646, 7.630371436664465;2614431;1267949;25.05.2009;09:45;STICHPROBE;202525;PFAS;Perfluorbutansäure(PFBA);0.005;<0.005;;µg/L;12009052504;22009050170;401749436;False;375-22-4;PFBA;SpurenstoffeOrganisch;2009-05-25;2009
WASSER;GEW_RHEIN_IWB;47.56209433302646, 7.630371436664465;2614431;1267949;25.05.2009;09:45;STICHPROBE;202625;PFAS;Perfluordodekansäure(PFDDA);0.005;<0.005;;µg/L;12009052504;22009050170;401749446;False;307-55-1;PFDoA;SpurenstoffeOrganisch;2009-05-25;2009
WASSER;GEW_RHEIN_IWB;47.56209433302646, 7.630371436664465;2614431;1267949;25.05.2009;09:45;STICHPROBE;202675;PFAS;Perfluorheptansäure(PFHPA);0.005;<0.005;;µg/L;12009052504;22009050170;401749440;False;375-85-9;PFHpA;SpurenstoffeOrganisch;2009-05-25;2009
WASSER;GEW_RHEIN_IWB;47.56209433302646, 7.630371436664465;2614431;1267949;25.05.2009;09:45;STICHPROBE;202950;PFAS;Perfluorpentansäure(PFPEA);0.005;<0.005;;µg/L;12009052504;22009050170;401749437;False;2706-90-3;PFPeA;SpurenstoffeOrganisch;2009-05-25;2009
WASSER;GEW_RHEIN_IWB;47.56209433302646, 7.630371436664465;2614431;1267949;25.05.2009;09:45;STICHPROBE;202550;PFAS;Perfluorbutansulfonsäure(PFBS);0.005;<0.005;;µg/L;12009052504;22009050170;401749438;False;375-73-5;PFBS;SpurenstoffeOrganisch;2009-05-25;2009
WASSER;GEW_RHEIN_IWB;47.56209433302646, 7.630371436664465;2614431;1267949;25.05.2009;09:45;STICHPROBE;202750;PFAS;Perfluorhexansäure(PFHA);0.005;<0.005;;µg/L;12009052504;22009050170;401749439;False;307-24-4;PFHxA;SpurenstoffeOrganisch;2009-05-25;2009
WASSER;GEW_RHEIN_IWB;47.56209433302646, 7.630371436664465;2614431;1267949;25.05.2009;09:45;STICHPROBE;202800;PFAS;Perfluornonansäure(PFNA);0.005;<0.005;;µg/L;12009052504;22009050170;401749444;False;375-95-1;PFNA;SpurenstoffeOrganisch;2009-05-25;2009
WASSER;GEW_RHEIN_IWB;47.56209433302646, 7.630371436664465;2614431;1267949;25.05.2009;09:45;STICHPROBE;202875;PFAS;Perfluoroctansäure(PFOA);0.01;<0.010;;µg/L;12009052504;22009050170;401749442;False;335-67-1;PFOA;SpurenstoffeOrganisch;2009-05-25;2009
WASSER;GEW_RHEIN_IWB;47.56209433302646, 7.630371436664465;2614431;1267949;25.05.2009;09:45;STICHPROBE;202575;PFAS;Perfluordekansäure(PFDA);0.005;<0.005;;µg/L;12009052504;22009050170;401749445;False;335-76-2;PFDA;SpurenstoffeOrganisch;2009-05-25;2009
WASSER;GEW_RHEIN_IWB;47.56209433302646, 7.630371436664465;2614431;1267949;25.05.2009;09:45;STICHPROBE;202775;PFAS;Perfluorhexansulfonsäure(PFHS);0.005;<0.005;;µg/L;12009052504;22009050170;401749441;False;355-46-4;PFHxS;SpurenstoffeOrganisch;2009-05-25;2009
WASSER;GEW_RHEIN_IWB;47.56209433302646, 7.630371436664465;2614431;1267949;25.05.2009;09:45;STICHPROBE;202925;PFAS;Perfluoroctansulfonsäure(PFOS);0.01;<0.010;;µg/L;12009052504;22009050170;401749443;False;1763-23-1;PFOS;SpurenstoffeOrganisch;2009-05-25;2009
WASSER;GEW_RHEIN_IWB;47.56209433302646, 7.630371436664465;2614431;1267949;22.04.2009;08:20;STICHPROBE;202525;PFAS;Perfluorbutansäure(PFBA);0.005;<0.005;;µg/L;12009042102;22009040110;401738539;False;375-22-4;PFBA;SpurenstoffeOrganisch;2009-04-22;2009
WASSER;GEW_RHEIN_IWB;47.56209433302646, 7.630371436664465;2614431;1267949;22.04.2009;08:20;STICHPROBE;202575;PFAS;Perfluordekansäure(PFDA);0.005;<0.005;;µg/L;12009042102;22009040110;401738548;False;335-76-2;PFDA;SpurenstoffeOrganisch;2009-04-22;2009
WASSER;GEW_RHEIN_IWB;47.56209433302646, 7.630371436664465;2614431;1267949;22.04.2009;08:20;STICHPROBE;202750;PFAS;Perfluorhexansäure(PFHA);0.005;<0.005;;µg/L;12009042102;22009040110;401738542;False;307-24-4;PFHxA;SpurenstoffeOrganisch;2009-04-22;2009
WASSER;GEW_RHEIN_IWB;47.56209433302646, 7.630371436664465;2614431;1267949;22.04.2009;08:20;STICHPROBE;202800;PFAS;Perfluornonansäure(PFNA);0.005;<0.005;;µg/L;12009042102;22009040110;401738547;False;375-95-1;PFNA;SpurenstoffeOrganisch;2009-04-22;2009
WASSER;GEW_RHEIN_IWB;47.56209433302646, 7.630371436664465;2614431;1267949;22.04.2009;08:20;STICHPROBE;202925;PFAS;Perfluoroctansulfonsäure(PFOS);0.01;<0.010;;µg/L;12009042102;22009040110;401738546;False;1763-23-1;PFOS;SpurenstoffeOrganisch;2009-04-22;2009
WASSER;GEW_RHEIN_IWB;47.56209433302646, 7.630371436664465;2614431;1267949;22.04.2009;08:20;STICHPROBE;202625;PFAS;Perfluordodekansäure(PFDDA);0.005;<0.005;;µg/L;12009042102;22009040110;401738549;False;307-55-1;PFDoA;SpurenstoffeOrganisch;2009-04-22;2009
WASSER;GEW_RHEIN_IWB;47.56209433302646, 7.630371436664465;2614431;1267949;22.04.2009;08:20;STICHPROBE;202675;PFAS;Perfluorheptansäure(PFHPA);0.005;<0.005;;µg/L;12009042102;22009040110;401738543;False;375-85-9;PFHpA;SpurenstoffeOrganisch;2009-04-22;2009
WASSER;GEW_RHEIN_IWB;47.56209433302646, 7.630371436664465;2614431;1267949;22.04.2009;08:20;STICHPROBE;202775;PFAS;Perfluorhexansulfonsäure(PFHS);0.005;<0.005;;µg/L;12009042102;22009040110;401738544;False;355-46-4;PFHxS;SpurenstoffeOrganisch;2009-04-22;2009
WASSER;GEW_RHEIN_IWB;47.56209433302646, 7.630371436664465;2614431;1267949;22.04.2009;08:20;STICHPROBE;202950;PFAS;Perfluorpentansäure(PFPEA);0.005;<0.005;;µg/L;12009042102;22009040110;401738540;False;2706-90-3;PFPeA;SpurenstoffeOrganisch;2009-04-22;2009
WASSER;GEW_RHEIN_IWB;47.56209433302646, 7.630371436664465;2614431;1267949;22.04.2009;08:20;STICHPROBE;202550;PFAS;Perfluorbutansulfonsäure(PFBS);0.005;<0.005;;µg/L;12009042102;22009040110;401738541;False;375-73-5;PFBS;SpurenstoffeOrganisch;2009-04-22;2009
WASSER;GEW_RHEIN_IWB;47.56209433302646, 7.630371436664465;2614431;1267949;22.04.2009;08:20;STICHPROBE;202875;PFAS;Perfluoroctansäure(PFOA);0.01;<0.010;;µg/L;12009042102;22009040110;401738545;False;335-67-1;PFOA;SpurenstoffeOrganisch;2009-04-22;2009
WASSER;GEW_WIESE_GAERTNERSTR;47.58129766746938, 7.592810289179551;2611600;1270078;31.03.2009;08:50;STICHPROBE;202525;PFAS;Perfluorbutansäure(PFBA);0.005;<0.005;;µg/L;12009033006;22009030226;401729178;False;375-22-4;PFBA;SpurenstoffeOrganisch;2009-03-31;2009
WASSER;GEW_AUBACH_IN_DER_AU;47.58575070322978, 7.659170111406881;2616591;1270585;31.03.2009;14:10;STICHPROBE;202525;PFAS;Perfluorbutansäure(PFBA);0.005;<0.005;;µg/L;12009033006;22009030227;401729466;False;375-22-4;PFBA;SpurenstoffeOrganisch;2009-03-31;2009
WASSER;GEW_AUBACH_IN_DER_AU;47.58575070322978, 7.659170111406881;2616591;1270585;31.03.2009;14:10;STICHPROBE;202550;PFAS;Perfluorbutansulfonsäure(PFBS);0.01;<0.010;;µg/L;12009033006;22009030227;401729468;False;375-73-5;PFBS;SpurenstoffeOrganisch;2009-03-31;2009
WASSER;GEW_AUBACH_IN_DER_AU;47.58575070322978, 7.659170111406881;2616591;1270585;31.03.2009;14:10;STICHPROBE;202625;PFAS;Perfluordodekansäure(PFDDA);0.005;<0.005;;µg/L;12009033006;22009030227;401729476;False;307-55-1;PFDoA;SpurenstoffeOrganisch;2009-03-31;2009
WASSER;GEW_AUBACH_IN_DER_AU;47.58575070322978, 7.659170111406881;2616591;1270585;31.03.2009;14:10;STICHPROBE;202675;PFAS;Perfluorheptansäure(PFHPA);0.005;<0.005;;µg/L;12009033006;22009030227;401729470;False;375-85-9;PFHpA;SpurenstoffeOrganisch;2009-03-31;2009
WASSER;GEW_WIESE_GAERTNERSTR;47.58129766746938, 7.592810289179551;2611600;1270078;31.03.2009;08:50;STICHPROBE;202750;PFAS;Perfluorhexansäure(PFHA);0.005;<0.005;;µg/L;12009033006;22009030226;401729181;False;307-24-4;PFHxA;SpurenstoffeOrganisch;2009-03-31;2009
WASSER;GEW_AUBACH_IN_DER_AU;47.58575070322978, 7.659170111406881;2616591;1270585;31.03.2009;14:10;STICHPROBE;202800;PFAS;Perfluornonansäure(PFNA);0.005;<0.005;;µg/L;12009033006;22009030227;401729474;False;375-95-1;PFNA;SpurenstoffeOrganisch;2009-03-31;2009
WASSER;GEW_WIESE_GAERTNERSTR;47.58129766746938, 7.592810289179551;2611600;1270078;31.03.2009;08:50;STICHPROBE;202875;PFAS;Perfluoroctansäure(PFOA);0.01;<0.010;;µg/L;12009033006;22009030226;401729184;False;335-67-1;PFOA;SpurenstoffeOrganisch;2009-03-31;2009
WASSER;GEW_WIESE_GAERTNERSTR;47.58129766746938, 7.592810289179551;2611600;1270078;31.03.2009;08:50;STICHPROBE;202925;PFAS;Perfluoroctansulfonsäure(PFOS);0.01;<0.010;;µg/L;12009033006;22009030226;401729185;False;1763-23-1;PFOS;SpurenstoffeOrganisch;2009-03-31;2009
WASSER;GEW_AUBACH_IN_DER_AU;47.58575070322978, 7.659170111406881;2616591;1270585;31.03.2009;14:10;STICHPROBE;202950;PFAS;Perfluorpentansäure(PFPEA);0.005;<0.005;;µg/L;12009033006;22009030227;401729467;False;2706-90-3;PFPeA;SpurenstoffeOrganisch;2009-03-31;2009
WASSER;GEW_WIESE_GAERTNERSTR;47.58129766746938, 7.592810289179551;2611600;1270078;31.03.2009;08:50;STICHPROBE;202575;PFAS;Perfluordekansäure(PFDA);0.005;<0.005;;µg/L;12009033006;22009030226;401729187;False;335-76-2;PFDA;SpurenstoffeOrganisch;2009-03-31;2009
WASSER;GEW_WIESE_GAERTNERSTR;47.58129766746938, 7.592810289179551;2611600;1270078;31.03.2009;08:50;STICHPROBE;202675;PFAS;Perfluorheptansäure(PFHPA);0.005;<0.005;;µg/L;12009033006;22009030226;401729182;False;375-85-9;PFHpA;SpurenstoffeOrganisch;2009-03-31;2009
WASSER;GEW_AUBACH_IN_DER_AU;47.58575070322978, 7.659170111406881;2616591;1270585;31.03.2009;14:10;STICHPROBE;202750;PFAS;Perfluorhexansäure(PFHA);0.005;<0.005;;µg/L;12009033006;22009030227;401729469;False;307-24-4;PFHxA;SpurenstoffeOrganisch;2009-03-31;2009
WASSER;GEW_WIESE_GAERTNERSTR;47.58129766746938, 7.592810289179551;2611600;1270078;31.03.2009;08:50;STICHPROBE;202800;PFAS;Perfluornonansäure(PFNA);0.005;<0.005;;µg/L;12009033006;22009030226;401729186;False;375-95-1;PFNA;SpurenstoffeOrganisch;2009-03-31;2009
WASSER;GEW_AUBACH_IN_DER_AU;47.58575070322978, 7.659170111406881;2616591;1270585;31.03.2009;14:10;STICHPROBE;202875;PFAS;Perfluoroctansäure(PFOA);0.01;<0.010;;µg/L;12009033006;22009030227;401729472;False;335-67-1;PFOA;SpurenstoffeOrganisch;2009-03-31;2009
WASSER;GEW_AUBACH_IN_DER_AU;47.58575070322978, 7.659170111406881;2616591;1270585;31.03.2009;14:10;STICHPROBE;202925;PFAS;Perfluoroctansulfonsäure(PFOS);0.01;<0.010;;µg/L;12009033006;22009030227;401729473;False;1763-23-1;PFOS;SpurenstoffeOrganisch;2009-03-31;2009
WASSER;GEW_WIESE_GAERTNERSTR;47.58129766746938, 7.592810289179551;2611600;1270078;31.03.2009;08:50;STICHPROBE;202550;PFAS;Perfluorbutansulfonsäure(PFBS);0.01;<0.010;;µg/L;12009033006;22009030226;401729180;False;375-73-5;PFBS;SpurenstoffeOrganisch;2009-03-31;2009
WASSER;GEW_AUBACH_IN_DER_AU;47.58575070322978, 7.659170111406881;2616591;1270585;31.03.2009;14:10;STICHPROBE;202575;PFAS;Perfluordekansäure(PFDA);0.005;<0.005;;µg/L;12009033006;22009030227;401729475;False;335-76-2;PFDA;SpurenstoffeOrganisch;2009-03-31;2009
WASSER;GEW_WIESE_GAERTNERSTR;47.58129766746938, 7.592810289179551;2611600;1270078;31.03.2009;08:50;STICHPROBE;202625;PFAS;Perfluordodekansäure(PFDDA);0.005;<0.005;;µg/L;12009033006;22009030226;401729188;False;307-55-1;PFDoA;SpurenstoffeOrganisch;2009-03-31;2009
WASSER;GEW_WIESE_GAERTNERSTR;47.58129766746938, 7.592810289179551;2611600;1270078;31.03.2009;08:50;STICHPROBE;202775;PFAS;Perfluorhexansulfonsäure(PFHS);0.01;<0.010;;µg/L;12009033006;22009030226;401729183;False;355-46-4;PFHxS;SpurenstoffeOrganisch;2009-03-31;2009
WASSER;GEW_AUBACH_IN_DER_AU;47.58575070322978, 7.659170111406881;2616591;1270585;31.03.2009;14:10;STICHPROBE;202775;PFAS;Perfluorhexansulfonsäure(PFHS);0.01;<0.010;;µg/L;12009033006;22009030227;401729471;False;355-46-4;PFHxS;SpurenstoffeOrganisch;2009-03-31;2009
WASSER;GEW_WIESE_GAERTNERSTR;47.58129766746938, 7.592810289179551;2611600;1270078;31.03.2009;08:50;STICHPROBE;202950;PFAS;Perfluorpentansäure(PFPEA);0.005;<0.005;;µg/L;12009033006;22009030226;401729179;False;2706-90-3;PFPeA;SpurenstoffeOrganisch;2009-03-31;2009
WASSER;GEW_RHEIN_IWB;47.56209433302646, 7.630371436664465;2614431;1267949;23.03.2009;11:45;STICHPROBE;202525;PFAS;Perfluorbutansäure(PFBA);0.005;<0.005;;µg/L;12009031604;22009030185;401726146;False;375-22-4;PFBA;SpurenstoffeOrganisch;2009-03-23;2009
WASSER;GEW_RHEIN_IWB;47.56209433302646, 7.630371436664465;2614431;1267949;23.03.2009;11:45;STICHPROBE;202575;PFAS;Perfluordekansäure(PFDA);0.005;<0.005;;µg/L;12009031604;22009030185;401726155;False;335-76-2;PFDA;SpurenstoffeOrganisch;2009-03-23;2009
WASSER;GEW_RHEIN_IWB;47.56209433302646, 7.630371436664465;2614431;1267949;23.03.2009;11:45;STICHPROBE;202775;PFAS;Perfluorhexansulfonsäure(PFHS);0.01;<0.010;;µg/L;12009031604;22009030185;401726151;False;355-46-4;PFHxS;SpurenstoffeOrganisch;2009-03-23;2009
WASSER;GEW_RHEIN_IWB;47.56209433302646, 7.630371436664465;2614431;1267949;23.03.2009;11:45;STICHPROBE;202800;PFAS;Perfluornonansäure(PFNA);0.005;<0.005;;µg/L;12009031604;22009030185;401726154;False;375-95-1;PFNA;SpurenstoffeOrganisch;2009-03-23;2009
WASSER;GEW_RHEIN_IWB;47.56209433302646, 7.630371436664465;2614431;1267949;23.03.2009;11:45;STICHPROBE;202925;PFAS;Perfluoroctansulfonsäure(PFOS);0.01;<0.010;;µg/L;12009031604;22009030185;401726153;False;1763-23-1;PFOS;SpurenstoffeOrganisch;2009-03-23;2009
WASSER;GEW_RHEIN_IWB;47.56209433302646, 7.630371436664465;2614431;1267949;23.03.2009;11:45;STICHPROBE;202950;PFAS;Perfluorpentansäure(PFPEA);0.005;<0.005;;µg/L;12009031604;22009030185;401726147;False;2706-90-3;PFPeA;SpurenstoffeOrganisch;2009-03-23;2009
WASSER;GEW_RHEIN_IWB;47.56209433302646, 7.630371436664465;2614431;1267949;23.03.2009;11:45;STICHPROBE;202625;PFAS;Perfluordodekansäure(PFDDA);0.005;<0.005;;µg/L;12009031604;22009030185;401726156;False;307-55-1;PFDoA;SpurenstoffeOrganisch;2009-03-23;2009
WASSER;GEW_RHEIN_IWB;47.56209433302646, 7.630371436664465;2614431;1267949;23.03.2009;11:45;STICHPROBE;202550;PFAS;Perfluorbutansulfonsäure(PFBS);0.01;<0.010;;µg/L;12009031604;22009030185;401726148;False;375-73-5;PFBS;SpurenstoffeOrganisch;2009-03-23;2009
WASSER;GEW_RHEIN_IWB;47.56209433302646, 7.630371436664465;2614431;1267949;23.03.2009;11:45;STICHPROBE;202675;PFAS;Perfluorheptansäure(PFHPA);0.005;<0.005;;µg/L;12009031604;22009030185;401726150;False;375-85-9;PFHpA;SpurenstoffeOrganisch;2009-03-23;2009
WASSER;GEW_RHEIN_IWB;47.56209433302646, 7.630371436664465;2614431;1267949;23.03.2009;11:45;STICHPROBE;202750;PFAS;Perfluorhexansäure(PFHA);0.005;<0.005;;µg/L;12009031604;22009030185;401726149;False;307-24-4;PFHxA;SpurenstoffeOrganisch;2009-03-23;2009
WASSER;GEW_RHEIN_IWB;47.56209433302646, 7.630371436664465;2614431;1267949;23.03.2009;11:45;STICHPROBE;202875;PFAS;Perfluoroctansäure(PFOA);0.01;<0.010;;µg/L;12009031604;22009030185;401726152;False;335-67-1;PFOA;SpurenstoffeOrganisch;2009-03-23;2009
WASSER;GEW_RHEIN_IWB;47.56209433302646, 7.630371436664465;2614431;1267949;26.02.2009;07:25;STICHPROBE;202575;PFAS;Perfluordekansäure(PFDA);0.005;<0.005;;µg/L;12009021608;22009020195;401712390;False;335-76-2;PFDA;SpurenstoffeOrganisch;2009-02-26;2009
WASSER;GEW_RHEIN_IWB;47.56209433302646, 7.630371436664465;2614431;1267949;26.02.2009;07:25;STICHPROBE;202625;PFAS;Perfluordodekansäure(PFDDA);0.005;<0.005;;µg/L;12009021608;22009020195;401712391;False;307-55-1;PFDoA;SpurenstoffeOrganisch;2009-02-26;2009
WASSER;GEW_RHEIN_IWB;47.56209433302646, 7.630371436664465;2614431;1267949;26.02.2009;07:25;STICHPROBE;202875;PFAS;Perfluoroctansäure(PFOA);0.01;<0.010;;µg/L;12009021608;22009020195;401712387;False;335-67-1;PFOA;SpurenstoffeOrganisch;2009-02-26;2009
WASSER;GEW_RHEIN_IWB;47.56209433302646, 7.630371436664465;2614431;1267949;26.02.2009;07:25;STICHPROBE;202675;PFAS;Perfluorheptansäure(PFHPA);0.005;<0.005;;µg/L;12009021608;22009020195;401712385;False;375-85-9;PFHpA;SpurenstoffeOrganisch;2009-02-26;2009
WASSER;GEW_RHEIN_IWB;47.56209433302646, 7.630371436664465;2614431;1267949;26.02.2009;07:25;STICHPROBE;202800;PFAS;Perfluornonansäure(PFNA);0.005;<0.005;;µg/L;12009021608;22009020195;401712389;False;375-95-1;PFNA;SpurenstoffeOrganisch;2009-02-26;2009
WASSER;GEW_RHEIN_IWB;47.56209433302646, 7.630371436664465;2614431;1267949;26.02.2009;07:25;STICHPROBE;202525;PFAS;Perfluorbutansäure(PFBA);0.005;<0.005;;µg/L;12009021608;22009020195;401712381;False;375-22-4;PFBA;SpurenstoffeOrganisch;2009-02-26;2009
WASSER;GEW_RHEIN_IWB;47.56209433302646, 7.630371436664465;2614431;1267949;26.02.2009;07:25;STICHPROBE;202550;PFAS;Perfluorbutansulfonsäure(PFBS);0.005;<0.005;;µg/L;12009021608;22009020195;401712383;False;375-73-5;PFBS;SpurenstoffeOrganisch;2009-02-26;2009
WASSER;GEW_RHEIN_IWB;47.56209433302646, 7.630371436664465;2614431;1267949;26.02.2009;07:25;STICHPROBE;202750;PFAS;Perfluorhexansäure(PFHA);0.005;<0.005;;µg/L;12009021608;22009020195;401712384;False;307-24-4;PFHxA;SpurenstoffeOrganisch;2009-02-26;2009
WASSER;GEW_RHEIN_IWB;47.56209433302646, 7.630371436664465;2614431;1267949;26.02.2009;07:25;STICHPROBE;202775;PFAS;Perfluorhexansulfonsäure(PFHS);0.005;<0.005;;µg/L;12009021608;22009020195;401712386;False;355-46-4;PFHxS;SpurenstoffeOrganisch;2009-02-26;2009
WASSER;GEW_RHEIN_IWB;47.56209433302646, 7.630371436664465;2614431;1267949;26.02.2009;07:25;STICHPROBE;202925;PFAS;Perfluoroctansulfonsäure(PFOS);0.01;<0.010;;µg/L;12009021608;22009020195;401712388;False;1763-23-1;PFOS;SpurenstoffeOrganisch;2009-02-26;2009
WASSER;GEW_RHEIN_IWB;47.56209433302646, 7.630371436664465;2614431;1267949;26.02.2009;07:25;STICHPROBE;202950;PFAS;Perfluorpentansäure(PFPEA);0.005;<0.005;;µg/L;12009021608;22009020195;401712382;False;2706-90-3;PFPeA;SpurenstoffeOrganisch;2009-02-26;2009
WASSER;GEW_RHEIN_IWB;47.56209433302646, 7.630371436664465;2614431;1267949;27.01.2009;08:45;STICHPROBE;202525;PFAS;Perfluorbutansäure(PFBA);0.005;<0.005;;µg/L;12009012602;22009010236;401703302;False;375-22-4;PFBA;SpurenstoffeOrganisch;2009-01-27;2009
WASSER;GEW_RHEIN_IWB;47.56209433302646, 7.630371436664465;2614431;1267949;27.01.2009;08:45;STICHPROBE;202625;PFAS;Perfluordodekansäure(PFDDA);0.005;<0.005;;µg/L;12009012602;22009010236;401703312;False;307-55-1;PFDoA;SpurenstoffeOrganisch;2009-01-27;2009
WASSER;GEW_RHEIN_IWB;47.56209433302646, 7.630371436664465;2614431;1267949;27.01.2009;08:45;STICHPROBE;202675;PFAS;Perfluorheptansäure(PFHPA);0.005;<0.005;;µg/L;12009012602;22009010236;401703306;False;375-85-9;PFHpA;SpurenstoffeOrganisch;2009-01-27;2009
WASSER;GEW_RHEIN_IWB;47.56209433302646, 7.630371436664465;2614431;1267949;27.01.2009;08:45;STICHPROBE;202800;PFAS;Perfluornonansäure(PFNA);0.005;0.006;0.006;µg/L;12009012602;22009010236;401703310;False;375-95-1;PFNA;SpurenstoffeOrganisch;2009-01-27;2009
WASSER;GEW_RHEIN_IWB;47.56209433302646, 7.630371436664465;2614431;1267949;27.01.2009;08:45;STICHPROBE;202550;PFAS;Perfluorbutansulfonsäure(PFBS);0.01;<0.010;;µg/L;12009012602;22009010236;401703304;False;375-73-5;PFBS;SpurenstoffeOrganisch;2009-01-27;2009
WASSER;GEW_RHEIN_IWB;47.56209433302646, 7.630371436664465;2614431;1267949;27.01.2009;08:45;STICHPROBE;202950;PFAS;Perfluorpentansäure(PFPEA);0.005;<0.005;;µg/L;12009012602;22009010236;401703303;False;2706-90-3;PFPeA;SpurenstoffeOrganisch;2009-01-27;2009
WASSER;GEW_RHEIN_IWB;47.56209433302646, 7.630371436664465;2614431;1267949;27.01.2009;08:45;STICHPROBE;202575;PFAS;Perfluordekansäure(PFDA);0.005;<0.005;;µg/L;12009012602;22009010236;401703311;False;335-76-2;PFDA;SpurenstoffeOrganisch;2009-01-27;2009
WASSER;GEW_RHEIN_IWB;47.56209433302646, 7.630371436664465;2614431;1267949;27.01.2009;08:45;STICHPROBE;202750;PFAS;Perfluorhexansäure(PFHA);0.005;<0.005;;µg/L;12009012602;22009010236;401703305;False;307-24-4;PFHxA;SpurenstoffeOrganisch;2009-01-27;2009
WASSER;GEW_RHEIN_IWB;47.56209433302646, 7.630371436664465;2614431;1267949;27.01.2009;08:45;STICHPROBE;202775;PFAS;Perfluorhexansulfonsäure(PFHS);0.01;<0.010;;µg/L;12009012602;22009010236;401703307;False;355-46-4;PFHxS;SpurenstoffeOrganisch;2009-01-27;2009
WASSER;GEW_RHEIN_IWB;47.56209433302646, 7.630371436664465;2614431;1267949;27.01.2009;08:45;STICHPROBE;202875;PFAS;Perfluoroctansäure(PFOA);0.01;<0.010;;µg/L;12009012602;22009010236;401703308;False;335-67-1;PFOA;SpurenstoffeOrganisch;2009-01-27;2009
WASSER;GEW_RHEIN_IWB;47.56209433302646, 7.630371436664465;2614431;1267949;27.01.2009;08:45;STICHPROBE;202925;PFAS;Perfluoroctansulfonsäure(PFOS);0.01;<0.010;;µg/L;12009012602;22009010236;401703309;False;1763-23-1;PFOS;SpurenstoffeOrganisch;2009-01-27;2009
WASSER;GEW_RHEIN_IWB;47.56209433302646, 7.630371436664465;2614431;1267949;05.01.2009;09:15;STICHPROBE;202550;PFAS;Perfluorbutansulfonsäure(PFBS);0.005;<0.005;;µg/L;12009010504;22009010019;401696242;False;375-73-5;PFBS;SpurenstoffeOrganisch;2009-01-05;2009
WASSER;GEW_RHEIN_IWB;47.56209433302646, 7.630371436664465;2614431;1267949;05.01.2009;09:15;STICHPROBE;202675;PFAS;Perfluorheptansäure(PFHPA);0.005;<0.005;;µg/L;12009010504;22009010019;401696244;False;375-85-9;PFHpA;SpurenstoffeOrganisch;2009-01-05;2009
WASSER;GEW_RHEIN_IWB;47.56209433302646, 7.630371436664465;2614431;1267949;05.01.2009;09:15;STICHPROBE;202750;PFAS;Perfluorhexansäure(PFHA);0.005;<0.005;;µg/L;12009010504;22009010019;401696243;False;307-24-4;PFHxA;SpurenstoffeOrganisch;2009-01-05;2009
WASSER;GEW_RHEIN_IWB;47.56209433302646, 7.630371436664465;2614431;1267949;05.01.2009;09:15;STICHPROBE;202775;PFAS;Perfluorhexansulfonsäure(PFHS);0.005;<0.005;;µg/L;12009010504;22009010019;401696245;False;355-46-4;PFHxS;SpurenstoffeOrganisch;2009-01-05;2009
WASSER;GEW_RHEIN_IWB;47.56209433302646, 7.630371436664465;2614431;1267949;05.01.2009;09:15;STICHPROBE;202875;PFAS;Perfluoroctansäure(PFOA);0.01;<0.010;;µg/L;12009010504;22009010019;401696246;False;335-67-1;PFOA;SpurenstoffeOrganisch;2009-01-05;2009
WASSER;GEW_RHEIN_IWB;47.56209433302646, 7.630371436664465;2614431;1267949;05.01.2009;09:15;STICHPROBE;202575;PFAS;Perfluordekansäure(PFDA);0.005;<0.005;;µg/L;12009010504;22009010019;401696249;False;335-76-2;PFDA;SpurenstoffeOrganisch;2009-01-05;2009
WASSER;GEW_RHEIN_IWB;47.56209433302646, 7.630371436664465;2614431;1267949;05.01.2009;09:15;STICHPROBE;202925;PFAS;Perfluoroctansulfonsäure(PFOS);0.01;<0.010;;µg/L;12009010504;22009010019;401696247;False;1763-23-1;PFOS;SpurenstoffeOrganisch;2009-01-05;2009
WASSER;GEW_RHEIN_IWB;47.56209433302646, 7.630371436664465;2614431;1267949;05.01.2009;09:15;STICHPROBE;202625;PFAS;Perfluordodekansäure(PFDDA);0.005;<0.005;;µg/L;12009010504;22009010019;401696250;False;307-55-1;PFDoA;SpurenstoffeOrganisch;2009-01-05;2009
WASSER;GEW_RHEIN_IWB;47.56209433302646, 7.630371436664465;2614431;1267949;05.01.2009;09:15;STICHPROBE;202800;PFAS;Perfluornonansäure(PFNA);0.005;<0.005;;µg/L;12009010504;22009010019;401696248;False;375-95-1;PFNA;SpurenstoffeOrganisch;2009-01-05;2009
WASSER;GEW_RHEIN_IWB;47.56209433302646, 7.630371436664465;2614431;1267949;18.12.2008;10:40;STICHPROBE;202625;PFAS;Perfluordodekansäure(PFDDA);0.005;0.005;0.005;µg/L;12008120902;22008120180;401689999;False;307-55-1;PFDoA;SpurenstoffeOrganisch;2008-12-18;2008
WASSER;GEW_RHEIN_IWB;47.56209433302646, 7.630371436664465;2614431;1267949;18.12.2008;10:40;STICHPROBE;202775;PFAS;Perfluorhexansulfonsäure(PFHS);0.005;<0.005;;µg/L;12008120902;22008120180;401689994;False;355-46-4;PFHxS;SpurenstoffeOrganisch;2008-12-18;2008
WASSER;GEW_RHEIN_IWB;47.56209433302646, 7.630371436664465;2614431;1267949;18.12.2008;10:40;STICHPROBE;202925;PFAS;Perfluoroctansulfonsäure(PFOS);0.005;<0.005;;µg/L;12008120902;22008120180;401689996;False;1763-23-1;PFOS;SpurenstoffeOrganisch;2008-12-18;2008
WASSER;GEW_RHEIN_IWB;47.56209433302646, 7.630371436664465;2614431;1267949;18.12.2008;10:40;STICHPROBE;202575;PFAS;Perfluordekansäure(PFDA);0.005;<0.005;;µg/L;12008120902;22008120180;401689998;False;335-76-2;PFDA;SpurenstoffeOrganisch;2008-12-18;2008
WASSER;GEW_RHEIN_IWB;47.56209433302646, 7.630371436664465;2614431;1267949;18.12.2008;10:40;STICHPROBE;202675;PFAS;Perfluorheptansäure(PFHPA);0.005;<0.005;;µg/L;12008120902;22008120180;401689993;False;375-85-9;PFHpA;SpurenstoffeOrganisch;2008-12-18;2008
WASSER;GEW_RHEIN_IWB;47.56209433302646, 7.630371436664465;2614431;1267949;18.12.2008;10:40;STICHPROBE;202800;PFAS;Perfluornonansäure(PFNA);0.005;<0.005;;µg/L;12008120902;22008120180;401689997;False;375-95-1;PFNA;SpurenstoffeOrganisch;2008-12-18;2008
WASSER;GEW_RHEIN_IWB;47.56209433302646, 7.630371436664465;2614431;1267949;18.12.2008;10:40;STICHPROBE;202550;PFAS;Perfluorbutansulfonsäure(PFBS);0.005;<0.005;;µg/L;12008120902;22008120180;401689991;False;375-73-5;PFBS;SpurenstoffeOrganisch;2008-12-18;2008
WASSER;GEW_RHEIN_IWB;47.56209433302646, 7.630371436664465;2614431;1267949;18.12.2008;10:40;STICHPROBE;202750;PFAS;Perfluorhexansäure(PFHA);0.005;<0.005;;µg/L;12008120902;22008120180;401689992;False;307-24-4;PFHxA;SpurenstoffeOrganisch;2008-12-18;2008
WASSER;GEW_RHEIN_IWB;47.56209433302646, 7.630371436664465;2614431;1267949;18.12.2008;10:40;STICHPROBE;202875;PFAS;Perfluoroctansäure(PFOA);0.005;<0.005;;µg/L;12008120902;22008120180;401689995;False;335-67-1;PFOA;SpurenstoffeOrganisch;2008-12-18;2008
WASSER;GEW_RHEIN_IWB;47.56209433302646, 7.630371436664465;2614431;1267949;18.11.2008;08:45;STICHPROBE;202550;PFAS;Perfluorbutansulfonsäure(PFBS);0.005;<0.005;;µg/L;12008111004;22008110088;401680016;False;375-73-5;PFBS;SpurenstoffeOrganisch;2008-11-18;2008
WASSER;GEW_RHEIN_IWB;47.56209433302646, 7.630371436664465;2614431;1267949;18.11.2008;08:45;STICHPROBE;202625;PFAS;Perfluordodekansäure(PFDDA);0.005;<0.005;;µg/L;12008111004;22008110088;401680024;False;307-55-1;PFDoA;SpurenstoffeOrganisch;2008-11-18;2008
WASSER;GEW_RHEIN_IWB;47.56209433302646, 7.630371436664465;2614431;1267949;18.11.2008;08:45;STICHPROBE;202750;PFAS;Perfluorhexansäure(PFHA);0.005;<0.005;;µg/L;12008111004;22008110088;401680017;False;307-24-4;PFHxA;SpurenstoffeOrganisch;2008-11-18;2008
WASSER;GEW_RHEIN_IWB;47.56209433302646, 7.630371436664465;2614431;1267949;18.11.2008;08:45;STICHPROBE;202800;PFAS;Perfluornonansäure(PFNA);0.005;<0.005;;µg/L;12008111004;22008110088;401680022;False;375-95-1;PFNA;SpurenstoffeOrganisch;2008-11-18;2008
WASSER;GEW_RHEIN_IWB;47.56209433302646, 7.630371436664465;2614431;1267949;18.11.2008;08:45;STICHPROBE;202925;PFAS;Perfluoroctansulfonsäure(PFOS);0.005;<0.005;;µg/L;12008111004;22008110088;401680021;False;1763-23-1;PFOS;SpurenstoffeOrganisch;2008-11-18;2008
WASSER;GEW_RHEIN_IWB;47.56209433302646, 7.630371436664465;2614431;1267949;18.11.2008;08:45;STICHPROBE;202775;PFAS;Perfluorhexansulfonsäure(PFHS);0.005;<0.005;;µg/L;12008111004;22008110088;401680019;False;355-46-4;PFHxS;SpurenstoffeOrganisch;2008-11-18;2008
WASSER;GEW_RHEIN_IWB;47.56209433302646, 7.630371436664465;2614431;1267949;18.11.2008;08:45;STICHPROBE;202875;PFAS;Perfluoroctansäure(PFOA);0.005;<0.005;;µg/L;12008111004;22008110088;401680020;False;335-67-1;PFOA;SpurenstoffeOrganisch;2008-11-18;2008
WASSER;GEW_RHEIN_IWB;47.56209433302646, 7.630371436664465;2614431;1267949;18.11.2008;08:45;STICHPROBE;202575;PFAS;Perfluordekansäure(PFDA);0.005;<0.005;;µg/L;12008111004;22008110088;401680023;False;335-76-2;PFDA;SpurenstoffeOrganisch;2008-11-18;2008
WASSER;GEW_RHEIN_IWB;47.56209433302646, 7.630371436664465;2614431;1267949;18.11.2008;08:45;STICHPROBE;202675;PFAS;Perfluorheptansäure(PFHPA);0.005;<0.005;;µg/L;12008111004;22008110088;401680018;False;375-85-9;PFHpA;SpurenstoffeOrganisch;2008-11-18;2008
WASSER;GEW_RHEIN_IWB;47.56209433302646, 7.630371436664465;2614431;1267949;24.10.2008;07:40;STICHPROBE;202675;PFAS;Perfluorheptansäure(PFHPA);0.005;<0.005;;µg/L;12008102302;22008100200;401674020;False;375-85-9;PFHpA;SpurenstoffeOrganisch;2008-10-24;2008
WASSER;GEW_RHEIN_IWB;47.56209433302646, 7.630371436664465;2614431;1267949;24.10.2008;07:40;STICHPROBE;202750;PFAS;Perfluorhexansäure(PFHA);0.005;<0.005;;µg/L;12008102302;22008100200;401674019;False;307-24-4;PFHxA;SpurenstoffeOrganisch;2008-10-24;2008
WASSER;GEW_RHEIN_IWB;47.56209433302646, 7.630371436664465;2614431;1267949;24.10.2008;07:40;STICHPROBE;202800;PFAS;Perfluornonansäure(PFNA);0.005;<0.005;;µg/L;12008102302;22008100200;401674024;False;375-95-1;PFNA;SpurenstoffeOrganisch;2008-10-24;2008
WASSER;GEW_RHEIN_IWB;47.56209433302646, 7.630371436664465;2614431;1267949;24.10.2008;07:40;STICHPROBE;202625;PFAS;Perfluordodekansäure(PFDDA);0.005;<0.005;;µg/L;12008102302;22008100200;401674026;False;307-55-1;PFDoA;SpurenstoffeOrganisch;2008-10-24;2008
WASSER;GEW_RHEIN_IWB;47.56209433302646, 7.630371436664465;2614431;1267949;24.10.2008;07:40;STICHPROBE;202875;PFAS;Perfluoroctansäure(PFOA);0.005;<0.005;;µg/L;12008102302;22008100200;401674022;False;335-67-1;PFOA;SpurenstoffeOrganisch;2008-10-24;2008
WASSER;GEW_RHEIN_IWB;47.56209433302646, 7.630371436664465;2614431;1267949;24.10.2008;07:40;STICHPROBE;202925;PFAS;Perfluoroctansulfonsäure(PFOS);0.005;<0.005;;µg/L;12008102302;22008100200;401674023;False;1763-23-1;PFOS;SpurenstoffeOrganisch;2008-10-24;2008
WASSER;GEW_RHEIN_IWB;47.56209433302646, 7.630371436664465;2614431;1267949;24.10.2008;07:40;STICHPROBE;202550;PFAS;Perfluorbutansulfonsäure(PFBS);0.005;<0.005;;µg/L;12008102302;22008100200;401674018;False;375-73-5;PFBS;SpurenstoffeOrganisch;2008-10-24;2008
WASSER;GEW_RHEIN_IWB;47.56209433302646, 7.630371436664465;2614431;1267949;24.10.2008;07:40;STICHPROBE;202575;PFAS;Perfluordekansäure(PFDA);0.005;<0.005;;µg/L;12008102302;22008100200;401674025;False;335-76-2;PFDA;SpurenstoffeOrganisch;2008-10-24;2008
WASSER;GEW_RHEIN_IWB;47.56209433302646, 7.630371436664465;2614431;1267949;24.10.2008;07:40;STICHPROBE;202775;PFAS;Perfluorhexansulfonsäure(PFHS);0.005;<0.005;;µg/L;12008102302;22008100200;401674021;False;355-46-4;PFHxS;SpurenstoffeOrganisch;2008-10-24;2008
WASSER;GEW_RHEIN_IWB;47.56209433302646, 7.630371436664465;2614431;1267949;24.09.2008;09:05;STICHPROBE;202750;PFAS;Perfluorhexansäure(PFHA);0.005;<0.005;;µg/L;12008091504;22008090343;401660347;False;307-24-4;PFHxA;SpurenstoffeOrganisch;2008-09-24;2008
WASSER;GEW_RHEIN_IWB;47.56209433302646, 7.630371436664465;2614431;1267949;24.09.2008;09:05;STICHPROBE;202800;PFAS;Perfluornonansäure(PFNA);0.005;<0.005;;µg/L;12008091504;22008090343;401660352;False;375-95-1;PFNA;SpurenstoffeOrganisch;2008-09-24;2008
WASSER;GEW_RHEIN_IWB;47.56209433302646, 7.630371436664465;2614431;1267949;24.09.2008;09:05;STICHPROBE;202550;PFAS;Perfluorbutansulfonsäure(PFBS);0.005;<0.005;;µg/L;12008091504;22008090343;401660346;False;375-73-5;PFBS;SpurenstoffeOrganisch;2008-09-24;2008
WASSER;GEW_RHEIN_IWB;47.56209433302646, 7.630371436664465;2614431;1267949;24.09.2008;09:05;STICHPROBE;202625;PFAS;Perfluordodekansäure(PFDDA);0.005;<0.005;;µg/L;12008091504;22008090343;401660354;False;307-55-1;PFDoA;SpurenstoffeOrganisch;2008-09-24;2008
WASSER;GEW_RHEIN_IWB;47.56209433302646, 7.630371436664465;2614431;1267949;24.09.2008;09:05;STICHPROBE;202675;PFAS;Perfluorheptansäure(PFHPA);0.005;<0.005;;µg/L;12008091504;22008090343;401660348;False;375-85-9;PFHpA;SpurenstoffeOrganisch;2008-09-24;2008
WASSER;GEW_RHEIN_IWB;47.56209433302646, 7.630371436664465;2614431;1267949;24.09.2008;09:05;STICHPROBE;202575;PFAS;Perfluordekansäure(PFDA);0.005;<0.005;;µg/L;12008091504;22008090343;401660353;False;335-76-2;PFDA;SpurenstoffeOrganisch;2008-09-24;2008
WASSER;GEW_RHEIN_IWB;47.56209433302646, 7.630371436664465;2614431;1267949;24.09.2008;09:05;STICHPROBE;202775;PFAS;Perfluorhexansulfonsäure(PFHS);0.005;<0.005;;µg/L;12008091504;22008090343;401660349;False;355-46-4;PFHxS;SpurenstoffeOrganisch;2008-09-24;2008
WASSER;GEW_RHEIN_IWB;47.56209433302646, 7.630371436664465;2614431;1267949;24.09.2008;09:05;STICHPROBE;202875;PFAS;Perfluoroctansäure(PFOA);0.005;<0.005;;µg/L;12008091504;22008090343;401660350;False;335-67-1;PFOA;SpurenstoffeOrganisch;2008-09-24;2008
WASSER;GEW_RHEIN_IWB;47.56209433302646, 7.630371436664465;2614431;1267949;24.09.2008;09:05;STICHPROBE;202925;PFAS;Perfluoroctansulfonsäure(PFOS);0.005;<0.005;;µg/L;12008091504;22008090343;401660351;False;1763-23-1;PFOS;SpurenstoffeOrganisch;2008-09-24;2008
WASSER;GEW_RHEIN_IWB;47.56209433302646, 7.630371436664465;2614431;1267949;29.08.2008;09:10;STICHPROBE;202525;PFAS;Perfluorbutansäure(PFBA);0.01;<0.010;;µg/L;12008082802;22008080347;401650488;False;375-22-4;PFBA;SpurenstoffeOrganisch;2008-08-29;2008
WASSER;GEW_RHEIN_IWB;47.56209433302646, 7.630371436664465;2614431;1267949;29.08.2008;09:10;STICHPROBE;202775;PFAS;Perfluorhexansulfonsäure(PFHS);0.01;<0.010;;µg/L;12008082802;22008080347;401650493;False;355-46-4;PFHxS;SpurenstoffeOrganisch;2008-08-29;2008
WASSER;GEW_RHEIN_IWB;47.56209433302646, 7.630371436664465;2614431;1267949;29.08.2008;09:10;STICHPROBE;202875;PFAS;Perfluoroctansäure(PFOA);0.01;<0.010;;µg/L;12008082802;22008080347;401650494;False;335-67-1;PFOA;SpurenstoffeOrganisch;2008-08-29;2008
WASSER;GEW_RHEIN_IWB;47.56209433302646, 7.630371436664465;2614431;1267949;29.08.2008;09:10;STICHPROBE;202925;PFAS;Perfluoroctansulfonsäure(PFOS);0.01;<0.010;;µg/L;12008082802;22008080347;401650495;False;1763-23-1;PFOS;SpurenstoffeOrganisch;2008-08-29;2008
WASSER;GEW_RHEIN_IWB;47.56209433302646, 7.630371436664465;2614431;1267949;29.08.2008;09:10;STICHPROBE;202950;PFAS;Perfluorpentansäure(PFPEA);0.01;<0.010;;µg/L;12008082802;22008080347;401650489;False;2706-90-3;PFPeA;SpurenstoffeOrganisch;2008-08-29;2008
WASSER;GEW_RHEIN_IWB;47.56209433302646, 7.630371436664465;2614431;1267949;29.08.2008;09:10;STICHPROBE;202550;PFAS;Perfluorbutansulfonsäure(PFBS);0.01;<0.010;;µg/L;12008082802;22008080347;401650490;False;375-73-5;PFBS;SpurenstoffeOrganisch;2008-08-29;2008
WASSER;GEW_RHEIN_IWB;47.56209433302646, 7.630371436664465;2614431;1267949;29.08.2008;09:10;STICHPROBE;202800;PFAS;Perfluornonansäure(PFNA);0.01;<0.010;;µg/L;12008082802;22008080347;401650496;False;375-95-1;PFNA;SpurenstoffeOrganisch;2008-08-29;2008
WASSER;GEW_AUBACH_IN_DER_AU;47.58575070322978, 7.659170111406881;2616591;1270585;19.08.2008;14:15;STICHPROBE;202525;PFAS;Perfluorbutansäure(PFBA);0.01;<0.010;;µg/L;12008073002;22008080163;401645568;False;375-22-4;PFBA;SpurenstoffeOrganisch;2008-08-19;2008
WASSER;GEW_AUBACH_IN_DER_AU;47.58575070322978, 7.659170111406881;2616591;1270585;19.08.2008;14:15;STICHPROBE;202550;PFAS;Perfluorbutansulfonsäure(PFBS);0.01;<0.010;;µg/L;12008073002;22008080163;401645570;False;375-73-5;PFBS;SpurenstoffeOrganisch;2008-08-19;2008
WASSER;GEW_WIESE_GAERTNERSTR;47.58129766746938, 7.592810289179551;2611600;1270078;19.08.2008;11:50;STICHPROBE;202775;PFAS;Perfluorhexansulfonsäure(PFHS);0.01;<0.010;;µg/L;12008073002;22008080161;401645058;False;355-46-4;PFHxS;SpurenstoffeOrganisch;2008-08-19;2008
WASSER;GEW_WIESE_GAERTNERSTR;47.58129766746938, 7.592810289179551;2611600;1270078;19.08.2008;11:50;STICHPROBE;202800;PFAS;Perfluornonansäure(PFNA);0.01;<0.010;;µg/L;12008073002;22008080161;401645061;False;375-95-1;PFNA;SpurenstoffeOrganisch;2008-08-19;2008
WASSER;GEW_WIESE_GAERTNERSTR;47.58129766746938, 7.592810289179551;2611600;1270078;19.08.2008;11:50;STICHPROBE;202875;PFAS;Perfluoroctansäure(PFOA);0.01;<0.010;;µg/L;12008073002;22008080161;401645059;False;335-67-1;PFOA;SpurenstoffeOrganisch;2008-08-19;2008
WASSER;GEW_AUBACH_IN_DER_AU;47.58575070322978, 7.659170111406881;2616591;1270585;19.08.2008;14:15;STICHPROBE;202875;PFAS;Perfluoroctansäure(PFOA);0.01;<0.010;;µg/L;12008073002;22008080163;401645574;False;335-67-1;PFOA;SpurenstoffeOrganisch;2008-08-19;2008
WASSER;GEW_AUBACH_IN_DER_AU;47.58575070322978, 7.659170111406881;2616591;1270585;19.08.2008;14:15;STICHPROBE;202950;PFAS;Perfluorpentansäure(PFPEA);0.01;<0.010;;µg/L;12008073002;22008080163;401645569;False;2706-90-3;PFPeA;SpurenstoffeOrganisch;2008-08-19;2008
WASSER;GEW_WIESE_GAERTNERSTR;47.58129766746938, 7.592810289179551;2611600;1270078;19.08.2008;11:50;STICHPROBE;202525;PFAS;Perfluorbutansäure(PFBA);0.01;<0.010;;µg/L;12008073002;22008080161;401645053;False;375-22-4;PFBA;SpurenstoffeOrganisch;2008-08-19;2008
WASSER;GEW_AUBACH_IN_DER_AU;47.58575070322978, 7.659170111406881;2616591;1270585;19.08.2008;14:15;STICHPROBE;202800;PFAS;Perfluornonansäure(PFNA);0.01;<0.010;;µg/L;12008073002;22008080163;401645576;False;375-95-1;PFNA;SpurenstoffeOrganisch;2008-08-19;2008
WASSER;GEW_WIESE_GAERTNERSTR;47.58129766746938, 7.592810289179551;2611600;1270078;19.08.2008;11:50;STICHPROBE;202550;PFAS;Perfluorbutansulfonsäure(PFBS);0.01;<0.010;;µg/L;12008073002;22008080161;401645055;False;375-73-5;PFBS;SpurenstoffeOrganisch;2008-08-19;2008
WASSER;GEW_AUBACH_IN_DER_AU;47.58575070322978, 7.659170111406881;2616591;1270585;19.08.2008;14:15;STICHPROBE;202775;PFAS;Perfluorhexansulfonsäure(PFHS);0.01;<0.010;;µg/L;12008073002;22008080163;401645573;False;355-46-4;PFHxS;SpurenstoffeOrganisch;2008-08-19;2008
WASSER;GEW_WIESE_GAERTNERSTR;47.58129766746938, 7.592810289179551;2611600;1270078;19.08.2008;11:50;STICHPROBE;202925;PFAS;Perfluoroctansulfonsäure(PFOS);0.01;<0.010;;µg/L;12008073002;22008080161;401645060;False;1763-23-1;PFOS;SpurenstoffeOrganisch;2008-08-19;2008
WASSER;GEW_AUBACH_IN_DER_AU;47.58575070322978, 7.659170111406881;2616591;1270585;19.08.2008;14:15;STICHPROBE;202925;PFAS;Perfluoroctansulfonsäure(PFOS);0.01;<0.010;;µg/L;12008073002;22008080163;401645575;False;1763-23-1;PFOS;SpurenstoffeOrganisch;2008-08-19;2008
WASSER;GEW_WIESE_GAERTNERSTR;47.58129766746938, 7.592810289179551;2611600;1270078;19.08.2008;11:50;STICHPROBE;202950;PFAS;Perfluorpentansäure(PFPEA);0.01;<0.010;;µg/L;12008073002;22008080161;401645054;False;2706-90-3;PFPeA;SpurenstoffeOrganisch;2008-08-19;2008
WASSER;GEW_RHEIN_IWB;47.56209433302646, 7.630371436664465;2614431;1267949;31.07.2008;08:00;STICHPROBE;202775;PFAS;Perfluorhexansulfonsäure(PFHS);0.01;<0.010;;µg/L;12008073002;22008070236;401634534;False;355-46-4;PFHxS;SpurenstoffeOrganisch;2008-07-31;2008
WASSER;GEW_RHEIN_IWB;47.56209433302646, 7.630371436664465;2614431;1267949;31.07.2008;08:00;STICHPROBE;202800;PFAS;Perfluornonansäure(PFNA);0.01;<0.010;;µg/L;12008073002;22008070236;401634537;False;375-95-1;PFNA;SpurenstoffeOrganisch;2008-07-31;2008
WASSER;GEW_RHEIN_IWB;47.56209433302646, 7.630371436664465;2614431;1267949;31.07.2008;08:00;STICHPROBE;202875;PFAS;Perfluoroctansäure(PFOA);0.01;<0.010;;µg/L;12008073002;22008070236;401634535;False;335-67-1;PFOA;SpurenstoffeOrganisch;2008-07-31;2008
WASSER;GEW_RHEIN_IWB;47.56209433302646, 7.630371436664465;2614431;1267949;31.07.2008;08:00;STICHPROBE;202525;PFAS;Perfluorbutansäure(PFBA);0.01;<0.010;;µg/L;12008073002;22008070236;401634529;False;375-22-4;PFBA;SpurenstoffeOrganisch;2008-07-31;2008
WASSER;GEW_RHEIN_IWB;47.56209433302646, 7.630371436664465;2614431;1267949;31.07.2008;08:00;STICHPROBE;202550;PFAS;Perfluorbutansulfonsäure(PFBS);0.01;<0.010;;µg/L;12008073002;22008070236;401634531;False;375-73-5;PFBS;SpurenstoffeOrganisch;2008-07-31;2008
WASSER;GEW_RHEIN_IWB;47.56209433302646, 7.630371436664465;2614431;1267949;31.07.2008;08:00;STICHPROBE;202925;PFAS;Perfluoroctansulfonsäure(PFOS);0.01;<0.010;;µg/L;12008073002;22008070236;401634536;False;1763-23-1;PFOS;SpurenstoffeOrganisch;2008-07-31;2008
WASSER;GEW_RHEIN_IWB;47.56209433302646, 7.630371436664465;2614431;1267949;31.07.2008;08:00;STICHPROBE;202950;PFAS;Perfluorpentansäure(PFPEA);0.01;<0.010;;µg/L;12008073002;22008070236;401634530;False;2706-90-3;PFPeA;SpurenstoffeOrganisch;2008-07-31;2008
WASSER;GEW_AUBACH_IN_DER_AU;47.58575070322978, 7.659170111406881;2616591;1270585;08.07.2008;13:50;STICHPROBE;202525;PFAS;Perfluorbutansäure(PFBA);0.01;<0.010;;µg/L;12008063002;22008070065;401628041;False;375-22-4;PFBA;SpurenstoffeOrganisch;2008-07-08;2008
WASSER;GEW_WIESE_GAERTNERSTR;47.58129766746938, 7.592810289179551;2611600;1270078;08.07.2008;09:05;STICHPROBE;202525;PFAS;Perfluorbutansäure(PFBA);0.01;<0.010;;µg/L;12008063002;22008070049;401627297;False;375-22-4;PFBA;SpurenstoffeOrganisch;2008-07-08;2008
WASSER;GEW_AUBACH_IN_DER_AU;47.58575070322978, 7.659170111406881;2616591;1270585;08.07.2008;13:50;STICHPROBE;202550;PFAS;Perfluorbutansulfonsäure(PFBS);0.01;<0.010;;µg/L;12008063002;22008070065;401628043;False;375-73-5;PFBS;SpurenstoffeOrganisch;2008-07-08;2008
WASSER;GEW_WIESE_GAERTNERSTR;47.58129766746938, 7.592810289179551;2611600;1270078;08.07.2008;09:05;STICHPROBE;202800;PFAS;Perfluornonansäure(PFNA);0.01;<0.010;;µg/L;12008063002;22008070049;401627305;False;375-95-1;PFNA;SpurenstoffeOrganisch;2008-07-08;2008
WASSER;GEW_AUBACH_IN_DER_AU;47.58575070322978, 7.659170111406881;2616591;1270585;08.07.2008;13:50;STICHPROBE;202925;PFAS;Perfluoroctansulfonsäure(PFOS);0.01;<0.010;;µg/L;12008063002;22008070065;401628048;False;1763-23-1;PFOS;SpurenstoffeOrganisch;2008-07-08;2008
WASSER;GEW_WIESE_GAERTNERSTR;47.58129766746938, 7.592810289179551;2611600;1270078;08.07.2008;09:05;STICHPROBE;202775;PFAS;Perfluorhexansulfonsäure(PFHS);0.01;<0.010;;µg/L;12008063002;22008070049;401627302;False;355-46-4;PFHxS;SpurenstoffeOrganisch;2008-07-08;2008
WASSER;GEW_AUBACH_IN_DER_AU;47.58575070322978, 7.659170111406881;2616591;1270585;08.07.2008;13:50;STICHPROBE;202800;PFAS;Perfluornonansäure(PFNA);0.01;<0.010;;µg/L;12008063002;22008070065;401628049;False;375-95-1;PFNA;SpurenstoffeOrganisch;2008-07-08;2008
WASSER;GEW_AUBACH_IN_DER_AU;47.58575070322978, 7.659170111406881;2616591;1270585;08.07.2008;13:50;STICHPROBE;202875;PFAS;Perfluoroctansäure(PFOA);0.01;<0.010;;µg/L;12008063002;22008070065;401628047;False;335-67-1;PFOA;SpurenstoffeOrganisch;2008-07-08;2008
WASSER;GEW_WIESE_GAERTNERSTR;47.58129766746938, 7.592810289179551;2611600;1270078;08.07.2008;09:05;STICHPROBE;202875;PFAS;Perfluoroctansäure(PFOA);0.01;<0.010;;µg/L;12008063002;22008070049;401627303;False;335-67-1;PFOA;SpurenstoffeOrganisch;2008-07-08;2008
WASSER;GEW_WIESE_GAERTNERSTR;47.58129766746938, 7.592810289179551;2611600;1270078;08.07.2008;09:05;STICHPROBE;202550;PFAS;Perfluorbutansulfonsäure(PFBS);0.01;<0.010;;µg/L;12008063002;22008070049;401627299;False;375-73-5;PFBS;SpurenstoffeOrganisch;2008-07-08;2008
WASSER;GEW_AUBACH_IN_DER_AU;47.58575070322978, 7.659170111406881;2616591;1270585;08.07.2008;13:50;STICHPROBE;202775;PFAS;Perfluorhexansulfonsäure(PFHS);0.01;<0.010;;µg/L;12008063002;22008070065;401628046;False;355-46-4;PFHxS;SpurenstoffeOrganisch;2008-07-08;2008
WASSER;GEW_WIESE_GAERTNERSTR;47.58129766746938, 7.592810289179551;2611600;1270078;08.07.2008;09:05;STICHPROBE;202925;PFAS;Perfluoroctansulfonsäure(PFOS);0.01;<0.010;;µg/L;12008063002;22008070049;401627304;False;1763-23-1;PFOS;SpurenstoffeOrganisch;2008-07-08;2008
WASSER;GEW_AUBACH_IN_DER_AU;47.58575070322978, 7.659170111406881;2616591;1270585;08.07.2008;13:50;STICHPROBE;202950;PFAS;Perfluorpentansäure(PFPEA);0.01;<0.010;;µg/L;12008063002;22008070065;401628042;False;2706-90-3;PFPeA;SpurenstoffeOrganisch;2008-07-08;2008
WASSER;GEW_WIESE_GAERTNERSTR;47.58129766746938, 7.592810289179551;2611600;1270078;08.07.2008;09:05;STICHPROBE;202950;PFAS;Perfluorpentansäure(PFPEA);0.01;<0.010;;µg/L;12008063002;22008070049;401627298;False;2706-90-3;PFPeA;SpurenstoffeOrganisch;2008-07-08;2008
WASSER;GEW_RHEIN_IWB;47.56209433302646, 7.630371436664465;2614431;1267949;01.07.2008;08:00;STICHPROBE;202550;PFAS;Perfluorbutansulfonsäure(PFBS);0.01;<0.010;;µg/L;12008063002;22008060299;401624941;False;375-73-5;PFBS;SpurenstoffeOrganisch;2008-07-01;2008
WASSER;GEW_RHEIN_IWB;47.56209433302646, 7.630371436664465;2614431;1267949;01.07.2008;08:00;STICHPROBE;202800;PFAS;Perfluornonansäure(PFNA);0.01;<0.010;;µg/L;12008063002;22008060299;401624947;False;375-95-1;PFNA;SpurenstoffeOrganisch;2008-07-01;2008
WASSER;GEW_RHEIN_IWB;47.56209433302646, 7.630371436664465;2614431;1267949;01.07.2008;08:00;STICHPROBE;202875;PFAS;Perfluoroctansäure(PFOA);0.01;<0.010;;µg/L;12008063002;22008060299;401624945;False;335-67-1;PFOA;SpurenstoffeOrganisch;2008-07-01;2008
WASSER;GEW_RHEIN_IWB;47.56209433302646, 7.630371436664465;2614431;1267949;01.07.2008;08:00;STICHPROBE;202525;PFAS;Perfluorbutansäure(PFBA);0.01;<0.010;;µg/L;12008063002;22008060299;401624939;False;375-22-4;PFBA;SpurenstoffeOrganisch;2008-07-01;2008
WASSER;GEW_RHEIN_IWB;47.56209433302646, 7.630371436664465;2614431;1267949;01.07.2008;08:00;STICHPROBE;202775;PFAS;Perfluorhexansulfonsäure(PFHS);0.01;<0.010;;µg/L;12008063002;22008060299;401624944;False;355-46-4;PFHxS;SpurenstoffeOrganisch;2008-07-01;2008
WASSER;GEW_RHEIN_IWB;47.56209433302646, 7.630371436664465;2614431;1267949;01.07.2008;08:00;STICHPROBE;202925;PFAS;Perfluoroctansulfonsäure(PFOS);0.01;<0.010;;µg/L;12008063002;22008060299;401624946;False;1763-23-1;PFOS;SpurenstoffeOrganisch;2008-07-01;2008
WASSER;GEW_RHEIN_IWB;47.56209433302646, 7.630371436664465;2614431;1267949;01.07.2008;08:00;STICHPROBE;202950;PFAS;Perfluorpentansäure(PFPEA);0.01;<0.010;;µg/L;12008063002;22008060299;401624940;False;2706-90-3;PFPeA;SpurenstoffeOrganisch;2008-07-01;2008
WASSER;GEW_WIESE_GAERTNERSTR;47.58129766746938, 7.592810289179551;2611600;1270078;10.06.2008;09:20;STICHPROBE;202750;PFAS;Perfluorhexansäure(PFHA);0.01;<0.010;;µg/L;12008060402;22008060083;401616355;False;307-24-4;PFHxA;SpurenstoffeOrganisch;2008-06-10;2008
WASSER;GEW_WIESE_GAERTNERSTR;47.58129766746938, 7.592810289179551;2611600;1270078;10.06.2008;09:20;STICHPROBE;202775;PFAS;Perfluorhexansulfonsäure(PFHS);0.01;<0.010;;µg/L;12008060402;22008060083;401616357;False;355-46-4;PFHxS;SpurenstoffeOrganisch;2008-06-10;2008
WASSER;GEW_WIESE_GAERTNERSTR;47.58129766746938, 7.592810289179551;2611600;1270078;10.06.2008;09:20;STICHPROBE;202525;PFAS;Perfluorbutansäure(PFBA);0.01;<0.010;;µg/L;12008060402;22008060083;401616352;False;375-22-4;PFBA;SpurenstoffeOrganisch;2008-06-10;2008
WASSER;GEW_WIESE_GAERTNERSTR;47.58129766746938, 7.592810289179551;2611600;1270078;10.06.2008;09:20;STICHPROBE;202800;PFAS;Perfluornonansäure(PFNA);0.01;<0.010;;µg/L;12008060402;22008060083;401616360;False;375-95-1;PFNA;SpurenstoffeOrganisch;2008-06-10;2008
WASSER;GEW_WIESE_GAERTNERSTR;47.58129766746938, 7.592810289179551;2611600;1270078;10.06.2008;09:20;STICHPROBE;202550;PFAS;Perfluorbutansulfonsäure(PFBS);0.01;<0.010;;µg/L;12008060402;22008060083;401616354;False;375-73-5;PFBS;SpurenstoffeOrganisch;2008-06-10;2008
WASSER;GEW_WIESE_GAERTNERSTR;47.58129766746938, 7.592810289179551;2611600;1270078;10.06.2008;09:20;STICHPROBE;202575;PFAS;Perfluordekansäure(PFDA);0.01;<0.010;;µg/L;12008060402;22008060083;401616361;False;335-76-2;PFDA;SpurenstoffeOrganisch;2008-06-10;2008
WASSER;GEW_WIESE_GAERTNERSTR;47.58129766746938, 7.592810289179551;2611600;1270078;10.06.2008;09:20;STICHPROBE;202625;PFAS;Perfluordodekansäure(PFDDA);0.01;<0.010;;µg/L;12008060402;22008060083;401616362;False;307-55-1;PFDoA;SpurenstoffeOrganisch;2008-06-10;2008
WASSER;GEW_WIESE_GAERTNERSTR;47.58129766746938, 7.592810289179551;2611600;1270078;10.06.2008;09:20;STICHPROBE;202675;PFAS;Perfluorheptansäure(PFHPA);0.01;<0.010;;µg/L;12008060402;22008060083;401616356;False;375-85-9;PFHpA;SpurenstoffeOrganisch;2008-06-10;2008
WASSER;GEW_WIESE_GAERTNERSTR;47.58129766746938, 7.592810289179551;2611600;1270078;10.06.2008;09:20;STICHPROBE;202875;PFAS;Perfluoroctansäure(PFOA);0.01;<0.010;;µg/L;12008060402;22008060083;401616358;False;335-67-1;PFOA;SpurenstoffeOrganisch;2008-06-10;2008
WASSER;GEW_WIESE_GAERTNERSTR;47.58129766746938, 7.592810289179551;2611600;1270078;10.06.2008;09:20;STICHPROBE;202925;PFAS;Perfluoroctansulfonsäure(PFOS);0.01;<0.010;;µg/L;12008060402;22008060083;401616359;False;1763-23-1;PFOS;SpurenstoffeOrganisch;2008-06-10;2008
WASSER;GEW_WIESE_GAERTNERSTR;47.58129766746938, 7.592810289179551;2611600;1270078;10.06.2008;09:20;STICHPROBE;202950;PFAS;Perfluorpentansäure(PFPEA);0.01;<0.010;;µg/L;12008060402;22008060083;401616353;False;2706-90-3;PFPeA;SpurenstoffeOrganisch;2008-06-10;2008
WASSER;GEW_RHEIN_IWB;47.56209433302646, 7.630371436664465;2614431;1267949;05.06.2008;08:00;STICHPROBE;202625;PFAS;Perfluordodekansäure(PFDDA);0.005;0.011;0.011;µg/L;12008060402;22008060028;401614860;False;307-55-1;PFDoA;SpurenstoffeOrganisch;2008-06-05;2008
WASSER;GEW_RHEIN_IWB;47.56209433302646, 7.630371436664465;2614431;1267949;05.06.2008;08:00;STICHPROBE;202675;PFAS;Perfluorheptansäure(PFHPA);0.01;<0.010;;µg/L;12008060402;22008060028;401614854;False;375-85-9;PFHpA;SpurenstoffeOrganisch;2008-06-05;2008
WASSER;GEW_RHEIN_IWB;47.56209433302646, 7.630371436664465;2614431;1267949;05.06.2008;08:00;STICHPROBE;202775;PFAS;Perfluorhexansulfonsäure(PFHS);0.01;<0.010;;µg/L;12008060402;22008060028;401614855;False;355-46-4;PFHxS;SpurenstoffeOrganisch;2008-06-05;2008
WASSER;GEW_RHEIN_IWB;47.56209433302646, 7.630371436664465;2614431;1267949;05.06.2008;08:00;STICHPROBE;202875;PFAS;Perfluoroctansäure(PFOA);0.01;<0.010;;µg/L;12008060402;22008060028;401614856;False;335-67-1;PFOA;SpurenstoffeOrganisch;2008-06-05;2008
WASSER;GEW_RHEIN_IWB;47.56209433302646, 7.630371436664465;2614431;1267949;05.06.2008;08:00;STICHPROBE;202925;PFAS;Perfluoroctansulfonsäure(PFOS);0.01;<0.010;;µg/L;12008060402;22008060028;401614857;False;1763-23-1;PFOS;SpurenstoffeOrganisch;2008-06-05;2008
WASSER;GEW_RHEIN_IWB;47.56209433302646, 7.630371436664465;2614431;1267949;05.06.2008;08:00;STICHPROBE;202525;PFAS;Perfluorbutansäure(PFBA);0.01;<0.010;;µg/L;12008060402;22008060028;401614850;False;375-22-4;PFBA;SpurenstoffeOrganisch;2008-06-05;2008
WASSER;GEW_RHEIN_IWB;47.56209433302646, 7.630371436664465;2614431;1267949;05.06.2008;08:00;STICHPROBE;202750;PFAS;Perfluorhexansäure(PFHA);0.01;<0.010;;µg/L;12008060402;22008060028;401614853;False;307-24-4;PFHxA;SpurenstoffeOrganisch;2008-06-05;2008
WASSER;GEW_RHEIN_IWB;47.56209433302646, 7.630371436664465;2614431;1267949;05.06.2008;08:00;STICHPROBE;202800;PFAS;Perfluornonansäure(PFNA);0.01;<0.010;;µg/L;12008060402;22008060028;401614858;False;375-95-1;PFNA;SpurenstoffeOrganisch;2008-06-05;2008
WASSER;GEW_RHEIN_IWB;47.56209433302646, 7.630371436664465;2614431;1267949;05.06.2008;08:00;STICHPROBE;202550;PFAS;Perfluorbutansulfonsäure(PFBS);0.01;<0.010;;µg/L;12008060402;22008060028;401614852;False;375-73-5;PFBS;SpurenstoffeOrganisch;2008-06-05;2008
WASSER;GEW_RHEIN_IWB;47.56209433302646, 7.630371436664465;2614431;1267949;05.06.2008;08:00;STICHPROBE;202575;PFAS;Perfluordekansäure(PFDA);0.01;<0.010;;µg/L;12008060402;22008060028;401614859;False;335-76-2;PFDA;SpurenstoffeOrganisch;2008-06-05;2008
WASSER;GEW_RHEIN_IWB;47.56209433302646, 7.630371436664465;2614431;1267949;05.06.2008;08:00;STICHPROBE;202950;PFAS;Perfluorpentansäure(PFPEA);0.01;<0.010;;µg/L;12008060402;22008060028;401614851;False;2706-90-3;PFPeA;SpurenstoffeOrganisch;2008-06-05;2008
WASSER;GEW_AUBACH_IN_DER_AU;47.58575070322978, 7.659170111406881;2616591;1270585;13.05.2008;14:20;STICHPROBE;202525;PFAS;Perfluorbutansäure(PFBA);0.01;<0.010;;µg/L;12008050502;22008050063;401600085;False;375-22-4;PFBA;SpurenstoffeOrganisch;2008-05-13;2008
WASSER;GEW_WIESE_GAERTNERSTR;47.58129766746938, 7.592810289179551;2611600;1270078;13.05.2008;08:55;STICHPROBE;202525;PFAS;Perfluorbutansäure(PFBA);0.01;<0.010;;µg/L;12008050502;22008050052;401599577;False;375-22-4;PFBA;SpurenstoffeOrganisch;2008-05-13;2008
WASSER;GEW_WIESE_GAERTNERSTR;47.58129766746938, 7.592810289179551;2611600;1270078;13.05.2008;08:55;STICHPROBE;202550;PFAS;Perfluorbutansulfonsäure(PFBS);0.01;<0.010;;µg/L;12008050502;22008050052;401599579;False;375-73-5;PFBS;SpurenstoffeOrganisch;2008-05-13;2008
WASSER;GEW_WIESE_GAERTNERSTR;47.58129766746938, 7.592810289179551;2611600;1270078;13.05.2008;08:55;STICHPROBE;202575;PFAS;Perfluordekansäure(PFDA);0.01;<0.010;;µg/L;12008050502;22008050052;401599586;False;335-76-2;PFDA;SpurenstoffeOrganisch;2008-05-13;2008
WASSER;GEW_AUBACH_IN_DER_AU;47.58575070322978, 7.659170111406881;2616591;1270585;13.05.2008;14:20;STICHPROBE;202625;PFAS;Perfluordodekansäure(PFDDA);0.01;<0.010;;µg/L;12008050502;22008050063;401600095;False;307-55-1;PFDoA;SpurenstoffeOrganisch;2008-05-13;2008
WASSER;GEW_WIESE_GAERTNERSTR;47.58129766746938, 7.592810289179551;2611600;1270078;13.05.2008;08:55;STICHPROBE;202750;PFAS;Perfluorhexansäure(PFHA);0.01;<0.010;;µg/L;12008050502;22008050052;401599580;False;307-24-4;PFHxA;SpurenstoffeOrganisch;2008-05-13;2008
WASSER;GEW_AUBACH_IN_DER_AU;47.58575070322978, 7.659170111406881;2616591;1270585;13.05.2008;14:20;STICHPROBE;202750;PFAS;Perfluorhexansäure(PFHA);0.01;<0.010;;µg/L;12008050502;22008050063;401600088;False;307-24-4;PFHxA;SpurenstoffeOrganisch;2008-05-13;2008
WASSER;GEW_AUBACH_IN_DER_AU;47.58575070322978, 7.659170111406881;2616591;1270585;13.05.2008;14:20;STICHPROBE;202925;PFAS;Perfluoroctansulfonsäure(PFOS);0.01;<0.010;;µg/L;12008050502;22008050063;401600092;False;1763-23-1;PFOS;SpurenstoffeOrganisch;2008-05-13;2008
WASSER;GEW_AUBACH_IN_DER_AU;47.58575070322978, 7.659170111406881;2616591;1270585;13.05.2008;14:20;STICHPROBE;202950;PFAS;Perfluorpentansäure(PFPEA);0.01;<0.010;;µg/L;12008050502;22008050063;401600086;False;2706-90-3;PFPeA;SpurenstoffeOrganisch;2008-05-13;2008
WASSER;GEW_WIESE_GAERTNERSTR;47.58129766746938, 7.592810289179551;2611600;1270078;13.05.2008;08:55;STICHPROBE;202675;PFAS;Perfluorheptansäure(PFHPA);0.01;<0.010;;µg/L;12008050502;22008050052;401599581;False;375-85-9;PFHpA;SpurenstoffeOrganisch;2008-05-13;2008
WASSER;GEW_WIESE_GAERTNERSTR;47.58129766746938, 7.592810289179551;2611600;1270078;13.05.2008;08:55;STICHPROBE;202775;PFAS;Perfluorhexansulfonsäure(PFHS);0.01;<0.010;;µg/L;12008050502;22008050052;401599582;False;355-46-4;PFHxS;SpurenstoffeOrganisch;2008-05-13;2008
WASSER;GEW_AUBACH_IN_DER_AU;47.58575070322978, 7.659170111406881;2616591;1270585;13.05.2008;14:20;STICHPROBE;202775;PFAS;Perfluorhexansulfonsäure(PFHS);0.01;<0.010;;µg/L;12008050502;22008050063;401600090;False;355-46-4;PFHxS;SpurenstoffeOrganisch;2008-05-13;2008
WASSER;GEW_WIESE_GAERTNERSTR;47.58129766746938, 7.592810289179551;2611600;1270078;13.05.2008;08:55;STICHPROBE;202875;PFAS;Perfluoroctansäure(PFOA);0.01;<0.010;;µg/L;12008050502;22008050052;401599583;False;335-67-1;PFOA;SpurenstoffeOrganisch;2008-05-13;2008
WASSER;GEW_WIESE_GAERTNERSTR;47.58129766746938, 7.592810289179551;2611600;1270078;13.05.2008;08:55;STICHPROBE;202950;PFAS;Perfluorpentansäure(PFPEA);0.01;<0.010;;µg/L;12008050502;22008050052;401599578;False;2706-90-3;PFPeA;SpurenstoffeOrganisch;2008-05-13;2008
WASSER;GEW_AUBACH_IN_DER_AU;47.58575070322978, 7.659170111406881;2616591;1270585;13.05.2008;14:20;STICHPROBE;202550;PFAS;Perfluorbutansulfonsäure(PFBS);0.01;<0.010;;µg/L;12008050502;22008050063;401600087;False;375-73-5;PFBS;SpurenstoffeOrganisch;2008-05-13;2008
WASSER;GEW_AUBACH_IN_DER_AU;47.58575070322978, 7.659170111406881;2616591;1270585;13.05.2008;14:20;STICHPROBE;202575;PFAS;Perfluordekansäure(PFDA);0.01;<0.010;;µg/L;12008050502;22008050063;401600094;False;335-76-2;PFDA;SpurenstoffeOrganisch;2008-05-13;2008
WASSER;GEW_WIESE_GAERTNERSTR;47.58129766746938, 7.592810289179551;2611600;1270078;13.05.2008;08:55;STICHPROBE;202625;PFAS;Perfluordodekansäure(PFDDA);0.01;<0.010;;µg/L;12008050502;22008050052;401599587;False;307-55-1;PFDoA;SpurenstoffeOrganisch;2008-05-13;2008
WASSER;GEW_AUBACH_IN_DER_AU;47.58575070322978, 7.659170111406881;2616591;1270585;13.05.2008;14:20;STICHPROBE;202675;PFAS;Perfluorheptansäure(PFHPA);0.01;<0.010;;µg/L;12008050502;22008050063;401600089;False;375-85-9;PFHpA;SpurenstoffeOrganisch;2008-05-13;2008
WASSER;GEW_WIESE_GAERTNERSTR;47.58129766746938, 7.592810289179551;2611600;1270078;13.05.2008;08:55;STICHPROBE;202800;PFAS;Perfluornonansäure(PFNA);0.01;<0.010;;µg/L;12008050502;22008050052;401599585;False;375-95-1;PFNA;SpurenstoffeOrganisch;2008-05-13;2008
WASSER;GEW_AUBACH_IN_DER_AU;47.58575070322978, 7.659170111406881;2616591;1270585;13.05.2008;14:20;STICHPROBE;202800;PFAS;Perfluornonansäure(PFNA);0.01;<0.010;;µg/L;12008050502;22008050063;401600093;False;375-95-1;PFNA;SpurenstoffeOrganisch;2008-05-13;2008
WASSER;GEW_AUBACH_IN_DER_AU;47.58575070322978, 7.659170111406881;2616591;1270585;13.05.2008;14:20;STICHPROBE;202875;PFAS;Perfluoroctansäure(PFOA);0.01;<0.010;;µg/L;12008050502;22008050063;401600091;False;335-67-1;PFOA;SpurenstoffeOrganisch;2008-05-13;2008
WASSER;GEW_WIESE_GAERTNERSTR;47.58129766746938, 7.592810289179551;2611600;1270078;13.05.2008;08:55;STICHPROBE;202925;PFAS;Perfluoroctansulfonsäure(PFOS);0.01;<0.010;;µg/L;12008050502;22008050052;401599584;False;1763-23-1;PFOS;SpurenstoffeOrganisch;2008-05-13;2008
WASSER;GEW_RHEIN_IWB;47.56209433302646, 7.630371436664465;2614431;1267949;06.05.2008;07:55;STICHPROBE;202550;PFAS;Perfluorbutansulfonsäure(PFBS);0.01;<0.010;;µg/L;12008050502;22008050012;401597953;False;375-73-5;PFBS;SpurenstoffeOrganisch;2008-05-06;2008
WASSER;GEW_RHEIN_IWB;47.56209433302646, 7.630371436664465;2614431;1267949;06.05.2008;07:55;STICHPROBE;202675;PFAS;Perfluorheptansäure(PFHPA);0.01;<0.010;;µg/L;12008050502;22008050012;401597950;False;375-85-9;PFHpA;SpurenstoffeOrganisch;2008-05-06;2008
WASSER;GEW_RHEIN_IWB;47.56209433302646, 7.630371436664465;2614431;1267949;06.05.2008;07:55;STICHPROBE;202925;PFAS;Perfluoroctansulfonsäure(PFOS);0.01;<0.010;;µg/L;12008050502;22008050012;401597955;False;1763-23-1;PFOS;SpurenstoffeOrganisch;2008-05-06;2008
WASSER;GEW_RHEIN_IWB;47.56209433302646, 7.630371436664465;2614431;1267949;06.05.2008;07:55;STICHPROBE;202750;PFAS;Perfluorhexansäure(PFHA);0.01;<0.010;;µg/L;12008050502;22008050012;401597949;False;307-24-4;PFHxA;SpurenstoffeOrganisch;2008-05-06;2008
WASSER;GEW_RHEIN_IWB;47.56209433302646, 7.630371436664465;2614431;1267949;06.05.2008;07:55;STICHPROBE;202775;PFAS;Perfluorhexansulfonsäure(PFHS);0.01;<0.010;;µg/L;12008050502;22008050012;401597954;False;355-46-4;PFHxS;SpurenstoffeOrganisch;2008-05-06;2008
WASSER;GEW_RHEIN_IWB;47.56209433302646, 7.630371436664465;2614431;1267949;06.05.2008;07:55;STICHPROBE;202800;PFAS;Perfluornonansäure(PFNA);0.01;<0.010;;µg/L;12008050502;22008050012;401597952;False;375-95-1;PFNA;SpurenstoffeOrganisch;2008-05-06;2008
WASSER;GEW_RHEIN_IWB;47.56209433302646, 7.630371436664465;2614431;1267949;06.05.2008;07:55;STICHPROBE;202875;PFAS;Perfluoroctansäure(PFOA);0.01;<0.010;;µg/L;12008050502;22008050012;401597951;False;335-67-1;PFOA;SpurenstoffeOrganisch;2008-05-06;2008
WASSER;GEW_RHEIN_IWB;47.56209433302646, 7.630371436664465;2614431;1267949;14.04.2008;08:15;STICHPROBE;202675;PFAS;Perfluorheptansäure(PFHPA);0.01;<0.010;;µg/L;12008041411;22008040141;401585401;False;375-85-9;PFHpA;SpurenstoffeOrganisch;2008-04-14;2008
WASSER;GEW_RHEIN_IWB;47.56209433302646, 7.630371436664465;2614431;1267949;14.04.2008;08:15;STICHPROBE;202750;PFAS;Perfluorhexansäure(PFHA);0.01;<0.010;;µg/L;12008041411;22008040141;401585400;False;307-24-4;PFHxA;SpurenstoffeOrganisch;2008-04-14;2008
WASSER;GEW_RHEIN_IWB;47.56209433302646, 7.630371436664465;2614431;1267949;14.04.2008;08:15;STICHPROBE;202550;PFAS;Perfluorbutansulfonsäure(PFBS);0.01;<0.010;;µg/L;12008041411;22008040141;401585404;False;375-73-5;PFBS;SpurenstoffeOrganisch;2008-04-14;2008
WASSER;GEW_RHEIN_IWB;47.56209433302646, 7.630371436664465;2614431;1267949;14.04.2008;08:15;STICHPROBE;202775;PFAS;Perfluorhexansulfonsäure(PFHS);0.01;<0.010;;µg/L;12008041411;22008040141;401585405;False;355-46-4;PFHxS;SpurenstoffeOrganisch;2008-04-14;2008
WASSER;GEW_RHEIN_IWB;47.56209433302646, 7.630371436664465;2614431;1267949;14.04.2008;08:15;STICHPROBE;202875;PFAS;Perfluoroctansäure(PFOA);0.01;<0.010;;µg/L;12008041411;22008040141;401585402;False;335-67-1;PFOA;SpurenstoffeOrganisch;2008-04-14;2008
WASSER;GEW_RHEIN_IWB;47.56209433302646, 7.630371436664465;2614431;1267949;14.04.2008;08:15;STICHPROBE;202925;PFAS;Perfluoroctansulfonsäure(PFOS);0.01;<0.010;;µg/L;12008041411;22008040141;401585406;False;1763-23-1;PFOS;SpurenstoffeOrganisch;2008-04-14;2008
WASSER;GEW_RHEIN_IWB;47.56209433302646, 7.630371436664465;2614431;1267949;14.04.2008;08:15;STICHPROBE;202800;PFAS;Perfluornonansäure(PFNA);0.01;<0.010;;µg/L;12008041411;22008040141;401585403;False;375-95-1;PFNA;SpurenstoffeOrganisch;2008-04-14;2008
WASSER;GEW_WIESE_GAERTNERSTR;47.58129766746938, 7.592810289179551;2611600;1270078;01.04.2008;09:30;STICHPROBE;202875;PFAS;Perfluoroctansäure(PFOA);0.01;<0.010;;µg/L;12008031202;22008030256;401579684;False;335-67-1;PFOA;SpurenstoffeOrganisch;2008-04-01;2008
WASSER;GEW_AUBACH_IN_DER_AU;47.58575070322978, 7.659170111406881;2616591;1270585;01.04.2008;14:30;STICHPROBE;202875;PFAS;Perfluoroctansäure(PFOA);0.01;<0.010;;µg/L;12008031202;22008030263;401580188;False;335-67-1;PFOA;SpurenstoffeOrganisch;2008-04-01;2008
WASSER;GEW_AUBACH_IN_DER_AU;47.58575070322978, 7.659170111406881;2616591;1270585;01.04.2008;14:30;STICHPROBE;202925;PFAS;Perfluoroctansulfonsäure(PFOS);0.01;<0.010;;µg/L;12008031202;22008030263;401580192;False;1763-23-1;PFOS;SpurenstoffeOrganisch;2008-04-01;2008
WASSER;GEW_WIESE_GAERTNERSTR;47.58129766746938, 7.592810289179551;2611600;1270078;01.04.2008;09:30;STICHPROBE;202775;PFAS;Perfluorhexansulfonsäure(PFHS);0.01;<0.010;;µg/L;12008031202;22008030256;401579687;False;355-46-4;PFHxS;SpurenstoffeOrganisch;2008-04-01;2008
WASSER;GEW_AUBACH_IN_DER_AU;47.58575070322978, 7.659170111406881;2616591;1270585;01.04.2008;14:30;STICHPROBE;202800;PFAS;Perfluornonansäure(PFNA);0.01;<0.010;;µg/L;12008031202;22008030263;401580189;False;375-95-1;PFNA;SpurenstoffeOrganisch;2008-04-01;2008
WASSER;GEW_WIESE_GAERTNERSTR;47.58129766746938, 7.592810289179551;2611600;1270078;01.04.2008;09:30;STICHPROBE;202550;PFAS;Perfluorbutansulfonsäure(PFBS);0.01;<0.010;;µg/L;12008031202;22008030256;401579686;False;375-73-5;PFBS;SpurenstoffeOrganisch;2008-04-01;2008
WASSER;GEW_WIESE_GAERTNERSTR;47.58129766746938, 7.592810289179551;2611600;1270078;01.04.2008;09:30;STICHPROBE;202675;PFAS;Perfluorheptansäure(PFHPA);0.01;<0.010;;µg/L;12008031202;22008030256;401579683;False;375-85-9;PFHpA;SpurenstoffeOrganisch;2008-04-01;2008
WASSER;GEW_AUBACH_IN_DER_AU;47.58575070322978, 7.659170111406881;2616591;1270585;01.04.2008;14:30;STICHPROBE;202675;PFAS;Perfluorheptansäure(PFHPA);0.01;<0.010;;µg/L;12008031202;22008030263;401580187;False;375-85-9;PFHpA;SpurenstoffeOrganisch;2008-04-01;2008
WASSER;GEW_AUBACH_IN_DER_AU;47.58575070322978, 7.659170111406881;2616591;1270585;01.04.2008;14:30;STICHPROBE;202750;PFAS;Perfluorhexansäure(PFHA);0.01;<0.010;;µg/L;12008031202;22008030263;401580186;False;307-24-4;PFHxA;SpurenstoffeOrganisch;2008-04-01;2008
WASSER;GEW_WIESE_GAERTNERSTR;47.58129766746938, 7.592810289179551;2611600;1270078;01.04.2008;09:30;STICHPROBE;202750;PFAS;Perfluorhexansäure(PFHA);0.01;<0.010;;µg/L;12008031202;22008030256;401579682;False;307-24-4;PFHxA;SpurenstoffeOrganisch;2008-04-01;2008
WASSER;GEW_WIESE_GAERTNERSTR;47.58129766746938, 7.592810289179551;2611600;1270078;01.04.2008;09:30;STICHPROBE;202800;PFAS;Perfluornonansäure(PFNA);0.01;<0.010;;µg/L;12008031202;22008030256;401579685;False;375-95-1;PFNA;SpurenstoffeOrganisch;2008-04-01;2008
WASSER;GEW_WIESE_GAERTNERSTR;47.58129766746938, 7.592810289179551;2611600;1270078;01.04.2008;09:30;STICHPROBE;202925;PFAS;Perfluoroctansulfonsäure(PFOS);0.01;<0.010;;µg/L;12008031202;22008030256;401579688;False;1763-23-1;PFOS;SpurenstoffeOrganisch;2008-04-01;2008
WASSER;GEW_AUBACH_IN_DER_AU;47.58575070322978, 7.659170111406881;2616591;1270585;01.04.2008;14:30;STICHPROBE;202550;PFAS;Perfluorbutansulfonsäure(PFBS);0.01;<0.010;;µg/L;12008031202;22008030263;401580190;False;375-73-5;PFBS;SpurenstoffeOrganisch;2008-04-01;2008
WASSER;GEW_AUBACH_IN_DER_AU;47.58575070322978, 7.659170111406881;2616591;1270585;01.04.2008;14:30;STICHPROBE;202775;PFAS;Perfluorhexansulfonsäure(PFHS);0.01;<0.010;;µg/L;12008031202;22008030263;401580191;False;355-46-4;PFHxS;SpurenstoffeOrganisch;2008-04-01;2008
WASSER;GEW_RHEIN_IWB;47.56209433302646, 7.630371436664465;2614431;1267949;13.03.2008;09:00;STICHPROBE;202550;PFAS;Perfluorbutansulfonsäure(PFBS);0.01;<0.010;;µg/L;12008031202;22008030114;401576004;False;375-73-5;PFBS;SpurenstoffeOrganisch;2008-03-13;2008
WASSER;GEW_RHEIN_IWB;47.56209433302646, 7.630371436664465;2614431;1267949;13.03.2008;09:00;STICHPROBE;202675;PFAS;Perfluorheptansäure(PFHPA);0.01;<0.010;;µg/L;12008031202;22008030114;401576001;False;375-85-9;PFHpA;SpurenstoffeOrganisch;2008-03-13;2008
WASSER;GEW_RHEIN_IWB;47.56209433302646, 7.630371436664465;2614431;1267949;13.03.2008;09:00;STICHPROBE;202775;PFAS;Perfluorhexansulfonsäure(PFHS);0.01;<0.010;;µg/L;12008031202;22008030114;401576005;False;355-46-4;PFHxS;SpurenstoffeOrganisch;2008-03-13;2008
WASSER;GEW_RHEIN_IWB;47.56209433302646, 7.630371436664465;2614431;1267949;13.03.2008;09:00;STICHPROBE;202800;PFAS;Perfluornonansäure(PFNA);0.01;<0.010;;µg/L;12008031202;22008030114;401576003;False;375-95-1;PFNA;SpurenstoffeOrganisch;2008-03-13;2008
WASSER;GEW_RHEIN_IWB;47.56209433302646, 7.630371436664465;2614431;1267949;13.03.2008;09:00;STICHPROBE;202875;PFAS;Perfluoroctansäure(PFOA);0.01;<0.010;;µg/L;12008031202;22008030114;401576002;False;335-67-1;PFOA;SpurenstoffeOrganisch;2008-03-13;2008
WASSER;GEW_RHEIN_IWB;47.56209433302646, 7.630371436664465;2614431;1267949;13.03.2008;09:00;STICHPROBE;202750;PFAS;Perfluorhexansäure(PFHA);0.01;<0.010;;µg/L;12008031202;22008030114;401576000;False;307-24-4;PFHxA;SpurenstoffeOrganisch;2008-03-13;2008
WASSER;GEW_RHEIN_IWB;47.56209433302646, 7.630371436664465;2614431;1267949;13.03.2008;09:00;STICHPROBE;202925;PFAS;Perfluoroctansulfonsäure(PFOS);0.01;<0.010;;µg/L;12008031202;22008030114;401576006;False;1763-23-1;PFOS;SpurenstoffeOrganisch;2008-03-13;2008
WASSER;GEW_RHEIN_IWB;47.56209433302646, 7.630371436664465;2614431;1267949;12.02.2008;09:30;STICHPROBE;202875;PFAS;Perfluoroctansäure(PFOA);0.005;<0.005;;µg/L;12008021102;22008020041;401565413;False;335-67-1;PFOA;SpurenstoffeOrganisch;2008-02-12;2008
WASSER;GEW_RHEIN_IWB;47.56209433302646, 7.630371436664465;2614431;1267949;12.02.2008;09:30;STICHPROBE;202800;PFAS;Perfluornonansäure(PFNA);0.005;<0.005;;µg/L;12008021102;22008020041;401565414;False;375-95-1;PFNA;SpurenstoffeOrganisch;2008-02-12;2008
WASSER;GEW_RHEIN_IWB;47.56209433302646, 7.630371436664465;2614431;1267949;12.02.2008;09:30;STICHPROBE;202925;PFAS;Perfluoroctansulfonsäure(PFOS);0.005;<0.005;;µg/L;12008021102;22008020041;401565417;False;1763-23-1;PFOS;SpurenstoffeOrganisch;2008-02-12;2008
WASSER;GEW_RHEIN_IWB;47.56209433302646, 7.630371436664465;2614431;1267949;12.02.2008;09:30;STICHPROBE;202550;PFAS;Perfluorbutansulfonsäure(PFBS);0.005;<0.005;;µg/L;12008021102;22008020041;401565415;False;375-73-5;PFBS;SpurenstoffeOrganisch;2008-02-12;2008
WASSER;GEW_RHEIN_IWB;47.56209433302646, 7.630371436664465;2614431;1267949;12.02.2008;09:30;STICHPROBE;202675;PFAS;Perfluorheptansäure(PFHPA);0.005;<0.005;;µg/L;12008021102;22008020041;401565412;False;375-85-9;PFHpA;SpurenstoffeOrganisch;2008-02-12;2008
WASSER;GEW_RHEIN_IWB;47.56209433302646, 7.630371436664465;2614431;1267949;12.02.2008;09:30;STICHPROBE;202750;PFAS;Perfluorhexansäure(PFHA);0.005;<0.005;;µg/L;12008021102;22008020041;401565411;False;307-24-4;PFHxA;SpurenstoffeOrganisch;2008-02-12;2008
WASSER;GEW_RHEIN_IWB;47.56209433302646, 7.630371436664465;2614431;1267949;12.02.2008;09:30;STICHPROBE;202775;PFAS;Perfluorhexansulfonsäure(PFHS);0.005;<0.005;;µg/L;12008021102;22008020041;401565416;False;355-46-4;PFHxS;SpurenstoffeOrganisch;2008-02-12;2008
WASSER;GEW_RHEIN_IWB;47.56209433302646, 7.630371436664465;2614431;1267949;18.01.2008;09:00;STICHPROBE;202775;PFAS;Perfluorhexansulfonsäure(PFHS);0.005;<0.005;;µg/L;12008011706;22008010308;401560595;False;355-46-4;PFHxS;SpurenstoffeOrganisch;2008-01-18;2008
WASSER;GEW_RHEIN_IWB;47.56209433302646, 7.630371436664465;2614431;1267949;18.01.2008;09:00;STICHPROBE;202550;PFAS;Perfluorbutansulfonsäure(PFBS);0.005;<0.005;;µg/L;12008011706;22008010308;401560594;False;375-73-5;PFBS;SpurenstoffeOrganisch;2008-01-18;2008
WASSER;GEW_RHEIN_IWB;47.56209433302646, 7.630371436664465;2614431;1267949;18.01.2008;09:00;STICHPROBE;202750;PFAS;Perfluorhexansäure(PFHA);0.005;<0.005;;µg/L;12008011706;22008010308;401560590;False;307-24-4;PFHxA;SpurenstoffeOrganisch;2008-01-18;2008
WASSER;GEW_RHEIN_IWB;47.56209433302646, 7.630371436664465;2614431;1267949;18.01.2008;09:00;STICHPROBE;202800;PFAS;Perfluornonansäure(PFNA);0.005;<0.005;;µg/L;12008011706;22008010308;401560593;False;375-95-1;PFNA;SpurenstoffeOrganisch;2008-01-18;2008
WASSER;GEW_RHEIN_IWB;47.56209433302646, 7.630371436664465;2614431;1267949;18.01.2008;09:00;STICHPROBE;202875;PFAS;Perfluoroctansäure(PFOA);0.005;<0.005;;µg/L;12008011706;22008010308;401560592;False;335-67-1;PFOA;SpurenstoffeOrganisch;2008-01-18;2008
WASSER;GEW_RHEIN_IWB;47.56209433302646, 7.630371436664465;2614431;1267949;18.01.2008;09:00;STICHPROBE;202925;PFAS;Perfluoroctansulfonsäure(PFOS);0.005;<0.005;;µg/L;12008011706;22008010308;401560596;False;1763-23-1;PFOS;SpurenstoffeOrganisch;2008-01-18;2008
WASSER;GEW_RHEIN_IWB;47.56209433302646, 7.630371436664465;2614431;1267949;18.01.2008;09:00;STICHPROBE;202675;PFAS;Perfluorheptansäure(PFHPA);0.005;<0.005;;µg/L;12008011706;22008010308;401560591;False;375-85-9;PFHpA;SpurenstoffeOrganisch;2008-01-18;2008
